offer_id,load_id,date,lane,equipment_type,carrier_id,offered_buy_rate,accepted,sell_rate,currency
O0-C001-0,,2026-06-15,Jeddah Islamic Port → Riyadh,Flatbed,C001,2905,false,3980,SAR
O0-C001-1,,2026-08-24,Jeddah Islamic Port → Riyadh,Flatbed,C001,2905,true,4000,SAR
O0-C001-2,,2026-08-10,Jeddah Islamic Port → Riyadh,Flatbed,C001,2980,false,4120,SAR
O0-C001-3,,2026-07-26,Jeddah Islamic Port → Riyadh,Flatbed,C001,2965,false,3985,SAR
O0-C001-4,,2026-08-24,Jeddah Islamic Port → Riyadh,Flatbed,C001,2900,true,4110,SAR
O0-C001-5,,2026-08-25,Jeddah Islamic Port → Riyadh,Flatbed,C001,2905,false,3990,SAR
O0-C001-6,,2026-07-06,Jeddah Islamic Port → Riyadh,Flatbed,C001,2960,true,3975,SAR
O0-C001-7,,2026-08-19,Jeddah Islamic Port → Riyadh,Flatbed,C001,3010,false,4005,SAR
O0-C001-8,,2026-08-19,Jeddah Islamic Port → Riyadh,Flatbed,C001,2915,true,3990,SAR
O0-C001-9,,2026-07-02,Jeddah Islamic Port → Riyadh,Flatbed,C001,2910,true,4130,SAR
O0-C001-10,,2026-08-17,Jeddah Islamic Port → Riyadh,Flatbed,C001,2920,false,4005,SAR
O0-C001-11,,2026-08-17,Jeddah Islamic Port → Riyadh,Flatbed,C001,2975,false,4090,SAR
O0-C001-12,,2026-08-04,Jeddah Islamic Port → Riyadh,Flatbed,C001,2920,false,4120,SAR
O0-C001-13,,2026-08-27,Jeddah Islamic Port → Riyadh,Flatbed,C001,3005,false,4080,SAR
O0-C001-14,,2026-08-15,Jeddah Islamic Port → Riyadh,Flatbed,C001,2935,false,4010,SAR
O0-C001-15,,2026-07-13,Jeddah Islamic Port → Riyadh,Flatbed,C001,2980,false,4025,SAR
O0-C001-16,,2026-07-31,Jeddah Islamic Port → Riyadh,Flatbed,C001,3230,true,4080,SAR
O0-C001-17,,2026-09-01,Jeddah Islamic Port → Riyadh,Flatbed,C001,3220,true,4095,SAR
O0-C001-18,,2026-08-20,Jeddah Islamic Port → Riyadh,Flatbed,C001,3185,true,3985,SAR
O0-C001-19,,2026-08-02,Jeddah Islamic Port → Riyadh,Flatbed,C001,3185,true,4100,SAR
O0-C001-20,,2026-08-18,Jeddah Islamic Port → Riyadh,Flatbed,C001,3150,true,4130,SAR
O0-C001-21,,2026-08-09,Jeddah Islamic Port → Riyadh,Flatbed,C001,3180,true,3980,SAR
O0-C001-22,,2026-07-28,Jeddah Islamic Port → Riyadh,Flatbed,C001,3210,true,4000,SAR
O0-C001-23,,2026-08-29,Jeddah Islamic Port → Riyadh,Flatbed,C001,3230,true,4040,SAR
O0-C001-24,,2026-09-03,Jeddah Islamic Port → Riyadh,Flatbed,C001,3235,true,3985,SAR
O0-C001-25,,2026-07-15,Jeddah Islamic Port → Riyadh,Flatbed,C001,3170,true,4020,SAR
O0-C001-26,,2026-08-09,Jeddah Islamic Port → Riyadh,Flatbed,C001,3210,true,3995,SAR
O0-C001-27,,2026-08-15,Jeddah Islamic Port → Riyadh,Flatbed,C001,3225,false,3950,SAR
O0-C001-28,,2026-06-17,Jeddah Islamic Port → Riyadh,Flatbed,C001,3230,true,4090,SAR
O0-C001-29,,2026-09-05,Jeddah Islamic Port → Riyadh,Flatbed,C001,3170,true,4085,SAR
O0-C001-30,,2026-08-11,Jeddah Islamic Port → Riyadh,Flatbed,C001,3250,true,4095,SAR
O0-C001-31,,2026-06-29,Jeddah Islamic Port → Riyadh,Flatbed,C001,3245,true,4070,SAR
O0-C001-32,,2026-08-26,Jeddah Islamic Port → Riyadh,Flatbed,C001,3185,true,4090,SAR
O0-C001-33,,2026-08-18,Jeddah Islamic Port → Riyadh,Flatbed,C001,3185,false,4020,SAR
O0-C001-34,,2026-07-01,Jeddah Islamic Port → Riyadh,Flatbed,C001,3160,true,4085,SAR
O0-C001-35,,2026-08-15,Jeddah Islamic Port → Riyadh,Flatbed,C001,3180,true,4130,SAR
O0-C001-36,,2026-08-26,Jeddah Islamic Port → Riyadh,Flatbed,C001,3230,true,3985,SAR
O0-C001-37,,2026-07-09,Jeddah Islamic Port → Riyadh,Flatbed,C001,3210,true,4000,SAR
O0-C001-38,,2026-08-19,Jeddah Islamic Port → Riyadh,Flatbed,C001,3230,true,4065,SAR
O0-C001-39,,2026-08-10,Jeddah Islamic Port → Riyadh,Flatbed,C001,3195,true,4045,SAR
O0-C001-40,,2026-07-08,Jeddah Islamic Port → Riyadh,Flatbed,C001,3150,true,3985,SAR
O0-C001-41,,2026-08-22,Jeddah Islamic Port → Riyadh,Flatbed,C001,3170,true,4025,SAR
O0-C001-42,,2026-08-25,Jeddah Islamic Port → Riyadh,Flatbed,C001,3200,false,3960,SAR
O0-C001-43,,2026-07-15,Jeddah Islamic Port → Riyadh,Flatbed,C001,3205,true,4125,SAR
O0-C001-44,,2026-08-27,Jeddah Islamic Port → Riyadh,Flatbed,C001,3155,true,3955,SAR
O0-C001-45,,2026-09-05,Jeddah Islamic Port → Riyadh,Flatbed,C001,3200,true,4120,SAR
O0-C001-46,,2026-06-18,Jeddah Islamic Port → Riyadh,Flatbed,C001,3240,true,4080,SAR
O0-C001-47,,2026-08-10,Jeddah Islamic Port → Riyadh,Flatbed,C001,3185,true,4050,SAR
O0-C001-48,,2026-07-10,Jeddah Islamic Port → Riyadh,Flatbed,C001,3550,true,4075,SAR
O0-C001-49,,2026-08-19,Jeddah Islamic Port → Riyadh,Flatbed,C001,3450,true,3965,SAR
O0-C001-50,,2026-08-29,Jeddah Islamic Port → Riyadh,Flatbed,C001,3395,false,4050,SAR
O0-C001-51,,2026-07-22,Jeddah Islamic Port → Riyadh,Flatbed,C001,3500,true,3975,SAR
O0-C001-52,,2026-08-20,Jeddah Islamic Port → Riyadh,Flatbed,C001,3335,true,3955,SAR
O0-C001-53,,2026-08-20,Jeddah Islamic Port → Riyadh,Flatbed,C001,3510,true,4050,SAR
O0-C001-54,,2026-07-06,Jeddah Islamic Port → Riyadh,Flatbed,C001,3500,true,4015,SAR
O0-C001-55,,2026-08-09,Jeddah Islamic Port → Riyadh,Flatbed,C001,3345,true,3965,SAR
O0-C001-56,,2026-08-27,Jeddah Islamic Port → Riyadh,Flatbed,C001,3340,true,4085,SAR
O0-C001-57,,2026-06-27,Jeddah Islamic Port → Riyadh,Flatbed,C001,3485,true,4075,SAR
O0-C001-58,,2026-09-05,Jeddah Islamic Port → Riyadh,Flatbed,C001,3345,true,3975,SAR
O0-C001-59,,2026-09-02,Jeddah Islamic Port → Riyadh,Flatbed,C001,3350,true,4035,SAR
O0-C001-60,,2026-07-23,Jeddah Islamic Port → Riyadh,Flatbed,C001,3555,true,3970,SAR
O0-C001-61,,2026-08-26,Jeddah Islamic Port → Riyadh,Flatbed,C001,3370,true,4070,SAR
O0-C001-62,,2026-08-26,Jeddah Islamic Port → Riyadh,Flatbed,C001,3475,true,3970,SAR
O0-C001-63,,2026-07-23,Jeddah Islamic Port → Riyadh,Flatbed,C001,3360,true,3975,SAR
O0-C002-0,,2026-07-29,Jeddah Islamic Port → Riyadh,Flatbed,C002,2960,true,4120,SAR
O0-C002-1,,2026-08-19,Jeddah Islamic Port → Riyadh,Flatbed,C002,3000,false,4125,SAR
O0-C002-2,,2026-09-01,Jeddah Islamic Port → Riyadh,Flatbed,C002,2920,false,3975,SAR
O0-C002-3,,2026-07-01,Jeddah Islamic Port → Riyadh,Flatbed,C002,2900,false,4100,SAR
O0-C002-4,,2026-08-17,Jeddah Islamic Port → Riyadh,Flatbed,C002,2970,true,4035,SAR
O0-C002-5,,2026-08-24,Jeddah Islamic Port → Riyadh,Flatbed,C002,2935,false,4130,SAR
O0-C002-6,,2026-06-17,Jeddah Islamic Port → Riyadh,Flatbed,C002,3000,false,4130,SAR
O0-C002-7,,2026-09-02,Jeddah Islamic Port → Riyadh,Flatbed,C002,2960,true,4110,SAR
O0-C002-8,,2026-08-24,Jeddah Islamic Port → Riyadh,Flatbed,C002,2915,true,4100,SAR
O0-C002-9,,2026-07-13,Jeddah Islamic Port → Riyadh,Flatbed,C002,2925,false,4090,SAR
O0-C002-10,,2026-08-24,Jeddah Islamic Port → Riyadh,Flatbed,C002,2915,true,4100,SAR
O0-C002-11,,2026-08-12,Jeddah Islamic Port → Riyadh,Flatbed,C002,2995,false,4075,SAR
O0-C002-12,,2026-07-01,Jeddah Islamic Port → Riyadh,Flatbed,C002,2930,false,4000,SAR
O0-C002-13,,2026-08-09,Jeddah Islamic Port → Riyadh,Flatbed,C002,2985,false,4085,SAR
O0-C002-14,,2026-08-11,Jeddah Islamic Port → Riyadh,Flatbed,C002,2965,false,4080,SAR
O0-C002-15,,2026-08-01,Jeddah Islamic Port → Riyadh,Flatbed,C002,2970,false,3990,SAR
O0-C002-16,,2026-07-04,Jeddah Islamic Port → Riyadh,Flatbed,C002,3235,true,4105,SAR
O0-C002-17,,2026-08-17,Jeddah Islamic Port → Riyadh,Flatbed,C002,3145,true,4060,SAR
O0-C002-18,,2026-08-17,Jeddah Islamic Port → Riyadh,Flatbed,C002,3205,true,4025,SAR
O0-C002-19,,2026-06-11,Jeddah Islamic Port → Riyadh,Flatbed,C002,3195,true,3995,SAR
O0-C002-20,,2026-08-14,Jeddah Islamic Port → Riyadh,Flatbed,C002,3200,true,4060,SAR
O0-C002-21,,2026-08-27,Jeddah Islamic Port → Riyadh,Flatbed,C002,3185,false,4125,SAR
O0-C002-22,,2026-08-06,Jeddah Islamic Port → Riyadh,Flatbed,C002,3225,true,4100,SAR
O0-C002-23,,2026-09-04,Jeddah Islamic Port → Riyadh,Flatbed,C002,3160,true,4075,SAR
O0-C002-24,,2026-08-12,Jeddah Islamic Port → Riyadh,Flatbed,C002,3185,true,4090,SAR
O0-C002-25,,2026-06-14,Jeddah Islamic Port → Riyadh,Flatbed,C002,3180,true,4060,SAR
O0-C002-26,,2026-08-29,Jeddah Islamic Port → Riyadh,Flatbed,C002,3150,true,4095,SAR
O0-C002-27,,2026-09-03,Jeddah Islamic Port → Riyadh,Flatbed,C002,3165,true,4015,SAR
O0-C002-28,,2026-06-12,Jeddah Islamic Port → Riyadh,Flatbed,C002,3220,true,3950,SAR
O0-C002-29,,2026-09-01,Jeddah Islamic Port → Riyadh,Flatbed,C002,3135,true,4060,SAR
O0-C002-30,,2026-08-17,Jeddah Islamic Port → Riyadh,Flatbed,C002,3160,true,4065,SAR
O0-C002-31,,2026-06-12,Jeddah Islamic Port → Riyadh,Flatbed,C002,3225,true,4100,SAR
O0-C002-32,,2026-09-01,Jeddah Islamic Port → Riyadh,Flatbed,C002,3135,true,4110,SAR
O0-C002-33,,2026-08-17,Jeddah Islamic Port → Riyadh,Flatbed,C002,3235,true,3955,SAR
O0-C002-34,,2026-06-30,Jeddah Islamic Port → Riyadh,Flatbed,C002,3150,true,3965,SAR
O0-C002-35,,2026-08-16,Jeddah Islamic Port → Riyadh,Flatbed,C002,3140,true,4100,SAR
O0-C002-36,,2026-08-21,Jeddah Islamic Port → Riyadh,Flatbed,C002,3230,true,4035,SAR
O0-C002-37,,2026-06-10,Jeddah Islamic Port → Riyadh,Flatbed,C002,3140,true,4110,SAR
O0-C002-38,,2026-08-28,Jeddah Islamic Port → Riyadh,Flatbed,C002,3180,false,4105,SAR
O0-C002-39,,2026-09-04,Jeddah Islamic Port → Riyadh,Flatbed,C002,3215,true,4030,SAR
O0-C002-40,,2026-06-18,Jeddah Islamic Port → Riyadh,Flatbed,C002,3145,true,3990,SAR
O0-C002-41,,2026-08-14,Jeddah Islamic Port → Riyadh,Flatbed,C002,3215,true,4055,SAR
O0-C002-42,,2026-08-31,Jeddah Islamic Port → Riyadh,Flatbed,C002,3175,true,4060,SAR
O0-C002-43,,2026-06-14,Jeddah Islamic Port → Riyadh,Flatbed,C002,3150,true,4065,SAR
O0-C002-44,,2026-08-25,Jeddah Islamic Port → Riyadh,Flatbed,C002,3150,true,4015,SAR
O0-C002-45,,2026-08-12,Jeddah Islamic Port → Riyadh,Flatbed,C002,3130,true,4070,SAR
O0-C002-46,,2026-06-28,Jeddah Islamic Port → Riyadh,Flatbed,C002,3190,true,4070,SAR
O0-C002-47,,2026-08-10,Jeddah Islamic Port → Riyadh,Flatbed,C002,3160,true,4130,SAR
O0-C002-48,,2026-07-20,Jeddah Islamic Port → Riyadh,Flatbed,C002,3375,true,4015,SAR
O0-C002-49,,2026-09-05,Jeddah Islamic Port → Riyadh,Flatbed,C002,3535,true,3960,SAR
O0-C002-50,,2026-08-29,Jeddah Islamic Port → Riyadh,Flatbed,C002,3440,true,4025,SAR
O0-C002-51,,2026-07-06,Jeddah Islamic Port → Riyadh,Flatbed,C002,3370,true,3965,SAR
O0-C002-52,,2026-08-23,Jeddah Islamic Port → Riyadh,Flatbed,C002,3365,true,4105,SAR
O0-C002-53,,2026-08-27,Jeddah Islamic Port → Riyadh,Flatbed,C002,3485,true,4120,SAR
O0-C002-54,,2026-08-01,Jeddah Islamic Port → Riyadh,Flatbed,C002,3480,true,4100,SAR
O0-C002-55,,2026-08-30,Jeddah Islamic Port → Riyadh,Flatbed,C002,3355,true,4010,SAR
O0-C002-56,,2026-08-21,Jeddah Islamic Port → Riyadh,Flatbed,C002,3475,true,4080,SAR
O0-C002-57,,2026-07-28,Jeddah Islamic Port → Riyadh,Flatbed,C002,3410,true,4015,SAR
O0-C002-58,,2026-08-29,Jeddah Islamic Port → Riyadh,Flatbed,C002,3530,true,4100,SAR
O0-C002-59,,2026-08-20,Jeddah Islamic Port → Riyadh,Flatbed,C002,3415,true,3975,SAR
O0-C002-60,,2026-07-24,Jeddah Islamic Port → Riyadh,Flatbed,C002,3475,false,4030,SAR
O0-C002-61,,2026-09-01,Jeddah Islamic Port → Riyadh,Flatbed,C002,3505,true,4130,SAR
O0-C002-62,,2026-09-06,Jeddah Islamic Port → Riyadh,Flatbed,C002,3545,true,4125,SAR
O0-C002-63,,2026-07-09,Jeddah Islamic Port → Riyadh,Flatbed,C002,3480,true,4105,SAR
O0-C003-0,,2026-06-17,Jeddah Islamic Port → Riyadh,Flatbed,C003,2965,false,3990,SAR
O0-C003-1,,2026-08-29,Jeddah Islamic Port → Riyadh,Flatbed,C003,3015,false,4035,SAR
O0-C003-2,,2026-08-24,Jeddah Islamic Port → Riyadh,Flatbed,C003,2950,true,3995,SAR
O0-C003-3,,2026-06-20,Jeddah Islamic Port → Riyadh,Flatbed,C003,2950,false,4025,SAR
O0-C003-4,,2026-09-02,Jeddah Islamic Port → Riyadh,Flatbed,C003,3035,false,4060,SAR
O0-C003-5,,2026-08-24,Jeddah Islamic Port → Riyadh,Flatbed,C003,2950,true,4070,SAR
O0-C003-6,,2026-07-20,Jeddah Islamic Port → Riyadh,Flatbed,C003,3020,false,4030,SAR
O0-C003-7,,2026-08-17,Jeddah Islamic Port → Riyadh,Flatbed,C003,3010,false,4095,SAR
O0-C003-8,,2026-08-19,Jeddah Islamic Port → Riyadh,Flatbed,C003,3035,false,4075,SAR
O0-C003-9,,2026-06-18,Jeddah Islamic Port → Riyadh,Flatbed,C003,3010,false,3955,SAR
O0-C003-10,,2026-09-06,Jeddah Islamic Port → Riyadh,Flatbed,C003,2940,true,3995,SAR
O0-C003-11,,2026-09-01,Jeddah Islamic Port → Riyadh,Flatbed,C003,3005,false,4030,SAR
O0-C003-12,,2026-06-12,Jeddah Islamic Port → Riyadh,Flatbed,C003,3030,false,4120,SAR
O0-C003-13,,2026-08-19,Jeddah Islamic Port → Riyadh,Flatbed,C003,2990,true,4065,SAR
O0-C003-14,,2026-08-21,Jeddah Islamic Port → Riyadh,Flatbed,C003,2975,true,4055,SAR
O0-C003-15,,2026-07-09,Jeddah Islamic Port → Riyadh,Flatbed,C003,2970,false,3965,SAR
O0-C003-16,,2026-07-09,Jeddah Islamic Port → Riyadh,Flatbed,C003,3180,true,3990,SAR
O0-C003-17,,2026-08-17,Jeddah Islamic Port → Riyadh,Flatbed,C003,3210,true,4005,SAR
O0-C003-18,,2026-08-30,Jeddah Islamic Port → Riyadh,Flatbed,C003,3255,true,3995,SAR
O0-C003-19,,2026-07-24,Jeddah Islamic Port → Riyadh,Flatbed,C003,3245,true,4100,SAR
O0-C003-20,,2026-08-14,Jeddah Islamic Port → Riyadh,Flatbed,C003,3215,true,3950,SAR
O0-C003-21,,2026-08-27,Jeddah Islamic Port → Riyadh,Flatbed,C003,3250,true,4125,SAR
O0-C003-22,,2026-07-23,Jeddah Islamic Port → Riyadh,Flatbed,C003,3220,true,3980,SAR
O0-C003-23,,2026-08-11,Jeddah Islamic Port → Riyadh,Flatbed,C003,3180,true,4105,SAR
O0-C003-24,,2026-08-14,Jeddah Islamic Port → Riyadh,Flatbed,C003,3235,true,4090,SAR
O0-C003-25,,2026-06-19,Jeddah Islamic Port → Riyadh,Flatbed,C003,3275,true,4045,SAR
O0-C003-26,,2026-08-14,Jeddah Islamic Port → Riyadh,Flatbed,C003,3170,true,4050,SAR
O0-C003-27,,2026-08-21,Jeddah Islamic Port → Riyadh,Flatbed,C003,3225,true,4040,SAR
O0-C003-28,,2026-07-11,Jeddah Islamic Port → Riyadh,Flatbed,C003,3235,true,4000,SAR
O0-C003-29,,2026-08-17,Jeddah Islamic Port → Riyadh,Flatbed,C003,3275,true,4060,SAR
O0-C003-30,,2026-08-09,Jeddah Islamic Port → Riyadh,Flatbed,C003,3225,true,4110,SAR
O0-C003-31,,2026-06-22,Jeddah Islamic Port → Riyadh,Flatbed,C003,3175,false,4105,SAR
O0-C003-32,,2026-08-26,Jeddah Islamic Port → Riyadh,Flatbed,C003,3175,true,4080,SAR
O0-C003-33,,2026-08-10,Jeddah Islamic Port → Riyadh,Flatbed,C003,3240,true,4105,SAR
O0-C003-34,,2026-08-05,Jeddah Islamic Port → Riyadh,Flatbed,C003,3230,true,4115,SAR
O0-C003-35,,2026-08-27,Jeddah Islamic Port → Riyadh,Flatbed,C003,3225,false,3960,SAR
O0-C003-36,,2026-09-03,Jeddah Islamic Port → Riyadh,Flatbed,C003,3235,true,4055,SAR
O0-C003-37,,2026-07-16,Jeddah Islamic Port → Riyadh,Flatbed,C003,3175,true,4065,SAR
O0-C003-38,,2026-09-03,Jeddah Islamic Port → Riyadh,Flatbed,C003,3255,true,4040,SAR
O0-C003-39,,2026-08-30,Jeddah Islamic Port → Riyadh,Flatbed,C003,3265,true,4005,SAR
O0-C003-40,,2026-06-10,Jeddah Islamic Port → Riyadh,Flatbed,C003,3270,true,3975,SAR
O0-C003-41,,2026-08-28,Jeddah Islamic Port → Riyadh,Flatbed,C003,3185,true,3955,SAR
O0-C003-42,,2026-08-10,Jeddah Islamic Port → Riyadh,Flatbed,C003,3200,true,3960,SAR
O0-C003-43,,2026-07-31,Jeddah Islamic Port → Riyadh,Flatbed,C003,3175,true,4070,SAR
O0-C003-44,,2026-09-04,Jeddah Islamic Port → Riyadh,Flatbed,C003,3230,true,4050,SAR
O0-C003-45,,2026-08-26,Jeddah Islamic Port → Riyadh,Flatbed,C003,3200,true,4050,SAR
O0-C003-46,,2026-06-15,Jeddah Islamic Port → Riyadh,Flatbed,C003,3175,true,3965,SAR
O0-C003-47,,2026-09-03,Jeddah Islamic Port → Riyadh,Flatbed,C003,3255,true,4015,SAR
O0-C003-48,,2026-06-28,Jeddah Islamic Port → Riyadh,Flatbed,C003,3390,true,3960,SAR
O0-C003-49,,2026-09-03,Jeddah Islamic Port → Riyadh,Flatbed,C003,3405,false,4130,SAR
O0-C003-50,,2026-08-30,Jeddah Islamic Port → Riyadh,Flatbed,C003,3480,true,3960,SAR
O0-C003-51,,2026-07-22,Jeddah Islamic Port → Riyadh,Flatbed,C003,3445,true,3975,SAR
O0-C003-52,,2026-08-14,Jeddah Islamic Port → Riyadh,Flatbed,C003,3450,true,4070,SAR
O0-C003-53,,2026-08-24,Jeddah Islamic Port → Riyadh,Flatbed,C003,3495,true,4030,SAR
O0-C003-54,,2026-07-10,Jeddah Islamic Port → Riyadh,Flatbed,C003,3435,true,4045,SAR
O0-C003-55,,2026-09-06,Jeddah Islamic Port → Riyadh,Flatbed,C003,3490,true,3995,SAR
O0-C003-56,,2026-08-26,Jeddah Islamic Port → Riyadh,Flatbed,C003,3520,true,4055,SAR
O0-C003-57,,2026-06-15,Jeddah Islamic Port → Riyadh,Flatbed,C003,3515,true,4080,SAR
O0-C003-58,,2026-08-23,Jeddah Islamic Port → Riyadh,Flatbed,C003,3500,true,4105,SAR
O0-C003-59,,2026-09-02,Jeddah Islamic Port → Riyadh,Flatbed,C003,3365,true,4100,SAR
O0-C003-60,,2026-07-23,Jeddah Islamic Port → Riyadh,Flatbed,C003,3570,true,4085,SAR
O0-C003-61,,2026-08-31,Jeddah Islamic Port → Riyadh,Flatbed,C003,3505,true,4060,SAR
O0-C003-62,,2026-09-05,Jeddah Islamic Port → Riyadh,Flatbed,C003,3575,true,4095,SAR
O0-C003-63,,2026-07-17,Jeddah Islamic Port → Riyadh,Flatbed,C003,3365,true,4045,SAR
O0-C004-0,,2026-06-27,Jeddah Islamic Port → Riyadh,Flatbed,C004,2935,false,4035,SAR
O0-C004-1,,2026-08-16,Jeddah Islamic Port → Riyadh,Flatbed,C004,2910,true,4040,SAR
O0-C004-2,,2026-08-14,Jeddah Islamic Port → Riyadh,Flatbed,C004,2945,true,3990,SAR
O0-C004-3,,2026-07-11,Jeddah Islamic Port → Riyadh,Flatbed,C004,2945,false,4055,SAR
O0-C004-4,,2026-08-19,Jeddah Islamic Port → Riyadh,Flatbed,C004,3005,true,4110,SAR
O0-C004-5,,2026-09-03,Jeddah Islamic Port → Riyadh,Flatbed,C004,2970,true,4025,SAR
O0-C004-6,,2026-07-23,Jeddah Islamic Port → Riyadh,Flatbed,C004,2965,false,3965,SAR
O0-C004-7,,2026-09-03,Jeddah Islamic Port → Riyadh,Flatbed,C004,2905,false,4090,SAR
O0-C004-8,,2026-08-30,Jeddah Islamic Port → Riyadh,Flatbed,C004,2935,false,4035,SAR
O0-C004-9,,2026-07-04,Jeddah Islamic Port → Riyadh,Flatbed,C004,2990,false,4070,SAR
O0-C004-10,,2026-08-22,Jeddah Islamic Port → Riyadh,Flatbed,C004,2915,false,3975,SAR
O0-C004-11,,2026-08-23,Jeddah Islamic Port → Riyadh,Flatbed,C004,2945,false,3990,SAR
O0-C004-12,,2026-08-01,Jeddah Islamic Port → Riyadh,Flatbed,C004,2955,false,4065,SAR
O0-C004-13,,2026-08-23,Jeddah Islamic Port → Riyadh,Flatbed,C004,2935,true,3965,SAR
O0-C004-14,,2026-08-22,Jeddah Islamic Port → Riyadh,Flatbed,C004,2995,false,3970,SAR
O0-C004-15,,2026-06-18,Jeddah Islamic Port → Riyadh,Flatbed,C004,2965,false,3955,SAR
O0-C004-16,,2026-06-11,Jeddah Islamic Port → Riyadh,Flatbed,C004,3155,true,4010,SAR
O0-C004-17,,2026-08-29,Jeddah Islamic Port → Riyadh,Flatbed,C004,3170,true,4090,SAR
O0-C004-18,,2026-09-06,Jeddah Islamic Port → Riyadh,Flatbed,C004,3155,true,4045,SAR
O0-C004-19,,2026-08-01,Jeddah Islamic Port → Riyadh,Flatbed,C004,3230,true,4035,SAR
O0-C004-20,,2026-08-27,Jeddah Islamic Port → Riyadh,Flatbed,C004,3145,true,3980,SAR
O0-C004-21,,2026-08-11,Jeddah Islamic Port → Riyadh,Flatbed,C004,3200,true,4095,SAR
O0-C004-22,,2026-06-19,Jeddah Islamic Port → Riyadh,Flatbed,C004,3195,true,4030,SAR
O0-C004-23,,2026-08-18,Jeddah Islamic Port → Riyadh,Flatbed,C004,3145,true,4030,SAR
O0-C004-24,,2026-09-03,Jeddah Islamic Port → Riyadh,Flatbed,C004,3180,true,4005,SAR
O0-C004-25,,2026-07-29,Jeddah Islamic Port → Riyadh,Flatbed,C004,3150,true,4095,SAR
O0-C004-26,,2026-08-30,Jeddah Islamic Port → Riyadh,Flatbed,C004,3145,true,3995,SAR
O0-C004-27,,2026-09-03,Jeddah Islamic Port → Riyadh,Flatbed,C004,3200,true,4105,SAR
O0-C004-28,,2026-06-23,Jeddah Islamic Port → Riyadh,Flatbed,C004,3200,true,4040,SAR
O0-C004-29,,2026-08-13,Jeddah Islamic Port → Riyadh,Flatbed,C004,3150,true,4000,SAR
O0-C004-30,,2026-09-02,Jeddah Islamic Port → Riyadh,Flatbed,C004,3135,true,4010,SAR
O0-C004-31,,2026-07-03,Jeddah Islamic Port → Riyadh,Flatbed,C004,3165,true,4030,SAR
O0-C004-32,,2026-08-13,Jeddah Islamic Port → Riyadh,Flatbed,C004,3235,true,4035,SAR
O0-C004-33,,2026-09-01,Jeddah Islamic Port → Riyadh,Flatbed,C004,3160,true,4090,SAR
O0-C004-34,,2026-06-10,Jeddah Islamic Port → Riyadh,Flatbed,C004,3190,true,3970,SAR
O0-C004-35,,2026-08-15,Jeddah Islamic Port → Riyadh,Flatbed,C004,3180,true,4000,SAR
O0-C004-36,,2026-08-26,Jeddah Islamic Port → Riyadh,Flatbed,C004,3210,true,4020,SAR
O0-C004-37,,2026-06-30,Jeddah Islamic Port → Riyadh,Flatbed,C004,3175,true,4005,SAR
O0-C004-38,,2026-09-01,Jeddah Islamic Port → Riyadh,Flatbed,C004,3210,false,4135,SAR
O0-C004-39,,2026-09-02,Jeddah Islamic Port → Riyadh,Flatbed,C004,3240,true,4115,SAR
O0-C004-40,,2026-06-17,Jeddah Islamic Port → Riyadh,Flatbed,C004,3155,true,4080,SAR
O0-C004-41,,2026-09-02,Jeddah Islamic Port → Riyadh,Flatbed,C004,3215,true,3955,SAR
O0-C004-42,,2026-08-23,Jeddah Islamic Port → Riyadh,Flatbed,C004,3180,true,4040,SAR
O0-C004-43,,2026-07-29,Jeddah Islamic Port → Riyadh,Flatbed,C004,3210,false,4025,SAR
O0-C004-44,,2026-08-14,Jeddah Islamic Port → Riyadh,Flatbed,C004,3195,true,4060,SAR
O0-C004-45,,2026-08-15,Jeddah Islamic Port → Riyadh,Flatbed,C004,3155,true,3975,SAR
O0-C004-46,,2026-07-23,Jeddah Islamic Port → Riyadh,Flatbed,C004,3215,true,3975,SAR
O0-C004-47,,2026-08-18,Jeddah Islamic Port → Riyadh,Flatbed,C004,3170,true,3970,SAR
O0-C004-48,,2026-07-10,Jeddah Islamic Port → Riyadh,Flatbed,C004,3430,true,4060,SAR
O0-C004-49,,2026-08-18,Jeddah Islamic Port → Riyadh,Flatbed,C004,3405,true,3970,SAR
O0-C004-50,,2026-08-25,Jeddah Islamic Port → Riyadh,Flatbed,C004,3485,true,4010,SAR
O0-C004-51,,2026-06-28,Jeddah Islamic Port → Riyadh,Flatbed,C004,3345,true,4090,SAR
O0-C004-52,,2026-08-25,Jeddah Islamic Port → Riyadh,Flatbed,C004,3485,true,4055,SAR
O0-C004-53,,2026-08-31,Jeddah Islamic Port → Riyadh,Flatbed,C004,3475,true,4105,SAR
O0-C004-54,,2026-07-11,Jeddah Islamic Port → Riyadh,Flatbed,C004,3340,true,4075,SAR
O0-C004-55,,2026-08-25,Jeddah Islamic Port → Riyadh,Flatbed,C004,3360,true,4105,SAR
O0-C004-56,,2026-09-03,Jeddah Islamic Port → Riyadh,Flatbed,C004,3335,true,3975,SAR
O0-C004-57,,2026-06-11,Jeddah Islamic Port → Riyadh,Flatbed,C004,3385,true,4080,SAR
O0-C004-58,,2026-08-31,Jeddah Islamic Port → Riyadh,Flatbed,C004,3355,true,4110,SAR
O0-C004-59,,2026-08-12,Jeddah Islamic Port → Riyadh,Flatbed,C004,3340,true,4000,SAR
O0-C004-60,,2026-08-01,Jeddah Islamic Port → Riyadh,Flatbed,C004,3445,true,4130,SAR
O0-C004-61,,2026-09-03,Jeddah Islamic Port → Riyadh,Flatbed,C004,3415,true,4040,SAR
O0-C004-62,,2026-08-24,Jeddah Islamic Port → Riyadh,Flatbed,C004,3345,true,4095,SAR
O0-C004-63,,2026-07-12,Jeddah Islamic Port → Riyadh,Flatbed,C004,3485,false,4060,SAR
O0-C017-0,,2026-07-26,Jeddah Islamic Port → Riyadh,Flatbed,C017,2995,false,4125,SAR
O0-C017-1,,2026-09-01,Jeddah Islamic Port → Riyadh,Flatbed,C017,2950,false,4075,SAR
O0-C017-2,,2026-08-13,Jeddah Islamic Port → Riyadh,Flatbed,C017,3015,true,4055,SAR
O0-C017-3,,2026-07-09,Jeddah Islamic Port → Riyadh,Flatbed,C017,2955,true,4040,SAR
O0-C017-4,,2026-08-18,Jeddah Islamic Port → Riyadh,Flatbed,C017,3000,false,4035,SAR
O0-C017-5,,2026-09-06,Jeddah Islamic Port → Riyadh,Flatbed,C017,3000,true,4020,SAR
O0-C017-6,,2026-08-04,Jeddah Islamic Port → Riyadh,Flatbed,C017,2980,false,4000,SAR
O0-C017-7,,2026-08-11,Jeddah Islamic Port → Riyadh,Flatbed,C017,2995,false,3955,SAR
O0-C017-8,,2026-08-11,Jeddah Islamic Port → Riyadh,Flatbed,C017,2935,false,4045,SAR
O0-C017-9,,2026-06-16,Jeddah Islamic Port → Riyadh,Flatbed,C017,2930,true,4100,SAR
O0-C017-10,,2026-08-23,Jeddah Islamic Port → Riyadh,Flatbed,C017,2995,false,4095,SAR
O0-C017-11,,2026-08-28,Jeddah Islamic Port → Riyadh,Flatbed,C017,2940,false,4050,SAR
O0-C017-12,,2026-06-14,Jeddah Islamic Port → Riyadh,Flatbed,C017,2935,false,3990,SAR
O0-C017-13,,2026-08-22,Jeddah Islamic Port → Riyadh,Flatbed,C017,3030,false,3995,SAR
O0-C017-14,,2026-09-04,Jeddah Islamic Port → Riyadh,Flatbed,C017,3000,false,3985,SAR
O0-C017-15,,2026-07-27,Jeddah Islamic Port → Riyadh,Flatbed,C017,3025,true,3960,SAR
O0-C017-16,,2026-06-18,Jeddah Islamic Port → Riyadh,Flatbed,C017,3230,true,4000,SAR
O0-C017-17,,2026-09-06,Jeddah Islamic Port → Riyadh,Flatbed,C017,3205,true,4010,SAR
O0-C017-18,,2026-09-01,Jeddah Islamic Port → Riyadh,Flatbed,C017,3245,true,3985,SAR
O0-C017-19,,2026-07-01,Jeddah Islamic Port → Riyadh,Flatbed,C017,3180,true,3965,SAR
O0-C017-20,,2026-08-21,Jeddah Islamic Port → Riyadh,Flatbed,C017,3220,true,3960,SAR
O0-C017-21,,2026-08-19,Jeddah Islamic Port → Riyadh,Flatbed,C017,3195,true,4035,SAR
O0-C017-22,,2026-08-02,Jeddah Islamic Port → Riyadh,Flatbed,C017,3235,true,4120,SAR
O0-C017-23,,2026-08-31,Jeddah Islamic Port → Riyadh,Flatbed,C017,3265,true,4065,SAR
O0-C017-24,,2026-08-11,Jeddah Islamic Port → Riyadh,Flatbed,C017,3220,true,4055,SAR
O0-C017-25,,2026-07-21,Jeddah Islamic Port → Riyadh,Flatbed,C017,3185,true,3995,SAR
O0-C017-26,,2026-08-11,Jeddah Islamic Port → Riyadh,Flatbed,C017,3225,true,3970,SAR
O0-C017-27,,2026-08-31,Jeddah Islamic Port → Riyadh,Flatbed,C017,3245,true,4050,SAR
O0-C017-28,,2026-07-27,Jeddah Islamic Port → Riyadh,Flatbed,C017,3200,true,4010,SAR
O0-C017-29,,2026-08-26,Jeddah Islamic Port → Riyadh,Flatbed,C017,3245,true,4120,SAR
O0-C017-30,,2026-09-04,Jeddah Islamic Port → Riyadh,Flatbed,C017,3220,true,4070,SAR
O0-C017-31,,2026-07-19,Jeddah Islamic Port → Riyadh,Flatbed,C017,3260,true,4090,SAR
O0-C017-32,,2026-08-29,Jeddah Islamic Port → Riyadh,Flatbed,C017,3210,true,3955,SAR
O0-C017-33,,2026-08-25,Jeddah Islamic Port → Riyadh,Flatbed,C017,3185,true,4050,SAR
O0-C017-34,,2026-08-05,Jeddah Islamic Port → Riyadh,Flatbed,C017,3275,true,4010,SAR
O0-C017-35,,2026-08-27,Jeddah Islamic Port → Riyadh,Flatbed,C017,3220,true,4000,SAR
O0-C017-36,,2026-09-02,Jeddah Islamic Port → Riyadh,Flatbed,C017,3225,false,4115,SAR
O0-C017-37,,2026-07-20,Jeddah Islamic Port → Riyadh,Flatbed,C017,3175,true,3970,SAR
O0-C017-38,,2026-09-04,Jeddah Islamic Port → Riyadh,Flatbed,C017,3270,true,4000,SAR
O0-C017-39,,2026-09-04,Jeddah Islamic Port → Riyadh,Flatbed,C017,3235,true,3985,SAR
O0-C017-40,,2026-07-17,Jeddah Islamic Port → Riyadh,Flatbed,C017,3245,true,4110,SAR
O0-C017-41,,2026-08-18,Jeddah Islamic Port → Riyadh,Flatbed,C017,3245,true,3965,SAR
O0-C017-42,,2026-08-26,Jeddah Islamic Port → Riyadh,Flatbed,C017,3270,true,4035,SAR
O0-C017-43,,2026-07-15,Jeddah Islamic Port → Riyadh,Flatbed,C017,3250,true,3985,SAR
O0-C017-44,,2026-08-14,Jeddah Islamic Port → Riyadh,Flatbed,C017,3180,true,4035,SAR
O0-C017-45,,2026-08-15,Jeddah Islamic Port → Riyadh,Flatbed,C017,3190,true,4050,SAR
O0-C017-46,,2026-06-22,Jeddah Islamic Port → Riyadh,Flatbed,C017,3240,true,4075,SAR
O0-C017-47,,2026-09-03,Jeddah Islamic Port → Riyadh,Flatbed,C017,3200,true,4070,SAR
O0-C017-48,,2026-06-20,Jeddah Islamic Port → Riyadh,Flatbed,C017,3365,true,3990,SAR
O0-C017-49,,2026-08-25,Jeddah Islamic Port → Riyadh,Flatbed,C017,3570,true,4060,SAR
O0-C017-50,,2026-09-03,Jeddah Islamic Port → Riyadh,Flatbed,C017,3555,true,4010,SAR
O0-C017-51,,2026-07-04,Jeddah Islamic Port → Riyadh,Flatbed,C017,3550,true,3990,SAR
O0-C017-52,,2026-08-13,Jeddah Islamic Port → Riyadh,Flatbed,C017,3555,true,3990,SAR
O0-C017-53,,2026-08-20,Jeddah Islamic Port → Riyadh,Flatbed,C017,3375,true,3955,SAR
O0-C017-54,,2026-06-22,Jeddah Islamic Port → Riyadh,Flatbed,C017,3540,true,3980,SAR
O0-C017-55,,2026-08-14,Jeddah Islamic Port → Riyadh,Flatbed,C017,3500,true,4025,SAR
O0-C017-56,,2026-08-13,Jeddah Islamic Port → Riyadh,Flatbed,C017,3475,true,4130,SAR
O0-C017-57,,2026-07-21,Jeddah Islamic Port → Riyadh,Flatbed,C017,3490,false,4090,SAR
O0-C017-58,,2026-09-05,Jeddah Islamic Port → Riyadh,Flatbed,C017,3495,true,3995,SAR
O0-C017-59,,2026-08-10,Jeddah Islamic Port → Riyadh,Flatbed,C017,3370,true,3960,SAR
O0-C017-60,,2026-06-14,Jeddah Islamic Port → Riyadh,Flatbed,C017,3585,true,4075,SAR
O0-C017-61,,2026-08-10,Jeddah Islamic Port → Riyadh,Flatbed,C017,3365,true,4065,SAR
O0-C017-62,,2026-09-01,Jeddah Islamic Port → Riyadh,Flatbed,C017,3505,true,4125,SAR
O0-C017-63,,2026-07-25,Jeddah Islamic Port → Riyadh,Flatbed,C017,3370,true,4105,SAR
O1-C005-0,,2026-07-12,Jubail → Tabuk,Lowbed,C005,6035,false,8045,SAR
O1-C005-1,,2026-08-24,Jubail → Tabuk,Lowbed,C005,6060,false,8070,SAR
O1-C005-2,,2026-08-11,Jubail → Tabuk,Lowbed,C005,6070,true,8180,SAR
O1-C005-3,,2026-07-17,Jubail → Tabuk,Lowbed,C005,6055,false,7945,SAR
O1-C005-4,,2026-09-01,Jubail → Tabuk,Lowbed,C005,6110,false,8100,SAR
O1-C005-5,,2026-08-10,Jubail → Tabuk,Lowbed,C005,5945,false,7995,SAR
O1-C005-6,,2026-07-14,Jubail → Tabuk,Lowbed,C005,6000,false,8000,SAR
O1-C005-7,,2026-08-11,Jubail → Tabuk,Lowbed,C005,6070,true,8005,SAR
O1-C005-8,,2026-09-04,Jubail → Tabuk,Lowbed,C005,5975,true,7875,SAR
O1-C005-9,,2026-06-26,Jubail → Tabuk,Lowbed,C005,6145,false,7900,SAR
O1-C005-10,,2026-08-11,Jubail → Tabuk,Lowbed,C005,6020,true,7865,SAR
O1-C005-11,,2026-08-25,Jubail → Tabuk,Lowbed,C005,5945,false,8090,SAR
O1-C005-12,,2026-06-28,Jubail → Tabuk,Lowbed,C005,6015,true,8020,SAR
O1-C005-13,,2026-09-06,Jubail → Tabuk,Lowbed,C005,5970,false,8185,SAR
O1-C005-14,,2026-08-21,Jubail → Tabuk,Lowbed,C005,6090,false,7985,SAR
O1-C005-15,,2026-07-14,Jubail → Tabuk,Lowbed,C005,6110,false,8170,SAR
O1-C005-16,,2026-07-21,Jubail → Tabuk,Lowbed,C005,6540,true,8155,SAR
O1-C005-17,,2026-08-18,Jubail → Tabuk,Lowbed,C005,6585,true,7920,SAR
O1-C005-18,,2026-08-24,Jubail → Tabuk,Lowbed,C005,6440,true,7935,SAR
O1-C005-19,,2026-07-12,Jubail → Tabuk,Lowbed,C005,6510,true,7955,SAR
O1-C005-20,,2026-08-20,Jubail → Tabuk,Lowbed,C005,6505,true,8135,SAR
O1-C005-21,,2026-09-03,Jubail → Tabuk,Lowbed,C005,6550,true,7920,SAR
O1-C005-22,,2026-08-04,Jubail → Tabuk,Lowbed,C005,6545,true,7945,SAR
O1-C005-23,,2026-08-28,Jubail → Tabuk,Lowbed,C005,6570,true,7870,SAR
O1-C005-24,,2026-09-04,Jubail → Tabuk,Lowbed,C005,6540,true,8040,SAR
O1-C005-25,,2026-07-09,Jubail → Tabuk,Lowbed,C005,6485,true,7865,SAR
O1-C005-26,,2026-09-03,Jubail → Tabuk,Lowbed,C005,6520,false,7855,SAR
O1-C005-27,,2026-08-10,Jubail → Tabuk,Lowbed,C005,6530,true,8130,SAR
O1-C005-28,,2026-07-24,Jubail → Tabuk,Lowbed,C005,6545,true,7905,SAR
O1-C005-29,,2026-08-29,Jubail → Tabuk,Lowbed,C005,6545,true,8095,SAR
O1-C005-30,,2026-08-15,Jubail → Tabuk,Lowbed,C005,6605,true,7925,SAR
O1-C005-31,,2026-07-17,Jubail → Tabuk,Lowbed,C005,6535,true,7985,SAR
O1-C005-32,,2026-08-12,Jubail → Tabuk,Lowbed,C005,6445,true,8135,SAR
O1-C005-33,,2026-08-31,Jubail → Tabuk,Lowbed,C005,6545,true,8135,SAR
O1-C005-34,,2026-08-02,Jubail → Tabuk,Lowbed,C005,6520,true,7910,SAR
O1-C005-35,,2026-08-10,Jubail → Tabuk,Lowbed,C005,6570,true,8190,SAR
O1-C005-36,,2026-08-28,Jubail → Tabuk,Lowbed,C005,6615,true,7935,SAR
O1-C005-37,,2026-08-05,Jubail → Tabuk,Lowbed,C005,6535,false,8105,SAR
O1-C005-38,,2026-08-26,Jubail → Tabuk,Lowbed,C005,6475,true,8085,SAR
O1-C005-39,,2026-08-09,Jubail → Tabuk,Lowbed,C005,6460,true,8155,SAR
O1-C005-40,,2026-06-13,Jubail → Tabuk,Lowbed,C005,6530,true,8110,SAR
O1-C005-41,,2026-09-03,Jubail → Tabuk,Lowbed,C005,6620,true,8165,SAR
O1-C005-42,,2026-08-30,Jubail → Tabuk,Lowbed,C005,6590,true,8110,SAR
O1-C005-43,,2026-06-28,Jubail → Tabuk,Lowbed,C005,6440,true,7995,SAR
O1-C005-44,,2026-09-04,Jubail → Tabuk,Lowbed,C005,6615,true,8110,SAR
O1-C005-45,,2026-08-20,Jubail → Tabuk,Lowbed,C005,6530,true,8140,SAR
O1-C005-46,,2026-07-07,Jubail → Tabuk,Lowbed,C005,6555,true,8105,SAR
O1-C005-47,,2026-08-09,Jubail → Tabuk,Lowbed,C005,6425,true,8045,SAR
O1-C005-48,,2026-07-29,Jubail → Tabuk,Lowbed,C005,7130,true,7865,SAR
O1-C005-49,,2026-08-15,Jubail → Tabuk,Lowbed,C005,6820,true,8030,SAR
O1-C005-50,,2026-08-14,Jubail → Tabuk,Lowbed,C005,7250,true,8110,SAR
O1-C005-51,,2026-06-25,Jubail → Tabuk,Lowbed,C005,6940,true,8035,SAR
O1-C005-52,,2026-08-24,Jubail → Tabuk,Lowbed,C005,6805,false,8035,SAR
O1-C005-53,,2026-08-19,Jubail → Tabuk,Lowbed,C005,6980,true,7985,SAR
O1-C005-54,,2026-07-01,Jubail → Tabuk,Lowbed,C005,6815,true,8080,SAR
O1-C005-55,,2026-09-04,Jubail → Tabuk,Lowbed,C005,7160,true,7940,SAR
O1-C005-56,,2026-08-22,Jubail → Tabuk,Lowbed,C005,6840,true,8120,SAR
O1-C005-57,,2026-07-08,Jubail → Tabuk,Lowbed,C005,7065,true,7950,SAR
O1-C005-58,,2026-08-23,Jubail → Tabuk,Lowbed,C005,6940,true,8085,SAR
O1-C005-59,,2026-08-22,Jubail → Tabuk,Lowbed,C005,6895,true,7970,SAR
O1-C005-60,,2026-07-17,Jubail → Tabuk,Lowbed,C005,6890,true,7975,SAR
O1-C005-61,,2026-08-31,Jubail → Tabuk,Lowbed,C005,6810,true,7875,SAR
O1-C005-62,,2026-08-29,Jubail → Tabuk,Lowbed,C005,7135,true,7990,SAR
O1-C005-63,,2026-07-01,Jubail → Tabuk,Lowbed,C005,6800,true,8110,SAR
O1-C006-0,,2026-06-25,Jubail → Tabuk,Lowbed,C006,6165,true,7910,SAR
O1-C006-1,,2026-08-29,Jubail → Tabuk,Lowbed,C006,6060,false,7940,SAR
O1-C006-2,,2026-08-11,Jubail → Tabuk,Lowbed,C006,6015,false,8190,SAR
O1-C006-3,,2026-07-17,Jubail → Tabuk,Lowbed,C006,6135,false,8095,SAR
O1-C006-4,,2026-08-25,Jubail → Tabuk,Lowbed,C006,6105,true,7860,SAR
O1-C006-5,,2026-08-10,Jubail → Tabuk,Lowbed,C006,6130,true,8115,SAR
O1-C006-6,,2026-06-22,Jubail → Tabuk,Lowbed,C006,6065,false,7880,SAR
O1-C006-7,,2026-08-23,Jubail → Tabuk,Lowbed,C006,6015,false,7860,SAR
O1-C006-8,,2026-08-10,Jubail → Tabuk,Lowbed,C006,6170,false,8100,SAR
O1-C006-9,,2026-06-12,Jubail → Tabuk,Lowbed,C006,6015,false,7850,SAR
O1-C006-10,,2026-08-21,Jubail → Tabuk,Lowbed,C006,6040,true,7880,SAR
O1-C006-11,,2026-08-12,Jubail → Tabuk,Lowbed,C006,6165,false,8190,SAR
O1-C006-12,,2026-07-02,Jubail → Tabuk,Lowbed,C006,6020,false,8190,SAR
O1-C006-13,,2026-08-11,Jubail → Tabuk,Lowbed,C006,6170,false,8020,SAR
O1-C006-14,,2026-08-14,Jubail → Tabuk,Lowbed,C006,6045,false,7975,SAR
O1-C006-15,,2026-07-09,Jubail → Tabuk,Lowbed,C006,6140,true,7910,SAR
O1-C006-16,,2026-06-21,Jubail → Tabuk,Lowbed,C006,6555,true,7890,SAR
O1-C006-17,,2026-08-15,Jubail → Tabuk,Lowbed,C006,6655,true,7915,SAR
O1-C006-18,,2026-08-17,Jubail → Tabuk,Lowbed,C006,6635,true,7990,SAR
O1-C006-19,,2026-06-18,Jubail → Tabuk,Lowbed,C006,6510,true,7845,SAR
O1-C006-20,,2026-08-11,Jubail → Tabuk,Lowbed,C006,6440,true,7860,SAR
O1-C006-21,,2026-08-16,Jubail → Tabuk,Lowbed,C006,6485,true,7865,SAR
O1-C006-22,,2026-07-03,Jubail → Tabuk,Lowbed,C006,6490,true,7955,SAR
O1-C006-23,,2026-08-09,Jubail → Tabuk,Lowbed,C006,6570,true,7850,SAR
O1-C006-24,,2026-08-11,Jubail → Tabuk,Lowbed,C006,6480,true,8025,SAR
O1-C006-25,,2026-06-18,Jubail → Tabuk,Lowbed,C006,6435,true,8155,SAR
O1-C006-26,,2026-08-17,Jubail → Tabuk,Lowbed,C006,6570,false,8170,SAR
O1-C006-27,,2026-08-31,Jubail → Tabuk,Lowbed,C006,6530,true,8140,SAR
O1-C006-28,,2026-07-15,Jubail → Tabuk,Lowbed,C006,6615,true,8180,SAR
O1-C006-29,,2026-08-23,Jubail → Tabuk,Lowbed,C006,6500,true,8140,SAR
O1-C006-30,,2026-08-25,Jubail → Tabuk,Lowbed,C006,6465,true,8075,SAR
O1-C006-31,,2026-06-30,Jubail → Tabuk,Lowbed,C006,6575,true,7980,SAR
O1-C006-32,,2026-08-26,Jubail → Tabuk,Lowbed,C006,6605,true,8130,SAR
O1-C006-33,,2026-08-19,Jubail → Tabuk,Lowbed,C006,6575,true,8045,SAR
O1-C006-34,,2026-06-26,Jubail → Tabuk,Lowbed,C006,6485,true,8020,SAR
O1-C006-35,,2026-08-22,Jubail → Tabuk,Lowbed,C006,6445,true,8035,SAR
O1-C006-36,,2026-08-26,Jubail → Tabuk,Lowbed,C006,6625,true,8175,SAR
O1-C006-37,,2026-06-30,Jubail → Tabuk,Lowbed,C006,6440,true,8155,SAR
O1-C006-38,,2026-08-16,Jubail → Tabuk,Lowbed,C006,6620,true,8125,SAR
O1-C006-39,,2026-09-02,Jubail → Tabuk,Lowbed,C006,6535,true,8055,SAR
O1-C006-40,,2026-06-23,Jubail → Tabuk,Lowbed,C006,6605,true,7840,SAR
O1-C006-41,,2026-08-26,Jubail → Tabuk,Lowbed,C006,6640,true,8105,SAR
O1-C006-42,,2026-08-23,Jubail → Tabuk,Lowbed,C006,6475,true,8095,SAR
O1-C006-43,,2026-06-22,Jubail → Tabuk,Lowbed,C006,6525,false,8140,SAR
O1-C006-44,,2026-08-12,Jubail → Tabuk,Lowbed,C006,6630,true,8080,SAR
O1-C006-45,,2026-08-31,Jubail → Tabuk,Lowbed,C006,6460,true,7940,SAR
O1-C006-46,,2026-06-23,Jubail → Tabuk,Lowbed,C006,6605,true,7855,SAR
O1-C006-47,,2026-08-12,Jubail → Tabuk,Lowbed,C006,6490,true,7920,SAR
O1-C006-48,,2026-07-12,Jubail → Tabuk,Lowbed,C006,7120,true,8110,SAR
O1-C006-49,,2026-08-12,Jubail → Tabuk,Lowbed,C006,7060,true,7840,SAR
O1-C006-50,,2026-08-17,Jubail → Tabuk,Lowbed,C006,7220,true,8165,SAR
O1-C006-51,,2026-07-04,Jubail → Tabuk,Lowbed,C006,7230,true,8025,SAR
O1-C006-52,,2026-09-02,Jubail → Tabuk,Lowbed,C006,7130,true,8080,SAR
O1-C006-53,,2026-08-31,Jubail → Tabuk,Lowbed,C006,7255,false,8170,SAR
O1-C006-54,,2026-07-28,Jubail → Tabuk,Lowbed,C006,7275,true,8050,SAR
O1-C006-55,,2026-09-06,Jubail → Tabuk,Lowbed,C006,6835,true,7905,SAR
O1-C006-56,,2026-08-22,Jubail → Tabuk,Lowbed,C006,6885,true,8130,SAR
O1-C006-57,,2026-07-02,Jubail → Tabuk,Lowbed,C006,7085,true,7975,SAR
O1-C006-58,,2026-08-13,Jubail → Tabuk,Lowbed,C006,7025,true,8010,SAR
O1-C006-59,,2026-08-11,Jubail → Tabuk,Lowbed,C006,6855,true,7870,SAR
O1-C006-60,,2026-07-09,Jubail → Tabuk,Lowbed,C006,7030,true,8165,SAR
O1-C006-61,,2026-08-30,Jubail → Tabuk,Lowbed,C006,7130,true,7990,SAR
O1-C006-62,,2026-08-12,Jubail → Tabuk,Lowbed,C006,6880,true,7940,SAR
O1-C006-63,,2026-06-19,Jubail → Tabuk,Lowbed,C006,6965,true,8015,SAR
O1-C007-0,,2026-07-18,Jubail → Tabuk,Lowbed,C007,6030,false,7955,SAR
O1-C007-1,,2026-08-18,Jubail → Tabuk,Lowbed,C007,5920,false,8160,SAR
O1-C007-2,,2026-09-04,Jubail → Tabuk,Lowbed,C007,5905,true,7980,SAR
O1-C007-3,,2026-07-10,Jubail → Tabuk,Lowbed,C007,6080,false,8170,SAR
O1-C007-4,,2026-09-03,Jubail → Tabuk,Lowbed,C007,5955,false,7850,SAR
O1-C007-5,,2026-08-30,Jubail → Tabuk,Lowbed,C007,6065,true,7905,SAR
O1-C007-6,,2026-06-14,Jubail → Tabuk,Lowbed,C007,6090,true,8075,SAR
O1-C007-7,,2026-08-09,Jubail → Tabuk,Lowbed,C007,6090,false,7875,SAR
O1-C007-8,,2026-08-21,Jubail → Tabuk,Lowbed,C007,6090,false,8185,SAR
O1-C007-9,,2026-07-18,Jubail → Tabuk,Lowbed,C007,5875,false,8005,SAR
O1-C007-10,,2026-09-05,Jubail → Tabuk,Lowbed,C007,6075,true,7910,SAR
O1-C007-11,,2026-08-24,Jubail → Tabuk,Lowbed,C007,5880,false,7875,SAR
O1-C007-12,,2026-06-26,Jubail → Tabuk,Lowbed,C007,5905,true,7905,SAR
O1-C007-13,,2026-08-09,Jubail → Tabuk,Lowbed,C007,5960,false,8100,SAR
O1-C007-14,,2026-09-06,Jubail → Tabuk,Lowbed,C007,6070,false,8145,SAR
O1-C007-15,,2026-07-12,Jubail → Tabuk,Lowbed,C007,6060,false,7955,SAR
O1-C007-16,,2026-06-19,Jubail → Tabuk,Lowbed,C007,6390,true,7980,SAR
O1-C007-17,,2026-08-17,Jubail → Tabuk,Lowbed,C007,6370,true,8100,SAR
O1-C007-18,,2026-09-02,Jubail → Tabuk,Lowbed,C007,6385,true,7840,SAR
O1-C007-19,,2026-07-06,Jubail → Tabuk,Lowbed,C007,6455,true,8150,SAR
O1-C007-20,,2026-08-11,Jubail → Tabuk,Lowbed,C007,6435,true,7930,SAR
O1-C007-21,,2026-08-14,Jubail → Tabuk,Lowbed,C007,6530,true,7970,SAR
O1-C007-22,,2026-07-27,Jubail → Tabuk,Lowbed,C007,6515,false,7925,SAR
O1-C007-23,,2026-08-23,Jubail → Tabuk,Lowbed,C007,6365,true,7990,SAR
O1-C007-24,,2026-08-30,Jubail → Tabuk,Lowbed,C007,6415,true,7845,SAR
O1-C007-25,,2026-07-17,Jubail → Tabuk,Lowbed,C007,6455,true,7970,SAR
O1-C007-26,,2026-08-24,Jubail → Tabuk,Lowbed,C007,6550,true,7965,SAR
O1-C007-27,,2026-08-10,Jubail → Tabuk,Lowbed,C007,6390,true,8065,SAR
O1-C007-28,,2026-07-16,Jubail → Tabuk,Lowbed,C007,6380,true,7940,SAR
O1-C007-29,,2026-08-25,Jubail → Tabuk,Lowbed,C007,6495,true,8125,SAR
O1-C007-30,,2026-09-05,Jubail → Tabuk,Lowbed,C007,6515,true,7985,SAR
O1-C007-31,,2026-06-18,Jubail → Tabuk,Lowbed,C007,6395,true,7895,SAR
O1-C007-32,,2026-08-10,Jubail → Tabuk,Lowbed,C007,6390,true,8195,SAR
O1-C007-33,,2026-08-14,Jubail → Tabuk,Lowbed,C007,6435,true,7995,SAR
O1-C007-34,,2026-06-21,Jubail → Tabuk,Lowbed,C007,6465,true,7935,SAR
O1-C007-35,,2026-08-30,Jubail → Tabuk,Lowbed,C007,6475,true,7840,SAR
O1-C007-36,,2026-08-27,Jubail → Tabuk,Lowbed,C007,6375,true,7940,SAR
O1-C007-37,,2026-06-20,Jubail → Tabuk,Lowbed,C007,6580,true,8050,SAR
O1-C007-38,,2026-08-13,Jubail → Tabuk,Lowbed,C007,6420,true,8010,SAR
O1-C007-39,,2026-08-26,Jubail → Tabuk,Lowbed,C007,6470,true,7940,SAR
O1-C007-40,,2026-07-06,Jubail → Tabuk,Lowbed,C007,6415,true,8100,SAR
O1-C007-41,,2026-08-17,Jubail → Tabuk,Lowbed,C007,6450,true,8195,SAR
O1-C007-42,,2026-08-26,Jubail → Tabuk,Lowbed,C007,6575,true,8025,SAR
O1-C007-43,,2026-06-21,Jubail → Tabuk,Lowbed,C007,6360,true,8055,SAR
O1-C007-44,,2026-09-03,Jubail → Tabuk,Lowbed,C007,6365,true,8055,SAR
O1-C007-45,,2026-08-15,Jubail → Tabuk,Lowbed,C007,6380,true,7965,SAR
O1-C007-46,,2026-07-15,Jubail → Tabuk,Lowbed,C007,6385,false,8165,SAR
O1-C007-47,,2026-08-26,Jubail → Tabuk,Lowbed,C007,6550,true,8140,SAR
O1-C007-48,,2026-06-29,Jubail → Tabuk,Lowbed,C007,7120,true,8105,SAR
O1-C007-49,,2026-08-18,Jubail → Tabuk,Lowbed,C007,6835,true,7965,SAR
O1-C007-50,,2026-08-25,Jubail → Tabuk,Lowbed,C007,6850,true,8195,SAR
O1-C007-51,,2026-06-25,Jubail → Tabuk,Lowbed,C007,7010,false,8080,SAR
O1-C007-52,,2026-09-03,Jubail → Tabuk,Lowbed,C007,7010,true,8135,SAR
O1-C007-53,,2026-09-06,Jubail → Tabuk,Lowbed,C007,6850,true,7995,SAR
O1-C007-54,,2026-06-09,Jubail → Tabuk,Lowbed,C007,6760,true,8135,SAR
O1-C007-55,,2026-08-21,Jubail → Tabuk,Lowbed,C007,6820,true,8085,SAR
O1-C007-56,,2026-08-21,Jubail → Tabuk,Lowbed,C007,7090,true,7895,SAR
O1-C007-57,,2026-06-12,Jubail → Tabuk,Lowbed,C007,7030,true,8145,SAR
O1-C007-58,,2026-08-20,Jubail → Tabuk,Lowbed,C007,7015,true,8135,SAR
O1-C007-59,,2026-08-21,Jubail → Tabuk,Lowbed,C007,6985,true,8015,SAR
O1-C007-60,,2026-06-18,Jubail → Tabuk,Lowbed,C007,7000,true,7870,SAR
O1-C007-61,,2026-08-20,Jubail → Tabuk,Lowbed,C007,6805,true,7870,SAR
O1-C007-62,,2026-08-24,Jubail → Tabuk,Lowbed,C007,7175,true,7915,SAR
O1-C007-63,,2026-08-07,Jubail → Tabuk,Lowbed,C007,7115,true,7965,SAR
O1-C008-0,,2026-07-23,Jubail → Tabuk,Lowbed,C008,6105,false,8180,SAR
O1-C008-1,,2026-08-17,Jubail → Tabuk,Lowbed,C008,6115,false,7870,SAR
O1-C008-2,,2026-08-16,Jubail → Tabuk,Lowbed,C008,6090,false,7850,SAR
O1-C008-3,,2026-06-30,Jubail → Tabuk,Lowbed,C008,5910,false,7910,SAR
O1-C008-4,,2026-09-01,Jubail → Tabuk,Lowbed,C008,5965,false,7850,SAR
O1-C008-5,,2026-08-24,Jubail → Tabuk,Lowbed,C008,5975,false,8110,SAR
O1-C008-6,,2026-07-19,Jubail → Tabuk,Lowbed,C008,5980,false,8095,SAR
O1-C008-7,,2026-08-12,Jubail → Tabuk,Lowbed,C008,6105,true,8090,SAR
O1-C008-8,,2026-08-19,Jubail → Tabuk,Lowbed,C008,5945,true,8190,SAR
O1-C008-9,,2026-06-13,Jubail → Tabuk,Lowbed,C008,5980,true,8180,SAR
O1-C008-10,,2026-08-19,Jubail → Tabuk,Lowbed,C008,5910,false,8100,SAR
O1-C008-11,,2026-08-31,Jubail → Tabuk,Lowbed,C008,6020,false,8165,SAR
O1-C008-12,,2026-07-10,Jubail → Tabuk,Lowbed,C008,6055,false,8090,SAR
O1-C008-13,,2026-08-17,Jubail → Tabuk,Lowbed,C008,5905,true,8025,SAR
O1-C008-14,,2026-09-01,Jubail → Tabuk,Lowbed,C008,6025,false,7850,SAR
O1-C008-15,,2026-06-17,Jubail → Tabuk,Lowbed,C008,6045,true,8140,SAR
O1-C008-16,,2026-06-21,Jubail → Tabuk,Lowbed,C008,6470,true,8040,SAR
O1-C008-17,,2026-08-12,Jubail → Tabuk,Lowbed,C008,6600,true,8180,SAR
O1-C008-18,,2026-09-05,Jubail → Tabuk,Lowbed,C008,6440,true,7850,SAR
O1-C008-19,,2026-07-10,Jubail → Tabuk,Lowbed,C008,6560,true,8130,SAR
O1-C008-20,,2026-08-24,Jubail → Tabuk,Lowbed,C008,6495,true,7965,SAR
O1-C008-21,,2026-08-29,Jubail → Tabuk,Lowbed,C008,6485,true,7855,SAR
O1-C008-22,,2026-08-07,Jubail → Tabuk,Lowbed,C008,6425,true,8035,SAR
O1-C008-23,,2026-09-06,Jubail → Tabuk,Lowbed,C008,6525,true,8165,SAR
O1-C008-24,,2026-09-02,Jubail → Tabuk,Lowbed,C008,6395,true,7965,SAR
O1-C008-25,,2026-07-10,Jubail → Tabuk,Lowbed,C008,6580,true,7950,SAR
O1-C008-26,,2026-08-24,Jubail → Tabuk,Lowbed,C008,6590,true,8180,SAR
O1-C008-27,,2026-09-06,Jubail → Tabuk,Lowbed,C008,6585,true,8040,SAR
O1-C008-28,,2026-07-06,Jubail → Tabuk,Lowbed,C008,6610,true,7845,SAR
O1-C008-29,,2026-09-03,Jubail → Tabuk,Lowbed,C008,6560,true,8000,SAR
O1-C008-30,,2026-08-14,Jubail → Tabuk,Lowbed,C008,6500,true,8080,SAR
O1-C008-31,,2026-06-10,Jubail → Tabuk,Lowbed,C008,6525,true,8005,SAR
O1-C008-32,,2026-08-12,Jubail → Tabuk,Lowbed,C008,6560,true,7850,SAR
O1-C008-33,,2026-08-29,Jubail → Tabuk,Lowbed,C008,6545,true,7875,SAR
O1-C008-34,,2026-07-15,Jubail → Tabuk,Lowbed,C008,6585,true,8050,SAR
O1-C008-35,,2026-08-26,Jubail → Tabuk,Lowbed,C008,6500,true,8000,SAR
O1-C008-36,,2026-09-02,Jubail → Tabuk,Lowbed,C008,6495,true,7890,SAR
O1-C008-37,,2026-07-29,Jubail → Tabuk,Lowbed,C008,6585,true,8000,SAR
O1-C008-38,,2026-09-06,Jubail → Tabuk,Lowbed,C008,6535,true,7925,SAR
O1-C008-39,,2026-08-09,Jubail → Tabuk,Lowbed,C008,6485,true,8055,SAR
O1-C008-40,,2026-07-15,Jubail → Tabuk,Lowbed,C008,6540,true,8195,SAR
O1-C008-41,,2026-09-05,Jubail → Tabuk,Lowbed,C008,6620,true,7875,SAR
O1-C008-42,,2026-08-18,Jubail → Tabuk,Lowbed,C008,6555,true,7885,SAR
O1-C008-43,,2026-06-10,Jubail → Tabuk,Lowbed,C008,6495,true,8060,SAR
O1-C008-44,,2026-08-30,Jubail → Tabuk,Lowbed,C008,6500,true,7980,SAR
O1-C008-45,,2026-08-13,Jubail → Tabuk,Lowbed,C008,6615,true,7870,SAR
O1-C008-46,,2026-07-24,Jubail → Tabuk,Lowbed,C008,6475,true,8135,SAR
O1-C008-47,,2026-08-20,Jubail → Tabuk,Lowbed,C008,6555,false,7900,SAR
O1-C008-48,,2026-07-15,Jubail → Tabuk,Lowbed,C008,6865,true,8045,SAR
O1-C008-49,,2026-08-27,Jubail → Tabuk,Lowbed,C008,7090,true,7970,SAR
O1-C008-50,,2026-08-17,Jubail → Tabuk,Lowbed,C008,6935,true,8120,SAR
O1-C008-51,,2026-08-02,Jubail → Tabuk,Lowbed,C008,7200,true,8145,SAR
O1-C008-52,,2026-08-27,Jubail → Tabuk,Lowbed,C008,6990,true,8165,SAR
O1-C008-53,,2026-08-30,Jubail → Tabuk,Lowbed,C008,7050,true,8190,SAR
O1-C008-54,,2026-07-21,Jubail → Tabuk,Lowbed,C008,7130,true,7980,SAR
O1-C008-55,,2026-09-04,Jubail → Tabuk,Lowbed,C008,6930,true,7875,SAR
O1-C008-56,,2026-08-26,Jubail → Tabuk,Lowbed,C008,6875,true,8115,SAR
O1-C008-57,,2026-08-07,Jubail → Tabuk,Lowbed,C008,7140,true,8160,SAR
O1-C008-58,,2026-08-27,Jubail → Tabuk,Lowbed,C008,6805,true,8180,SAR
O1-C008-59,,2026-08-14,Jubail → Tabuk,Lowbed,C008,6860,true,8180,SAR
O1-C008-60,,2026-07-21,Jubail → Tabuk,Lowbed,C008,6845,true,7980,SAR
O1-C008-61,,2026-09-03,Jubail → Tabuk,Lowbed,C008,6920,true,8190,SAR
O1-C008-62,,2026-08-09,Jubail → Tabuk,Lowbed,C008,6785,false,8010,SAR
O1-C008-63,,2026-07-22,Jubail → Tabuk,Lowbed,C008,6800,true,8040,SAR
O1-C045-0,,2026-07-12,Jubail → Tabuk,Lowbed,C045,5940,false,8100,SAR
O1-C045-1,,2026-09-02,Jubail → Tabuk,Lowbed,C045,5990,false,8110,SAR
O1-C045-2,,2026-08-16,Jubail → Tabuk,Lowbed,C045,5975,false,8170,SAR
O1-C045-3,,2026-07-04,Jubail → Tabuk,Lowbed,C045,5955,true,8075,SAR
O1-C045-4,,2026-08-14,Jubail → Tabuk,Lowbed,C045,6085,false,7850,SAR
O1-C045-5,,2026-09-02,Jubail → Tabuk,Lowbed,C045,5965,false,8160,SAR
O1-C045-6,,2026-06-23,Jubail → Tabuk,Lowbed,C045,6095,false,8080,SAR
O1-C045-7,,2026-08-31,Jubail → Tabuk,Lowbed,C045,6040,true,8100,SAR
O1-C045-8,,2026-08-19,Jubail → Tabuk,Lowbed,C045,5960,false,7915,SAR
O1-C045-9,,2026-06-21,Jubail → Tabuk,Lowbed,C045,5950,false,7945,SAR
O1-C045-10,,2026-08-12,Jubail → Tabuk,Lowbed,C045,6045,false,8140,SAR
O1-C045-11,,2026-08-27,Jubail → Tabuk,Lowbed,C045,6015,true,8055,SAR
O1-C045-12,,2026-07-23,Jubail → Tabuk,Lowbed,C045,6100,true,8015,SAR
O1-C045-13,,2026-08-19,Jubail → Tabuk,Lowbed,C045,5950,false,8000,SAR
O1-C045-14,,2026-09-01,Jubail → Tabuk,Lowbed,C045,6075,false,8120,SAR
O1-C045-15,,2026-06-25,Jubail → Tabuk,Lowbed,C045,5965,true,8180,SAR
O1-C045-16,,2026-06-29,Jubail → Tabuk,Lowbed,C045,6560,true,7870,SAR
O1-C045-17,,2026-08-09,Jubail → Tabuk,Lowbed,C045,6620,true,8165,SAR
O1-C045-18,,2026-08-27,Jubail → Tabuk,Lowbed,C045,6575,true,7930,SAR
O1-C045-19,,2026-06-27,Jubail → Tabuk,Lowbed,C045,6550,true,7980,SAR
O1-C045-20,,2026-08-13,Jubail → Tabuk,Lowbed,C045,6580,true,7910,SAR
O1-C045-21,,2026-08-13,Jubail → Tabuk,Lowbed,C045,6430,true,8085,SAR
O1-C045-22,,2026-07-07,Jubail → Tabuk,Lowbed,C045,6620,false,8000,SAR
O1-C045-23,,2026-08-30,Jubail → Tabuk,Lowbed,C045,6605,true,8170,SAR
O1-C045-24,,2026-08-29,Jubail → Tabuk,Lowbed,C045,6585,true,8070,SAR
O1-C045-25,,2026-06-16,Jubail → Tabuk,Lowbed,C045,6480,true,8165,SAR
O1-C045-26,,2026-09-01,Jubail → Tabuk,Lowbed,C045,6575,true,8190,SAR
O1-C045-27,,2026-09-06,Jubail → Tabuk,Lowbed,C045,6455,true,8045,SAR
O1-C045-28,,2026-07-06,Jubail → Tabuk,Lowbed,C045,6615,false,7860,SAR
O1-C045-29,,2026-08-16,Jubail → Tabuk,Lowbed,C045,6465,true,8165,SAR
O1-C045-30,,2026-09-06,Jubail → Tabuk,Lowbed,C045,6590,true,7975,SAR
O1-C045-31,,2026-07-14,Jubail → Tabuk,Lowbed,C045,6420,true,8160,SAR
O1-C045-32,,2026-08-28,Jubail → Tabuk,Lowbed,C045,6610,true,8040,SAR
O1-C045-33,,2026-08-13,Jubail → Tabuk,Lowbed,C045,6635,true,7870,SAR
O1-C045-34,,2026-07-27,Jubail → Tabuk,Lowbed,C045,6550,true,8115,SAR
O1-C045-35,,2026-08-10,Jubail → Tabuk,Lowbed,C045,6620,true,8055,SAR
O1-C045-36,,2026-08-21,Jubail → Tabuk,Lowbed,C045,6525,true,8090,SAR
O1-C045-37,,2026-06-24,Jubail → Tabuk,Lowbed,C045,6460,true,8095,SAR
O1-C045-38,,2026-08-24,Jubail → Tabuk,Lowbed,C045,6585,true,7880,SAR
O1-C045-39,,2026-08-13,Jubail → Tabuk,Lowbed,C045,6515,true,7910,SAR
O1-C045-40,,2026-07-30,Jubail → Tabuk,Lowbed,C045,6480,true,8135,SAR
O1-C045-41,,2026-08-09,Jubail → Tabuk,Lowbed,C045,6495,true,8100,SAR
O1-C045-42,,2026-08-28,Jubail → Tabuk,Lowbed,C045,6650,true,8130,SAR
O1-C045-43,,2026-07-11,Jubail → Tabuk,Lowbed,C045,6485,true,8105,SAR
O1-C045-44,,2026-09-02,Jubail → Tabuk,Lowbed,C045,6475,true,8065,SAR
O1-C045-45,,2026-08-30,Jubail → Tabuk,Lowbed,C045,6565,false,8160,SAR
O1-C045-46,,2026-07-08,Jubail → Tabuk,Lowbed,C045,6555,true,7970,SAR
O1-C045-47,,2026-09-06,Jubail → Tabuk,Lowbed,C045,6490,true,7975,SAR
O1-C045-48,,2026-06-18,Jubail → Tabuk,Lowbed,C045,7145,true,7890,SAR
O1-C045-49,,2026-09-03,Jubail → Tabuk,Lowbed,C045,6895,true,7860,SAR
O1-C045-50,,2026-08-24,Jubail → Tabuk,Lowbed,C045,7150,true,8085,SAR
O1-C045-51,,2026-07-04,Jubail → Tabuk,Lowbed,C045,7230,true,8055,SAR
O1-C045-52,,2026-09-01,Jubail → Tabuk,Lowbed,C045,7105,true,7985,SAR
O1-C045-53,,2026-08-31,Jubail → Tabuk,Lowbed,C045,7200,true,8075,SAR
O1-C045-54,,2026-06-21,Jubail → Tabuk,Lowbed,C045,7050,true,7945,SAR
O1-C045-55,,2026-09-04,Jubail → Tabuk,Lowbed,C045,6860,true,7875,SAR
O1-C045-56,,2026-08-13,Jubail → Tabuk,Lowbed,C045,7215,true,8035,SAR
O1-C045-57,,2026-07-27,Jubail → Tabuk,Lowbed,C045,7015,true,8160,SAR
O1-C045-58,,2026-09-01,Jubail → Tabuk,Lowbed,C045,7120,true,8100,SAR
O1-C045-59,,2026-08-12,Jubail → Tabuk,Lowbed,C045,6925,false,8085,SAR
O1-C045-60,,2026-07-02,Jubail → Tabuk,Lowbed,C045,7000,true,8040,SAR
O1-C045-61,,2026-08-22,Jubail → Tabuk,Lowbed,C045,7080,true,7940,SAR
O1-C045-62,,2026-08-20,Jubail → Tabuk,Lowbed,C045,7215,true,7875,SAR
O1-C045-63,,2026-06-30,Jubail → Tabuk,Lowbed,C045,7240,false,8075,SAR
O2-C009-0,,2026-06-27,Dammam → Riyadh,Reefer,C009,2265,false,2545,SAR
O2-C009-1,,2026-08-10,Dammam → Riyadh,Reefer,C009,2235,true,2545,SAR
O2-C009-2,,2026-08-28,Dammam → Riyadh,Reefer,C009,2265,false,2540,SAR
O2-C009-3,,2026-06-17,Dammam → Riyadh,Reefer,C009,2235,false,2515,SAR
O2-C009-4,,2026-08-11,Dammam → Riyadh,Reefer,C009,2250,true,2595,SAR
O2-C009-5,,2026-08-28,Dammam → Riyadh,Reefer,C009,2260,false,2505,SAR
O2-C009-6,,2026-07-09,Dammam → Riyadh,Reefer,C009,2230,true,2615,SAR
O2-C009-7,,2026-08-30,Dammam → Riyadh,Reefer,C009,2230,true,2565,SAR
O2-C009-8,,2026-08-13,Dammam → Riyadh,Reefer,C009,2255,false,2595,SAR
O2-C009-9,,2026-07-07,Dammam → Riyadh,Reefer,C009,2260,false,2595,SAR
O2-C009-10,,2026-08-09,Dammam → Riyadh,Reefer,C009,2280,true,2595,SAR
O2-C009-11,,2026-08-09,Dammam → Riyadh,Reefer,C009,2255,false,2615,SAR
O2-C009-12,,2026-07-20,Dammam → Riyadh,Reefer,C009,2225,false,2600,SAR
O2-C009-13,,2026-08-15,Dammam → Riyadh,Reefer,C009,2245,false,2540,SAR
O2-C009-14,,2026-08-21,Dammam → Riyadh,Reefer,C009,2280,false,2610,SAR
O2-C009-15,,2026-06-16,Dammam → Riyadh,Reefer,C009,2255,false,2570,SAR
O2-C009-16,,2026-07-31,Dammam → Riyadh,Reefer,C009,2460,true,2590,SAR
O2-C009-17,,2026-09-04,Dammam → Riyadh,Reefer,C009,2385,true,2515,SAR
O2-C009-18,,2026-08-30,Dammam → Riyadh,Reefer,C009,2405,true,2590,SAR
O2-C009-19,,2026-06-29,Dammam → Riyadh,Reefer,C009,2395,true,2545,SAR
O2-C009-20,,2026-09-05,Dammam → Riyadh,Reefer,C009,2435,true,2565,SAR
O2-C009-21,,2026-08-16,Dammam → Riyadh,Reefer,C009,2380,false,2570,SAR
O2-C009-22,,2026-07-30,Dammam → Riyadh,Reefer,C009,2415,true,2580,SAR
O2-C009-23,,2026-08-23,Dammam → Riyadh,Reefer,C009,2460,true,2595,SAR
O2-C009-24,,2026-08-14,Dammam → Riyadh,Reefer,C009,2410,true,2565,SAR
O2-C009-25,,2026-07-06,Dammam → Riyadh,Reefer,C009,2425,true,2590,SAR
O2-C009-26,,2026-08-22,Dammam → Riyadh,Reefer,C009,2420,true,2510,SAR
O2-C009-27,,2026-08-12,Dammam → Riyadh,Reefer,C009,2445,true,2620,SAR
O2-C009-28,,2026-06-26,Dammam → Riyadh,Reefer,C009,2395,true,2530,SAR
O2-C009-29,,2026-08-21,Dammam → Riyadh,Reefer,C009,2410,true,2580,SAR
O2-C009-30,,2026-09-01,Dammam → Riyadh,Reefer,C009,2445,true,2575,SAR
O2-C009-31,,2026-06-09,Dammam → Riyadh,Reefer,C009,2445,true,2575,SAR
O2-C009-32,,2026-08-21,Dammam → Riyadh,Reefer,C009,2415,false,2505,SAR
O2-C009-33,,2026-09-01,Dammam → Riyadh,Reefer,C009,2455,true,2600,SAR
O2-C009-34,,2026-06-22,Dammam → Riyadh,Reefer,C009,2415,true,2510,SAR
O2-C009-35,,2026-09-02,Dammam → Riyadh,Reefer,C009,2445,true,2545,SAR
O2-C009-36,,2026-08-19,Dammam → Riyadh,Reefer,C009,2395,true,2585,SAR
O2-C009-37,,2026-06-13,Dammam → Riyadh,Reefer,C009,2415,true,2540,SAR
O2-C009-38,,2026-08-31,Dammam → Riyadh,Reefer,C009,2395,true,2550,SAR
O2-C009-39,,2026-09-06,Dammam → Riyadh,Reefer,C009,2455,true,2515,SAR
O2-C009-40,,2026-07-28,Dammam → Riyadh,Reefer,C009,2425,true,2530,SAR
O2-C009-41,,2026-08-27,Dammam → Riyadh,Reefer,C009,2395,true,2605,SAR
O2-C009-42,,2026-08-20,Dammam → Riyadh,Reefer,C009,2425,true,2540,SAR
O2-C009-43,,2026-07-15,Dammam → Riyadh,Reefer,C009,2430,true,2555,SAR
O2-C009-44,,2026-09-02,Dammam → Riyadh,Reefer,C009,2395,true,2545,SAR
O2-C009-45,,2026-09-05,Dammam → Riyadh,Reefer,C009,2405,true,2605,SAR
O2-C009-46,,2026-08-02,Dammam → Riyadh,Reefer,C009,2390,true,2555,SAR
O2-C009-47,,2026-08-15,Dammam → Riyadh,Reefer,C009,2390,true,2605,SAR
O2-C009-48,,2026-07-17,Dammam → Riyadh,Reefer,C009,2600,true,2580,SAR
O2-C009-49,,2026-08-13,Dammam → Riyadh,Reefer,C009,2640,true,2525,SAR
O2-C009-50,,2026-09-01,Dammam → Riyadh,Reefer,C009,2665,true,2540,SAR
O2-C009-51,,2026-07-21,Dammam → Riyadh,Reefer,C009,2610,true,2555,SAR
O2-C009-52,,2026-08-24,Dammam → Riyadh,Reefer,C009,2585,true,2600,SAR
O2-C009-53,,2026-08-24,Dammam → Riyadh,Reefer,C009,2575,true,2615,SAR
O2-C009-54,,2026-07-15,Dammam → Riyadh,Reefer,C009,2575,true,2575,SAR
O2-C009-55,,2026-08-26,Dammam → Riyadh,Reefer,C009,2665,false,2600,SAR
O2-C009-56,,2026-09-03,Dammam → Riyadh,Reefer,C009,2600,true,2520,SAR
O2-C009-57,,2026-06-28,Dammam → Riyadh,Reefer,C009,2545,true,2535,SAR
O2-C009-58,,2026-08-09,Dammam → Riyadh,Reefer,C009,2575,true,2585,SAR
O2-C009-59,,2026-09-01,Dammam → Riyadh,Reefer,C009,2550,true,2545,SAR
O2-C009-60,,2026-07-12,Dammam → Riyadh,Reefer,C009,2540,true,2580,SAR
O2-C009-61,,2026-08-28,Dammam → Riyadh,Reefer,C009,2525,true,2545,SAR
O2-C009-62,,2026-08-31,Dammam → Riyadh,Reefer,C009,2680,true,2555,SAR
O2-C009-63,,2026-06-29,Dammam → Riyadh,Reefer,C009,2545,true,2615,SAR
O2-C010-0,,2026-08-03,Dammam → Riyadh,Reefer,C010,2245,false,2610,SAR
O2-C010-1,,2026-08-17,Dammam → Riyadh,Reefer,C010,2210,false,2530,SAR
O2-C010-2,,2026-08-23,Dammam → Riyadh,Reefer,C010,2210,true,2615,SAR
O2-C010-3,,2026-07-26,Dammam → Riyadh,Reefer,C010,2215,true,2575,SAR
O2-C010-4,,2026-08-09,Dammam → Riyadh,Reefer,C010,2215,true,2570,SAR
O2-C010-5,,2026-09-02,Dammam → Riyadh,Reefer,C010,2195,false,2530,SAR
O2-C010-6,,2026-06-23,Dammam → Riyadh,Reefer,C010,2170,true,2520,SAR
O2-C010-7,,2026-08-21,Dammam → Riyadh,Reefer,C010,2205,false,2595,SAR
O2-C010-8,,2026-09-02,Dammam → Riyadh,Reefer,C010,2185,false,2545,SAR
O2-C010-9,,2026-07-08,Dammam → Riyadh,Reefer,C010,2230,false,2530,SAR
O2-C010-10,,2026-08-12,Dammam → Riyadh,Reefer,C010,2250,false,2530,SAR
O2-C010-11,,2026-08-13,Dammam → Riyadh,Reefer,C010,2185,false,2615,SAR
O2-C010-12,,2026-07-10,Dammam → Riyadh,Reefer,C010,2205,false,2540,SAR
O2-C010-13,,2026-08-21,Dammam → Riyadh,Reefer,C010,2250,false,2520,SAR
O2-C010-14,,2026-08-27,Dammam → Riyadh,Reefer,C010,2225,true,2535,SAR
O2-C010-15,,2026-06-21,Dammam → Riyadh,Reefer,C010,2190,false,2615,SAR
O2-C010-16,,2026-08-02,Dammam → Riyadh,Reefer,C010,2425,true,2590,SAR
O2-C010-17,,2026-09-02,Dammam → Riyadh,Reefer,C010,2370,false,2510,SAR
O2-C010-18,,2026-08-24,Dammam → Riyadh,Reefer,C010,2425,true,2550,SAR
O2-C010-19,,2026-08-02,Dammam → Riyadh,Reefer,C010,2365,true,2615,SAR
O2-C010-20,,2026-08-12,Dammam → Riyadh,Reefer,C010,2405,true,2545,SAR
O2-C010-21,,2026-08-14,Dammam → Riyadh,Reefer,C010,2420,true,2520,SAR
O2-C010-22,,2026-06-16,Dammam → Riyadh,Reefer,C010,2365,true,2530,SAR
O2-C010-23,,2026-08-23,Dammam → Riyadh,Reefer,C010,2390,true,2605,SAR
O2-C010-24,,2026-08-18,Dammam → Riyadh,Reefer,C010,2400,true,2530,SAR
O2-C010-25,,2026-06-15,Dammam → Riyadh,Reefer,C010,2405,true,2575,SAR
O2-C010-26,,2026-08-14,Dammam → Riyadh,Reefer,C010,2400,true,2590,SAR
O2-C010-27,,2026-09-03,Dammam → Riyadh,Reefer,C010,2380,true,2620,SAR
O2-C010-28,,2026-08-06,Dammam → Riyadh,Reefer,C010,2390,true,2545,SAR
O2-C010-29,,2026-08-22,Dammam → Riyadh,Reefer,C010,2415,true,2580,SAR
O2-C010-30,,2026-08-18,Dammam → Riyadh,Reefer,C010,2405,true,2530,SAR
O2-C010-31,,2026-06-27,Dammam → Riyadh,Reefer,C010,2395,true,2510,SAR
O2-C010-32,,2026-09-03,Dammam → Riyadh,Reefer,C010,2430,true,2555,SAR
O2-C010-33,,2026-08-19,Dammam → Riyadh,Reefer,C010,2400,true,2585,SAR
O2-C010-34,,2026-06-11,Dammam → Riyadh,Reefer,C010,2395,true,2505,SAR
O2-C010-35,,2026-08-21,Dammam → Riyadh,Reefer,C010,2425,true,2510,SAR
O2-C010-36,,2026-09-05,Dammam → Riyadh,Reefer,C010,2375,true,2600,SAR
O2-C010-37,,2026-06-11,Dammam → Riyadh,Reefer,C010,2410,true,2525,SAR
O2-C010-38,,2026-09-01,Dammam → Riyadh,Reefer,C010,2400,true,2545,SAR
O2-C010-39,,2026-08-17,Dammam → Riyadh,Reefer,C010,2425,true,2590,SAR
O2-C010-40,,2026-07-12,Dammam → Riyadh,Reefer,C010,2365,true,2545,SAR
O2-C010-41,,2026-08-21,Dammam → Riyadh,Reefer,C010,2405,true,2530,SAR
O2-C010-42,,2026-08-19,Dammam → Riyadh,Reefer,C010,2365,true,2525,SAR
O2-C010-43,,2026-08-02,Dammam → Riyadh,Reefer,C010,2425,true,2530,SAR
O2-C010-44,,2026-08-23,Dammam → Riyadh,Reefer,C010,2355,true,2520,SAR
O2-C010-45,,2026-09-01,Dammam → Riyadh,Reefer,C010,2365,true,2590,SAR
O2-C010-46,,2026-07-20,Dammam → Riyadh,Reefer,C010,2425,true,2620,SAR
O2-C010-47,,2026-08-20,Dammam → Riyadh,Reefer,C010,2380,true,2545,SAR
O2-C010-48,,2026-07-10,Dammam → Riyadh,Reefer,C010,2555,true,2560,SAR
O2-C010-49,,2026-08-15,Dammam → Riyadh,Reefer,C010,2510,true,2585,SAR
O2-C010-50,,2026-08-20,Dammam → Riyadh,Reefer,C010,2510,true,2605,SAR
O2-C010-51,,2026-07-14,Dammam → Riyadh,Reefer,C010,2530,true,2590,SAR
O2-C010-52,,2026-09-02,Dammam → Riyadh,Reefer,C010,2655,true,2565,SAR
O2-C010-53,,2026-08-17,Dammam → Riyadh,Reefer,C010,2555,true,2555,SAR
O2-C010-54,,2026-07-08,Dammam → Riyadh,Reefer,C010,2510,true,2610,SAR
O2-C010-55,,2026-08-09,Dammam → Riyadh,Reefer,C010,2665,true,2590,SAR
O2-C010-56,,2026-08-12,Dammam → Riyadh,Reefer,C010,2650,true,2525,SAR
O2-C010-57,,2026-07-29,Dammam → Riyadh,Reefer,C010,2615,true,2580,SAR
O2-C010-58,,2026-08-29,Dammam → Riyadh,Reefer,C010,2555,true,2535,SAR
O2-C010-59,,2026-08-19,Dammam → Riyadh,Reefer,C010,2560,false,2540,SAR
O2-C010-60,,2026-06-29,Dammam → Riyadh,Reefer,C010,2625,true,2520,SAR
O2-C010-61,,2026-09-05,Dammam → Riyadh,Reefer,C010,2635,true,2530,SAR
O2-C010-62,,2026-08-29,Dammam → Riyadh,Reefer,C010,2600,true,2545,SAR
O2-C010-63,,2026-06-20,Dammam → Riyadh,Reefer,C010,2540,true,2570,SAR
O2-C011-0,,2026-06-19,Dammam → Riyadh,Reefer,C011,2225,false,2565,SAR
O2-C011-1,,2026-08-19,Dammam → Riyadh,Reefer,C011,2205,true,2555,SAR
O2-C011-2,,2026-09-02,Dammam → Riyadh,Reefer,C011,2185,true,2515,SAR
O2-C011-3,,2026-06-23,Dammam → Riyadh,Reefer,C011,2185,true,2530,SAR
O2-C011-4,,2026-08-17,Dammam → Riyadh,Reefer,C011,2230,false,2590,SAR
O2-C011-5,,2026-08-24,Dammam → Riyadh,Reefer,C011,2175,true,2600,SAR
O2-C011-6,,2026-06-20,Dammam → Riyadh,Reefer,C011,2200,false,2535,SAR
O2-C011-7,,2026-09-03,Dammam → Riyadh,Reefer,C011,2250,false,2505,SAR
O2-C011-8,,2026-09-03,Dammam → Riyadh,Reefer,C011,2235,false,2520,SAR
O2-C011-9,,2026-08-01,Dammam → Riyadh,Reefer,C011,2205,false,2530,SAR
O2-C011-10,,2026-08-15,Dammam → Riyadh,Reefer,C011,2180,false,2510,SAR
O2-C011-11,,2026-08-19,Dammam → Riyadh,Reefer,C011,2185,false,2570,SAR
O2-C011-12,,2026-06-29,Dammam → Riyadh,Reefer,C011,2185,true,2515,SAR
O2-C011-13,,2026-08-12,Dammam → Riyadh,Reefer,C011,2195,false,2585,SAR
O2-C011-14,,2026-08-21,Dammam → Riyadh,Reefer,C011,2200,false,2595,SAR
O2-C011-15,,2026-06-21,Dammam → Riyadh,Reefer,C011,2200,false,2600,SAR
O2-C011-16,,2026-07-09,Dammam → Riyadh,Reefer,C011,2415,true,2575,SAR
O2-C011-17,,2026-08-16,Dammam → Riyadh,Reefer,C011,2380,true,2590,SAR
O2-C011-18,,2026-08-24,Dammam → Riyadh,Reefer,C011,2370,false,2525,SAR
O2-C011-19,,2026-07-08,Dammam → Riyadh,Reefer,C011,2410,true,2575,SAR
O2-C011-20,,2026-08-31,Dammam → Riyadh,Reefer,C011,2425,true,2520,SAR
O2-C011-21,,2026-08-30,Dammam → Riyadh,Reefer,C011,2430,true,2560,SAR
O2-C011-22,,2026-07-31,Dammam → Riyadh,Reefer,C011,2420,true,2550,SAR
O2-C011-23,,2026-08-12,Dammam → Riyadh,Reefer,C011,2385,true,2605,SAR
O2-C011-24,,2026-08-15,Dammam → Riyadh,Reefer,C011,2425,true,2600,SAR
O2-C011-25,,2026-06-11,Dammam → Riyadh,Reefer,C011,2370,true,2560,SAR
O2-C011-26,,2026-08-16,Dammam → Riyadh,Reefer,C011,2360,true,2590,SAR
O2-C011-27,,2026-08-23,Dammam → Riyadh,Reefer,C011,2365,true,2555,SAR
O2-C011-28,,2026-08-01,Dammam → Riyadh,Reefer,C011,2410,true,2615,SAR
O2-C011-29,,2026-08-13,Dammam → Riyadh,Reefer,C011,2395,true,2615,SAR
O2-C011-30,,2026-09-03,Dammam → Riyadh,Reefer,C011,2430,true,2505,SAR
O2-C011-31,,2026-06-23,Dammam → Riyadh,Reefer,C011,2420,true,2535,SAR
O2-C011-32,,2026-08-14,Dammam → Riyadh,Reefer,C011,2375,true,2520,SAR
O2-C011-33,,2026-09-06,Dammam → Riyadh,Reefer,C011,2405,true,2575,SAR
O2-C011-34,,2026-06-09,Dammam → Riyadh,Reefer,C011,2385,true,2540,SAR
O2-C011-35,,2026-09-02,Dammam → Riyadh,Reefer,C011,2365,true,2550,SAR
O2-C011-36,,2026-08-22,Dammam → Riyadh,Reefer,C011,2425,true,2535,SAR
O2-C011-37,,2026-06-09,Dammam → Riyadh,Reefer,C011,2370,true,2505,SAR
O2-C011-38,,2026-08-30,Dammam → Riyadh,Reefer,C011,2380,true,2560,SAR
O2-C011-39,,2026-08-11,Dammam → Riyadh,Reefer,C011,2400,true,2520,SAR
O2-C011-40,,2026-08-05,Dammam → Riyadh,Reefer,C011,2395,true,2580,SAR
O2-C011-41,,2026-09-05,Dammam → Riyadh,Reefer,C011,2360,true,2605,SAR
O2-C011-42,,2026-08-16,Dammam → Riyadh,Reefer,C011,2405,true,2565,SAR
O2-C011-43,,2026-06-24,Dammam → Riyadh,Reefer,C011,2425,true,2520,SAR
O2-C011-44,,2026-08-09,Dammam → Riyadh,Reefer,C011,2365,true,2570,SAR
O2-C011-45,,2026-08-16,Dammam → Riyadh,Reefer,C011,2395,false,2545,SAR
O2-C011-46,,2026-07-04,Dammam → Riyadh,Reefer,C011,2395,true,2550,SAR
O2-C011-47,,2026-08-15,Dammam → Riyadh,Reefer,C011,2360,true,2610,SAR
O2-C011-48,,2026-07-10,Dammam → Riyadh,Reefer,C011,2555,true,2555,SAR
O2-C011-49,,2026-08-18,Dammam → Riyadh,Reefer,C011,2530,true,2565,SAR
O2-C011-50,,2026-08-23,Dammam → Riyadh,Reefer,C011,2560,true,2550,SAR
O2-C011-51,,2026-07-17,Dammam → Riyadh,Reefer,C011,2525,true,2535,SAR
O2-C011-52,,2026-08-31,Dammam → Riyadh,Reefer,C011,2500,true,2515,SAR
O2-C011-53,,2026-09-04,Dammam → Riyadh,Reefer,C011,2665,true,2555,SAR
O2-C011-54,,2026-07-13,Dammam → Riyadh,Reefer,C011,2585,true,2615,SAR
O2-C011-55,,2026-09-03,Dammam → Riyadh,Reefer,C011,2540,true,2505,SAR
O2-C011-56,,2026-08-27,Dammam → Riyadh,Reefer,C011,2590,true,2610,SAR
O2-C011-57,,2026-07-03,Dammam → Riyadh,Reefer,C011,2595,true,2550,SAR
O2-C011-58,,2026-08-12,Dammam → Riyadh,Reefer,C011,2610,true,2560,SAR
O2-C011-59,,2026-08-15,Dammam → Riyadh,Reefer,C011,2515,true,2510,SAR
O2-C011-60,,2026-06-23,Dammam → Riyadh,Reefer,C011,2600,true,2580,SAR
O2-C011-61,,2026-08-09,Dammam → Riyadh,Reefer,C011,2595,false,2610,SAR
O2-C011-62,,2026-08-25,Dammam → Riyadh,Reefer,C011,2600,true,2565,SAR
O2-C011-63,,2026-06-20,Dammam → Riyadh,Reefer,C011,2655,true,2610,SAR
O2-C012-0,,2026-07-20,Dammam → Riyadh,Reefer,C012,2245,true,2575,SAR
O2-C012-1,,2026-09-05,Dammam → Riyadh,Reefer,C012,2215,false,2505,SAR
O2-C012-2,,2026-08-31,Dammam → Riyadh,Reefer,C012,2210,true,2505,SAR
O2-C012-3,,2026-07-20,Dammam → Riyadh,Reefer,C012,2260,false,2600,SAR
O2-C012-4,,2026-08-28,Dammam → Riyadh,Reefer,C012,2250,false,2525,SAR
O2-C012-5,,2026-08-21,Dammam → Riyadh,Reefer,C012,2265,false,2510,SAR
O2-C012-6,,2026-07-20,Dammam → Riyadh,Reefer,C012,2250,false,2545,SAR
O2-C012-7,,2026-09-01,Dammam → Riyadh,Reefer,C012,2255,true,2575,SAR
O2-C012-8,,2026-08-09,Dammam → Riyadh,Reefer,C012,2250,true,2595,SAR
O2-C012-9,,2026-06-10,Dammam → Riyadh,Reefer,C012,2270,true,2545,SAR
O2-C012-10,,2026-09-01,Dammam → Riyadh,Reefer,C012,2250,false,2575,SAR
O2-C012-11,,2026-08-10,Dammam → Riyadh,Reefer,C012,2265,true,2515,SAR
O2-C012-12,,2026-07-19,Dammam → Riyadh,Reefer,C012,2250,false,2595,SAR
O2-C012-13,,2026-09-01,Dammam → Riyadh,Reefer,C012,2215,false,2560,SAR
O2-C012-14,,2026-08-29,Dammam → Riyadh,Reefer,C012,2200,false,2585,SAR
O2-C012-15,,2026-06-30,Dammam → Riyadh,Reefer,C012,2240,false,2565,SAR
O2-C012-16,,2026-07-12,Dammam → Riyadh,Reefer,C012,2455,true,2510,SAR
O2-C012-17,,2026-09-02,Dammam → Riyadh,Reefer,C012,2435,true,2515,SAR
O2-C012-18,,2026-08-10,Dammam → Riyadh,Reefer,C012,2450,true,2515,SAR
O2-C012-19,,2026-06-26,Dammam → Riyadh,Reefer,C012,2385,true,2520,SAR
O2-C012-20,,2026-09-06,Dammam → Riyadh,Reefer,C012,2455,true,2620,SAR
O2-C012-21,,2026-08-16,Dammam → Riyadh,Reefer,C012,2385,true,2590,SAR
O2-C012-22,,2026-07-30,Dammam → Riyadh,Reefer,C012,2385,true,2565,SAR
O2-C012-23,,2026-08-22,Dammam → Riyadh,Reefer,C012,2455,true,2550,SAR
O2-C012-24,,2026-08-21,Dammam → Riyadh,Reefer,C012,2390,true,2610,SAR
O2-C012-25,,2026-08-05,Dammam → Riyadh,Reefer,C012,2410,true,2505,SAR
O2-C012-26,,2026-08-19,Dammam → Riyadh,Reefer,C012,2450,true,2535,SAR
O2-C012-27,,2026-08-12,Dammam → Riyadh,Reefer,C012,2385,true,2510,SAR
O2-C012-28,,2026-07-16,Dammam → Riyadh,Reefer,C012,2435,true,2520,SAR
O2-C012-29,,2026-08-19,Dammam → Riyadh,Reefer,C012,2400,true,2570,SAR
O2-C012-30,,2026-08-18,Dammam → Riyadh,Reefer,C012,2450,true,2580,SAR
O2-C012-31,,2026-08-07,Dammam → Riyadh,Reefer,C012,2455,true,2550,SAR
O2-C012-32,,2026-08-18,Dammam → Riyadh,Reefer,C012,2405,true,2515,SAR
O2-C012-33,,2026-08-21,Dammam → Riyadh,Reefer,C012,2435,true,2550,SAR
O2-C012-34,,2026-06-13,Dammam → Riyadh,Reefer,C012,2450,true,2615,SAR
O2-C012-35,,2026-09-02,Dammam → Riyadh,Reefer,C012,2380,true,2610,SAR
O2-C012-36,,2026-08-19,Dammam → Riyadh,Reefer,C012,2400,true,2550,SAR
O2-C012-37,,2026-06-25,Dammam → Riyadh,Reefer,C012,2385,true,2535,SAR
O2-C012-38,,2026-08-31,Dammam → Riyadh,Reefer,C012,2420,true,2595,SAR
O2-C012-39,,2026-09-02,Dammam → Riyadh,Reefer,C012,2405,true,2585,SAR
O2-C012-40,,2026-06-15,Dammam → Riyadh,Reefer,C012,2435,true,2615,SAR
O2-C012-41,,2026-08-30,Dammam → Riyadh,Reefer,C012,2440,true,2580,SAR
O2-C012-42,,2026-09-01,Dammam → Riyadh,Reefer,C012,2425,false,2555,SAR
O2-C012-43,,2026-07-21,Dammam → Riyadh,Reefer,C012,2425,true,2535,SAR
O2-C012-44,,2026-08-25,Dammam → Riyadh,Reefer,C012,2435,true,2510,SAR
O2-C012-45,,2026-08-27,Dammam → Riyadh,Reefer,C012,2455,true,2605,SAR
O2-C012-46,,2026-07-15,Dammam → Riyadh,Reefer,C012,2450,true,2610,SAR
O2-C012-47,,2026-08-12,Dammam → Riyadh,Reefer,C012,2430,true,2550,SAR
O2-C012-48,,2026-08-05,Dammam → Riyadh,Reefer,C012,2680,true,2570,SAR
O2-C012-49,,2026-08-23,Dammam → Riyadh,Reefer,C012,2620,true,2595,SAR
O2-C012-50,,2026-09-02,Dammam → Riyadh,Reefer,C012,2670,true,2610,SAR
O2-C012-51,,2026-07-18,Dammam → Riyadh,Reefer,C012,2665,true,2515,SAR
O2-C012-52,,2026-09-03,Dammam → Riyadh,Reefer,C012,2640,true,2610,SAR
O2-C012-53,,2026-08-12,Dammam → Riyadh,Reefer,C012,2565,true,2530,SAR
O2-C012-54,,2026-06-27,Dammam → Riyadh,Reefer,C012,2670,true,2540,SAR
O2-C012-55,,2026-08-26,Dammam → Riyadh,Reefer,C012,2585,true,2580,SAR
O2-C012-56,,2026-08-25,Dammam → Riyadh,Reefer,C012,2630,true,2595,SAR
O2-C012-57,,2026-06-17,Dammam → Riyadh,Reefer,C012,2685,true,2620,SAR
O2-C012-58,,2026-09-05,Dammam → Riyadh,Reefer,C012,2525,true,2560,SAR
O2-C012-59,,2026-09-03,Dammam → Riyadh,Reefer,C012,2665,true,2620,SAR
O2-C012-60,,2026-07-27,Dammam → Riyadh,Reefer,C012,2545,true,2530,SAR
O2-C012-61,,2026-08-18,Dammam → Riyadh,Reefer,C012,2535,true,2575,SAR
O2-C012-62,,2026-08-18,Dammam → Riyadh,Reefer,C012,2670,true,2585,SAR
O2-C012-63,,2026-07-17,Dammam → Riyadh,Reefer,C012,2670,true,2610,SAR
O2-C025-0,,2026-07-14,Dammam → Riyadh,Reefer,C025,2240,false,2505,SAR
O2-C025-1,,2026-08-26,Dammam → Riyadh,Reefer,C025,2235,false,2615,SAR
O2-C025-2,,2026-08-23,Dammam → Riyadh,Reefer,C025,2200,false,2525,SAR
O2-C025-3,,2026-06-13,Dammam → Riyadh,Reefer,C025,2265,false,2525,SAR
O2-C025-4,,2026-08-22,Dammam → Riyadh,Reefer,C025,2215,true,2530,SAR
O2-C025-5,,2026-08-14,Dammam → Riyadh,Reefer,C025,2210,true,2600,SAR
O2-C025-6,,2026-06-28,Dammam → Riyadh,Reefer,C025,2225,true,2595,SAR
O2-C025-7,,2026-08-20,Dammam → Riyadh,Reefer,C025,2205,false,2590,SAR
O2-C025-8,,2026-08-20,Dammam → Riyadh,Reefer,C025,2220,false,2525,SAR
O2-C025-9,,2026-06-14,Dammam → Riyadh,Reefer,C025,2230,false,2560,SAR
O2-C025-10,,2026-08-12,Dammam → Riyadh,Reefer,C025,2215,true,2590,SAR
O2-C025-11,,2026-08-25,Dammam → Riyadh,Reefer,C025,2255,true,2530,SAR
O2-C025-12,,2026-07-18,Dammam → Riyadh,Reefer,C025,2185,true,2525,SAR
O2-C025-13,,2026-08-21,Dammam → Riyadh,Reefer,C025,2245,false,2510,SAR
O2-C025-14,,2026-08-29,Dammam → Riyadh,Reefer,C025,2195,false,2560,SAR
O2-C025-15,,2026-06-24,Dammam → Riyadh,Reefer,C025,2235,false,2610,SAR
O2-C025-16,,2026-06-10,Dammam → Riyadh,Reefer,C025,2445,true,2580,SAR
O2-C025-17,,2026-08-19,Dammam → Riyadh,Reefer,C025,2380,true,2595,SAR
O2-C025-18,,2026-08-16,Dammam → Riyadh,Reefer,C025,2390,true,2565,SAR
O2-C025-19,,2026-08-07,Dammam → Riyadh,Reefer,C025,2415,true,2565,SAR
O2-C025-20,,2026-08-26,Dammam → Riyadh,Reefer,C025,2380,true,2515,SAR
O2-C025-21,,2026-08-13,Dammam → Riyadh,Reefer,C025,2385,true,2605,SAR
O2-C025-22,,2026-06-25,Dammam → Riyadh,Reefer,C025,2425,true,2550,SAR
O2-C025-23,,2026-08-13,Dammam → Riyadh,Reefer,C025,2385,true,2540,SAR
O2-C025-24,,2026-08-20,Dammam → Riyadh,Reefer,C025,2400,true,2515,SAR
O2-C025-25,,2026-06-22,Dammam → Riyadh,Reefer,C025,2375,true,2570,SAR
O2-C025-26,,2026-08-26,Dammam → Riyadh,Reefer,C025,2440,true,2510,SAR
O2-C025-27,,2026-09-06,Dammam → Riyadh,Reefer,C025,2415,false,2560,SAR
O2-C025-28,,2026-06-13,Dammam → Riyadh,Reefer,C025,2440,true,2575,SAR
O2-C025-29,,2026-08-29,Dammam → Riyadh,Reefer,C025,2425,true,2510,SAR
O2-C025-30,,2026-08-16,Dammam → Riyadh,Reefer,C025,2365,true,2535,SAR
O2-C025-31,,2026-06-20,Dammam → Riyadh,Reefer,C025,2425,true,2535,SAR
O2-C025-32,,2026-08-16,Dammam → Riyadh,Reefer,C025,2370,true,2605,SAR
O2-C025-33,,2026-08-31,Dammam → Riyadh,Reefer,C025,2435,true,2510,SAR
O2-C025-34,,2026-08-04,Dammam → Riyadh,Reefer,C025,2425,true,2545,SAR
O2-C025-35,,2026-08-31,Dammam → Riyadh,Reefer,C025,2425,true,2530,SAR
O2-C025-36,,2026-08-17,Dammam → Riyadh,Reefer,C025,2435,true,2580,SAR
O2-C025-37,,2026-07-28,Dammam → Riyadh,Reefer,C025,2415,true,2530,SAR
O2-C025-38,,2026-09-02,Dammam → Riyadh,Reefer,C025,2405,true,2570,SAR
O2-C025-39,,2026-09-05,Dammam → Riyadh,Reefer,C025,2390,true,2610,SAR
O2-C025-40,,2026-07-26,Dammam → Riyadh,Reefer,C025,2445,true,2605,SAR
O2-C025-41,,2026-08-09,Dammam → Riyadh,Reefer,C025,2425,true,2520,SAR
O2-C025-42,,2026-08-25,Dammam → Riyadh,Reefer,C025,2405,true,2550,SAR
O2-C025-43,,2026-07-28,Dammam → Riyadh,Reefer,C025,2430,true,2600,SAR
O2-C025-44,,2026-08-15,Dammam → Riyadh,Reefer,C025,2445,true,2560,SAR
O2-C025-45,,2026-08-21,Dammam → Riyadh,Reefer,C025,2395,true,2530,SAR
O2-C025-46,,2026-07-23,Dammam → Riyadh,Reefer,C025,2380,true,2595,SAR
O2-C025-47,,2026-08-15,Dammam → Riyadh,Reefer,C025,2395,true,2585,SAR
O2-C025-48,,2026-07-14,Dammam → Riyadh,Reefer,C025,2595,true,2510,SAR
O2-C025-49,,2026-08-24,Dammam → Riyadh,Reefer,C025,2640,true,2525,SAR
O2-C025-50,,2026-09-01,Dammam → Riyadh,Reefer,C025,2520,true,2550,SAR
O2-C025-51,,2026-07-07,Dammam → Riyadh,Reefer,C025,2640,true,2585,SAR
O2-C025-52,,2026-09-04,Dammam → Riyadh,Reefer,C025,2520,true,2505,SAR
O2-C025-53,,2026-08-09,Dammam → Riyadh,Reefer,C025,2590,true,2540,SAR
O2-C025-54,,2026-06-22,Dammam → Riyadh,Reefer,C025,2520,true,2610,SAR
O2-C025-55,,2026-08-23,Dammam → Riyadh,Reefer,C025,2505,true,2530,SAR
O2-C025-56,,2026-08-25,Dammam → Riyadh,Reefer,C025,2600,true,2610,SAR
O2-C025-57,,2026-07-13,Dammam → Riyadh,Reefer,C025,2525,true,2595,SAR
O2-C025-58,,2026-08-15,Dammam → Riyadh,Reefer,C025,2575,true,2590,SAR
O2-C025-59,,2026-08-12,Dammam → Riyadh,Reefer,C025,2615,true,2570,SAR
O2-C025-60,,2026-06-29,Dammam → Riyadh,Reefer,C025,2650,true,2560,SAR
O2-C025-61,,2026-08-19,Dammam → Riyadh,Reefer,C025,2560,true,2540,SAR
O2-C025-62,,2026-08-17,Dammam → Riyadh,Reefer,C025,2645,true,2620,SAR
O2-C025-63,,2026-07-17,Dammam → Riyadh,Reefer,C025,2505,true,2575,SAR
O3-C013-0,,2026-06-21,Riyadh → Jeddah,Dry Van,C013,2735,false,3605,SAR
O3-C013-1,,2026-08-31,Riyadh → Jeddah,Dry Van,C013,2755,false,3515,SAR
O3-C013-2,,2026-08-14,Riyadh → Jeddah,Dry Van,C013,2735,true,3550,SAR
O3-C013-3,,2026-06-20,Riyadh → Jeddah,Dry Van,C013,2805,false,3655,SAR
O3-C013-4,,2026-08-28,Riyadh → Jeddah,Dry Van,C013,2805,false,3615,SAR
O3-C013-5,,2026-08-22,Riyadh → Jeddah,Dry Van,C013,2760,true,3545,SAR
O3-C013-6,,2026-07-21,Riyadh → Jeddah,Dry Van,C013,2730,false,3585,SAR
O3-C013-7,,2026-08-23,Riyadh → Jeddah,Dry Van,C013,2775,false,3620,SAR
O3-C013-8,,2026-08-14,Riyadh → Jeddah,Dry Van,C013,2810,false,3580,SAR
O3-C013-9,,2026-08-02,Riyadh → Jeddah,Dry Van,C013,2745,true,3525,SAR
O3-C013-10,,2026-08-19,Riyadh → Jeddah,Dry Van,C013,2820,false,3545,SAR
O3-C013-11,,2026-08-31,Riyadh → Jeddah,Dry Van,C013,2820,true,3540,SAR
O3-C013-12,,2026-08-03,Riyadh → Jeddah,Dry Van,C013,2765,false,3650,SAR
O3-C013-13,,2026-08-24,Riyadh → Jeddah,Dry Van,C013,2770,false,3635,SAR
O3-C013-14,,2026-08-17,Riyadh → Jeddah,Dry Van,C013,2775,true,3565,SAR
O3-C013-15,,2026-06-20,Riyadh → Jeddah,Dry Van,C013,2775,false,3595,SAR
O3-C013-16,,2026-06-23,Riyadh → Jeddah,Dry Van,C013,3005,true,3510,SAR
O3-C013-17,,2026-08-26,Riyadh → Jeddah,Dry Van,C013,2980,true,3620,SAR
O3-C013-18,,2026-08-14,Riyadh → Jeddah,Dry Van,C013,2975,true,3625,SAR
O3-C013-19,,2026-06-17,Riyadh → Jeddah,Dry Van,C013,3010,true,3630,SAR
O3-C013-20,,2026-08-29,Riyadh → Jeddah,Dry Van,C013,3050,true,3560,SAR
O3-C013-21,,2026-09-02,Riyadh → Jeddah,Dry Van,C013,3000,true,3560,SAR
O3-C013-22,,2026-07-15,Riyadh → Jeddah,Dry Van,C013,3010,true,3620,SAR
O3-C013-23,,2026-08-17,Riyadh → Jeddah,Dry Van,C013,3050,true,3590,SAR
O3-C013-24,,2026-08-16,Riyadh → Jeddah,Dry Van,C013,3040,true,3585,SAR
O3-C013-25,,2026-07-06,Riyadh → Jeddah,Dry Van,C013,2950,true,3520,SAR
O3-C013-26,,2026-08-24,Riyadh → Jeddah,Dry Van,C013,2995,true,3500,SAR
O3-C013-27,,2026-08-12,Riyadh → Jeddah,Dry Van,C013,3005,true,3500,SAR
O3-C013-28,,2026-06-22,Riyadh → Jeddah,Dry Van,C013,2990,true,3620,SAR
O3-C013-29,,2026-08-24,Riyadh → Jeddah,Dry Van,C013,3020,true,3500,SAR
O3-C013-30,,2026-08-15,Riyadh → Jeddah,Dry Van,C013,2975,true,3520,SAR
O3-C013-31,,2026-08-07,Riyadh → Jeddah,Dry Van,C013,2985,false,3630,SAR
O3-C013-32,,2026-08-26,Riyadh → Jeddah,Dry Van,C013,2960,true,3630,SAR
O3-C013-33,,2026-08-25,Riyadh → Jeddah,Dry Van,C013,3020,true,3520,SAR
O3-C013-34,,2026-07-09,Riyadh → Jeddah,Dry Van,C013,3025,true,3530,SAR
O3-C013-35,,2026-09-04,Riyadh → Jeddah,Dry Van,C013,2950,true,3605,SAR
O3-C013-36,,2026-08-16,Riyadh → Jeddah,Dry Van,C013,3025,true,3655,SAR
O3-C013-37,,2026-06-24,Riyadh → Jeddah,Dry Van,C013,2985,true,3600,SAR
O3-C013-38,,2026-08-11,Riyadh → Jeddah,Dry Van,C013,3015,true,3570,SAR
O3-C013-39,,2026-08-31,Riyadh → Jeddah,Dry Van,C013,2985,true,3635,SAR
O3-C013-40,,2026-07-11,Riyadh → Jeddah,Dry Van,C013,3035,true,3630,SAR
O3-C013-41,,2026-08-31,Riyadh → Jeddah,Dry Van,C013,2960,true,3565,SAR
O3-C013-42,,2026-08-11,Riyadh → Jeddah,Dry Van,C013,3010,true,3555,SAR
O3-C013-43,,2026-07-20,Riyadh → Jeddah,Dry Van,C013,2995,true,3625,SAR
O3-C013-44,,2026-08-21,Riyadh → Jeddah,Dry Van,C013,3035,true,3650,SAR
O3-C013-45,,2026-08-23,Riyadh → Jeddah,Dry Van,C013,3000,true,3600,SAR
O3-C013-46,,2026-06-24,Riyadh → Jeddah,Dry Van,C013,2995,false,3590,SAR
O3-C013-47,,2026-08-09,Riyadh → Jeddah,Dry Van,C013,3040,true,3510,SAR
O3-C013-48,,2026-07-15,Riyadh → Jeddah,Dry Van,C013,3265,true,3595,SAR
O3-C013-49,,2026-09-04,Riyadh → Jeddah,Dry Van,C013,3270,true,3610,SAR
O3-C013-50,,2026-09-03,Riyadh → Jeddah,Dry Van,C013,3160,true,3535,SAR
O3-C013-51,,2026-07-30,Riyadh → Jeddah,Dry Van,C013,3180,false,3650,SAR
O3-C013-52,,2026-09-05,Riyadh → Jeddah,Dry Van,C013,3285,true,3620,SAR
O3-C013-53,,2026-08-20,Riyadh → Jeddah,Dry Van,C013,3270,true,3530,SAR
O3-C013-54,,2026-07-07,Riyadh → Jeddah,Dry Van,C013,3135,true,3595,SAR
O3-C013-55,,2026-08-20,Riyadh → Jeddah,Dry Van,C013,3265,true,3530,SAR
O3-C013-56,,2026-08-13,Riyadh → Jeddah,Dry Van,C013,3185,true,3575,SAR
O3-C013-57,,2026-07-08,Riyadh → Jeddah,Dry Van,C013,3240,true,3610,SAR
O3-C013-58,,2026-08-16,Riyadh → Jeddah,Dry Van,C013,3135,true,3540,SAR
O3-C013-59,,2026-08-22,Riyadh → Jeddah,Dry Van,C013,3290,true,3525,SAR
O3-C013-60,,2026-07-08,Riyadh → Jeddah,Dry Van,C013,3300,true,3650,SAR
O3-C013-61,,2026-08-11,Riyadh → Jeddah,Dry Van,C013,3285,true,3540,SAR
O3-C013-62,,2026-08-29,Riyadh → Jeddah,Dry Van,C013,3130,true,3580,SAR
O3-C013-63,,2026-07-19,Riyadh → Jeddah,Dry Van,C013,3305,true,3655,SAR
O3-C014-0,,2026-06-24,Riyadh → Jeddah,Dry Van,C014,2775,true,3550,SAR
O3-C014-1,,2026-08-16,Riyadh → Jeddah,Dry Van,C014,2830,false,3645,SAR
O3-C014-2,,2026-08-14,Riyadh → Jeddah,Dry Van,C014,2810,false,3650,SAR
O3-C014-3,,2026-07-11,Riyadh → Jeddah,Dry Van,C014,2795,false,3635,SAR
O3-C014-4,,2026-08-22,Riyadh → Jeddah,Dry Van,C014,2820,false,3520,SAR
O3-C014-5,,2026-08-09,Riyadh → Jeddah,Dry Van,C014,2765,true,3520,SAR
O3-C014-6,,2026-07-03,Riyadh → Jeddah,Dry Van,C014,2785,false,3645,SAR
O3-C014-7,,2026-08-29,Riyadh → Jeddah,Dry Van,C014,2765,false,3500,SAR
O3-C014-8,,2026-08-20,Riyadh → Jeddah,Dry Van,C014,2765,false,3645,SAR
O3-C014-9,,2026-06-14,Riyadh → Jeddah,Dry Van,C014,2845,true,3635,SAR
O3-C014-10,,2026-08-26,Riyadh → Jeddah,Dry Van,C014,2785,false,3545,SAR
O3-C014-11,,2026-08-19,Riyadh → Jeddah,Dry Van,C014,2780,true,3615,SAR
O3-C014-12,,2026-06-29,Riyadh → Jeddah,Dry Van,C014,2850,true,3645,SAR
O3-C014-13,,2026-08-12,Riyadh → Jeddah,Dry Van,C014,2825,false,3565,SAR
O3-C014-14,,2026-08-12,Riyadh → Jeddah,Dry Van,C014,2825,false,3530,SAR
O3-C014-15,,2026-07-28,Riyadh → Jeddah,Dry Van,C014,2825,false,3650,SAR
O3-C014-16,,2026-07-20,Riyadh → Jeddah,Dry Van,C014,3065,true,3580,SAR
O3-C014-17,,2026-08-11,Riyadh → Jeddah,Dry Van,C014,3030,true,3550,SAR
O3-C014-18,,2026-08-13,Riyadh → Jeddah,Dry Van,C014,3040,true,3585,SAR
O3-C014-19,,2026-08-06,Riyadh → Jeddah,Dry Van,C014,3060,true,3565,SAR
O3-C014-20,,2026-08-26,Riyadh → Jeddah,Dry Van,C014,3040,true,3575,SAR
O3-C014-21,,2026-08-12,Riyadh → Jeddah,Dry Van,C014,3060,true,3575,SAR
O3-C014-22,,2026-07-06,Riyadh → Jeddah,Dry Van,C014,2995,true,3560,SAR
O3-C014-23,,2026-09-01,Riyadh → Jeddah,Dry Van,C014,3040,true,3590,SAR
O3-C014-24,,2026-08-18,Riyadh → Jeddah,Dry Van,C014,3025,true,3655,SAR
O3-C014-25,,2026-07-17,Riyadh → Jeddah,Dry Van,C014,2985,true,3555,SAR
O3-C014-26,,2026-09-06,Riyadh → Jeddah,Dry Van,C014,3025,true,3615,SAR
O3-C014-27,,2026-08-16,Riyadh → Jeddah,Dry Van,C014,3060,true,3605,SAR
O3-C014-28,,2026-06-24,Riyadh → Jeddah,Dry Van,C014,3020,true,3525,SAR
O3-C014-29,,2026-08-11,Riyadh → Jeddah,Dry Van,C014,3020,true,3590,SAR
O3-C014-30,,2026-08-11,Riyadh → Jeddah,Dry Van,C014,3055,true,3575,SAR
O3-C014-31,,2026-07-20,Riyadh → Jeddah,Dry Van,C014,3055,true,3595,SAR
O3-C014-32,,2026-08-23,Riyadh → Jeddah,Dry Van,C014,3015,true,3630,SAR
O3-C014-33,,2026-08-14,Riyadh → Jeddah,Dry Van,C014,3020,true,3580,SAR
O3-C014-34,,2026-06-12,Riyadh → Jeddah,Dry Van,C014,3060,true,3505,SAR
O3-C014-35,,2026-08-09,Riyadh → Jeddah,Dry Van,C014,3025,true,3540,SAR
O3-C014-36,,2026-08-18,Riyadh → Jeddah,Dry Van,C014,3075,true,3635,SAR
O3-C014-37,,2026-07-02,Riyadh → Jeddah,Dry Van,C014,3050,true,3530,SAR
O3-C014-38,,2026-08-22,Riyadh → Jeddah,Dry Van,C014,3070,false,3625,SAR
O3-C014-39,,2026-08-31,Riyadh → Jeddah,Dry Van,C014,3040,true,3650,SAR
O3-C014-40,,2026-06-24,Riyadh → Jeddah,Dry Van,C014,3000,true,3545,SAR
O3-C014-41,,2026-09-06,Riyadh → Jeddah,Dry Van,C014,3030,true,3560,SAR
O3-C014-42,,2026-08-10,Riyadh → Jeddah,Dry Van,C014,2975,true,3520,SAR
O3-C014-43,,2026-06-29,Riyadh → Jeddah,Dry Van,C014,3075,true,3655,SAR
O3-C014-44,,2026-08-30,Riyadh → Jeddah,Dry Van,C014,3010,true,3535,SAR
O3-C014-45,,2026-08-20,Riyadh → Jeddah,Dry Van,C014,3040,true,3570,SAR
O3-C014-46,,2026-08-04,Riyadh → Jeddah,Dry Van,C014,2975,true,3615,SAR
O3-C014-47,,2026-08-12,Riyadh → Jeddah,Dry Van,C014,3075,true,3580,SAR
O3-C014-48,,2026-06-12,Riyadh → Jeddah,Dry Van,C014,3155,true,3640,SAR
O3-C014-49,,2026-08-22,Riyadh → Jeddah,Dry Van,C014,3180,true,3655,SAR
O3-C014-50,,2026-08-19,Riyadh → Jeddah,Dry Van,C014,3190,false,3580,SAR
O3-C014-51,,2026-07-04,Riyadh → Jeddah,Dry Van,C014,3340,true,3600,SAR
O3-C014-52,,2026-08-27,Riyadh → Jeddah,Dry Van,C014,3280,true,3575,SAR
O3-C014-53,,2026-09-02,Riyadh → Jeddah,Dry Van,C014,3270,true,3605,SAR
O3-C014-54,,2026-06-15,Riyadh → Jeddah,Dry Van,C014,3190,true,3585,SAR
O3-C014-55,,2026-08-11,Riyadh → Jeddah,Dry Van,C014,3345,true,3555,SAR
O3-C014-56,,2026-09-03,Riyadh → Jeddah,Dry Van,C014,3215,true,3555,SAR
O3-C014-57,,2026-07-30,Riyadh → Jeddah,Dry Van,C014,3185,true,3520,SAR
O3-C014-58,,2026-09-01,Riyadh → Jeddah,Dry Van,C014,3180,true,3645,SAR
O3-C014-59,,2026-08-28,Riyadh → Jeddah,Dry Van,C014,3170,true,3525,SAR
O3-C014-60,,2026-06-30,Riyadh → Jeddah,Dry Van,C014,3360,true,3645,SAR
O3-C014-61,,2026-08-16,Riyadh → Jeddah,Dry Van,C014,3205,true,3550,SAR
O3-C014-62,,2026-09-01,Riyadh → Jeddah,Dry Van,C014,3290,true,3565,SAR
O3-C014-63,,2026-07-22,Riyadh → Jeddah,Dry Van,C014,3220,true,3515,SAR
O3-C015-0,,2026-06-14,Riyadh → Jeddah,Dry Van,C015,2740,false,3535,SAR
O3-C015-1,,2026-08-19,Riyadh → Jeddah,Dry Van,C015,2780,true,3650,SAR
O3-C015-2,,2026-08-10,Riyadh → Jeddah,Dry Van,C015,2755,false,3540,SAR
O3-C015-3,,2026-06-12,Riyadh → Jeddah,Dry Van,C015,2800,true,3530,SAR
O3-C015-4,,2026-09-01,Riyadh → Jeddah,Dry Van,C015,2715,false,3575,SAR
O3-C015-5,,2026-09-05,Riyadh → Jeddah,Dry Van,C015,2740,false,3610,SAR
O3-C015-6,,2026-07-03,Riyadh → Jeddah,Dry Van,C015,2810,false,3600,SAR
O3-C015-7,,2026-08-10,Riyadh → Jeddah,Dry Van,C015,2725,false,3630,SAR
O3-C015-8,,2026-08-12,Riyadh → Jeddah,Dry Van,C015,2770,true,3535,SAR
O3-C015-9,,2026-07-09,Riyadh → Jeddah,Dry Van,C015,2735,false,3595,SAR
O3-C015-10,,2026-08-31,Riyadh → Jeddah,Dry Van,C015,2750,true,3505,SAR
O3-C015-11,,2026-08-10,Riyadh → Jeddah,Dry Van,C015,2800,true,3545,SAR
O3-C015-12,,2026-06-26,Riyadh → Jeddah,Dry Van,C015,2765,false,3595,SAR
O3-C015-13,,2026-08-10,Riyadh → Jeddah,Dry Van,C015,2755,false,3640,SAR
O3-C015-14,,2026-08-24,Riyadh → Jeddah,Dry Van,C015,2775,false,3640,SAR
O3-C015-15,,2026-07-18,Riyadh → Jeddah,Dry Van,C015,2775,false,3580,SAR
O3-C015-16,,2026-06-30,Riyadh → Jeddah,Dry Van,C015,2945,true,3580,SAR
O3-C015-17,,2026-08-26,Riyadh → Jeddah,Dry Van,C015,2985,true,3560,SAR
O3-C015-18,,2026-08-18,Riyadh → Jeddah,Dry Van,C015,3020,true,3615,SAR
O3-C015-19,,2026-07-12,Riyadh → Jeddah,Dry Van,C015,3025,false,3625,SAR
O3-C015-20,,2026-08-31,Riyadh → Jeddah,Dry Van,C015,3010,true,3555,SAR
O3-C015-21,,2026-09-03,Riyadh → Jeddah,Dry Van,C015,2975,false,3505,SAR
O3-C015-22,,2026-06-22,Riyadh → Jeddah,Dry Van,C015,2970,true,3515,SAR
O3-C015-23,,2026-08-28,Riyadh → Jeddah,Dry Van,C015,3040,true,3550,SAR
O3-C015-24,,2026-08-16,Riyadh → Jeddah,Dry Van,C015,3005,true,3525,SAR
O3-C015-25,,2026-07-29,Riyadh → Jeddah,Dry Van,C015,3005,true,3530,SAR
O3-C015-26,,2026-08-13,Riyadh → Jeddah,Dry Van,C015,3025,true,3585,SAR
O3-C015-27,,2026-08-14,Riyadh → Jeddah,Dry Van,C015,2975,true,3585,SAR
O3-C015-28,,2026-07-18,Riyadh → Jeddah,Dry Van,C015,3025,true,3500,SAR
O3-C015-29,,2026-08-22,Riyadh → Jeddah,Dry Van,C015,3040,true,3540,SAR
O3-C015-30,,2026-09-04,Riyadh → Jeddah,Dry Van,C015,2965,true,3645,SAR
O3-C015-31,,2026-08-06,Riyadh → Jeddah,Dry Van,C015,3000,true,3515,SAR
O3-C015-32,,2026-08-31,Riyadh → Jeddah,Dry Van,C015,2970,true,3630,SAR
O3-C015-33,,2026-09-03,Riyadh → Jeddah,Dry Van,C015,3020,true,3640,SAR
O3-C015-34,,2026-06-16,Riyadh → Jeddah,Dry Van,C015,3040,true,3645,SAR
O3-C015-35,,2026-08-17,Riyadh → Jeddah,Dry Van,C015,2990,true,3540,SAR
O3-C015-36,,2026-09-02,Riyadh → Jeddah,Dry Van,C015,3045,true,3510,SAR
O3-C015-37,,2026-07-23,Riyadh → Jeddah,Dry Van,C015,2990,true,3640,SAR
O3-C015-38,,2026-08-13,Riyadh → Jeddah,Dry Van,C015,2950,true,3505,SAR
O3-C015-39,,2026-09-04,Riyadh → Jeddah,Dry Van,C015,2975,true,3585,SAR
O3-C015-40,,2026-07-03,Riyadh → Jeddah,Dry Van,C015,2980,true,3620,SAR
O3-C015-41,,2026-08-26,Riyadh → Jeddah,Dry Van,C015,2970,true,3630,SAR
O3-C015-42,,2026-08-20,Riyadh → Jeddah,Dry Van,C015,2980,true,3500,SAR
O3-C015-43,,2026-06-28,Riyadh → Jeddah,Dry Van,C015,2960,true,3595,SAR
O3-C015-44,,2026-08-21,Riyadh → Jeddah,Dry Van,C015,2945,true,3645,SAR
O3-C015-45,,2026-08-21,Riyadh → Jeddah,Dry Van,C015,3030,true,3530,SAR
O3-C015-46,,2026-06-09,Riyadh → Jeddah,Dry Van,C015,3010,true,3615,SAR
O3-C015-47,,2026-08-29,Riyadh → Jeddah,Dry Van,C015,2960,true,3545,SAR
O3-C015-48,,2026-07-21,Riyadh → Jeddah,Dry Van,C015,3210,true,3655,SAR
O3-C015-49,,2026-08-12,Riyadh → Jeddah,Dry Van,C015,3235,true,3535,SAR
O3-C015-50,,2026-09-05,Riyadh → Jeddah,Dry Van,C015,3230,true,3645,SAR
O3-C015-51,,2026-06-24,Riyadh → Jeddah,Dry Van,C015,3215,false,3560,SAR
O3-C015-52,,2026-09-04,Riyadh → Jeddah,Dry Van,C015,3210,true,3595,SAR
O3-C015-53,,2026-09-05,Riyadh → Jeddah,Dry Van,C015,3310,true,3660,SAR
O3-C015-54,,2026-07-26,Riyadh → Jeddah,Dry Van,C015,3290,true,3520,SAR
O3-C015-55,,2026-08-26,Riyadh → Jeddah,Dry Van,C015,3275,true,3650,SAR
O3-C015-56,,2026-08-27,Riyadh → Jeddah,Dry Van,C015,3265,true,3565,SAR
O3-C015-57,,2026-07-11,Riyadh → Jeddah,Dry Van,C015,3290,true,3615,SAR
O3-C015-58,,2026-08-28,Riyadh → Jeddah,Dry Van,C015,3300,true,3635,SAR
O3-C015-59,,2026-08-28,Riyadh → Jeddah,Dry Van,C015,3280,true,3570,SAR
O3-C015-60,,2026-06-17,Riyadh → Jeddah,Dry Van,C015,3310,true,3520,SAR
O3-C015-61,,2026-08-29,Riyadh → Jeddah,Dry Van,C015,3130,true,3525,SAR
O3-C015-62,,2026-09-04,Riyadh → Jeddah,Dry Van,C015,3235,true,3590,SAR
O3-C015-63,,2026-07-17,Riyadh → Jeddah,Dry Van,C015,3130,true,3655,SAR
O3-C016-0,,2026-07-22,Riyadh → Jeddah,Dry Van,C016,2820,false,3605,SAR
O3-C016-1,,2026-08-23,Riyadh → Jeddah,Dry Van,C016,2775,false,3540,SAR
O3-C016-2,,2026-09-03,Riyadh → Jeddah,Dry Van,C016,2810,true,3620,SAR
O3-C016-3,,2026-07-26,Riyadh → Jeddah,Dry Van,C016,2790,true,3500,SAR
O3-C016-4,,2026-08-18,Riyadh → Jeddah,Dry Van,C016,2820,true,3565,SAR
O3-C016-5,,2026-08-28,Riyadh → Jeddah,Dry Van,C016,2825,false,3655,SAR
O3-C016-6,,2026-06-13,Riyadh → Jeddah,Dry Van,C016,2825,false,3605,SAR
O3-C016-7,,2026-08-10,Riyadh → Jeddah,Dry Van,C016,2790,false,3590,SAR
O3-C016-8,,2026-08-17,Riyadh → Jeddah,Dry Van,C016,2775,false,3585,SAR
O3-C016-9,,2026-07-14,Riyadh → Jeddah,Dry Van,C016,2770,false,3500,SAR
O3-C016-10,,2026-08-15,Riyadh → Jeddah,Dry Van,C016,2740,false,3635,SAR
O3-C016-11,,2026-08-22,Riyadh → Jeddah,Dry Van,C016,2800,false,3560,SAR
O3-C016-12,,2026-06-19,Riyadh → Jeddah,Dry Van,C016,2790,true,3615,SAR
O3-C016-13,,2026-09-02,Riyadh → Jeddah,Dry Van,C016,2785,true,3625,SAR
O3-C016-14,,2026-08-19,Riyadh → Jeddah,Dry Van,C016,2790,false,3530,SAR
O3-C016-15,,2026-06-29,Riyadh → Jeddah,Dry Van,C016,2785,false,3610,SAR
O3-C016-16,,2026-06-11,Riyadh → Jeddah,Dry Van,C016,2995,true,3655,SAR
O3-C016-17,,2026-08-31,Riyadh → Jeddah,Dry Van,C016,3035,true,3655,SAR
O3-C016-18,,2026-08-25,Riyadh → Jeddah,Dry Van,C016,3020,true,3655,SAR
O3-C016-19,,2026-08-05,Riyadh → Jeddah,Dry Van,C016,3065,true,3630,SAR
O3-C016-20,,2026-08-22,Riyadh → Jeddah,Dry Van,C016,3050,true,3540,SAR
O3-C016-21,,2026-08-11,Riyadh → Jeddah,Dry Van,C016,2970,true,3595,SAR
O3-C016-22,,2026-06-22,Riyadh → Jeddah,Dry Van,C016,2995,true,3635,SAR
O3-C016-23,,2026-08-09,Riyadh → Jeddah,Dry Van,C016,2975,true,3630,SAR
O3-C016-24,,2026-08-14,Riyadh → Jeddah,Dry Van,C016,3045,false,3655,SAR
O3-C016-25,,2026-07-03,Riyadh → Jeddah,Dry Van,C016,3055,true,3600,SAR
O3-C016-26,,2026-08-10,Riyadh → Jeddah,Dry Van,C016,3065,true,3595,SAR
O3-C016-27,,2026-09-01,Riyadh → Jeddah,Dry Van,C016,3055,true,3610,SAR
O3-C016-28,,2026-07-26,Riyadh → Jeddah,Dry Van,C016,3030,true,3565,SAR
O3-C016-29,,2026-08-15,Riyadh → Jeddah,Dry Van,C016,3040,true,3520,SAR
O3-C016-30,,2026-09-05,Riyadh → Jeddah,Dry Van,C016,3025,true,3600,SAR
O3-C016-31,,2026-07-14,Riyadh → Jeddah,Dry Van,C016,3035,true,3555,SAR
O3-C016-32,,2026-09-03,Riyadh → Jeddah,Dry Van,C016,2965,true,3605,SAR
O3-C016-33,,2026-09-05,Riyadh → Jeddah,Dry Van,C016,2970,true,3640,SAR
O3-C016-34,,2026-06-24,Riyadh → Jeddah,Dry Van,C016,2965,true,3545,SAR
O3-C016-35,,2026-08-18,Riyadh → Jeddah,Dry Van,C016,3010,true,3585,SAR
O3-C016-36,,2026-08-09,Riyadh → Jeddah,Dry Van,C016,3045,true,3605,SAR
O3-C016-37,,2026-07-04,Riyadh → Jeddah,Dry Van,C016,3025,true,3600,SAR
O3-C016-38,,2026-08-19,Riyadh → Jeddah,Dry Van,C016,2975,true,3510,SAR
O3-C016-39,,2026-08-21,Riyadh → Jeddah,Dry Van,C016,3030,true,3510,SAR
O3-C016-40,,2026-06-25,Riyadh → Jeddah,Dry Van,C016,3035,true,3625,SAR
O3-C016-41,,2026-08-22,Riyadh → Jeddah,Dry Van,C016,2985,true,3650,SAR
O3-C016-42,,2026-08-09,Riyadh → Jeddah,Dry Van,C016,3065,true,3620,SAR
O3-C016-43,,2026-07-22,Riyadh → Jeddah,Dry Van,C016,2975,true,3540,SAR
O3-C016-44,,2026-08-17,Riyadh → Jeddah,Dry Van,C016,3045,true,3600,SAR
O3-C016-45,,2026-09-02,Riyadh → Jeddah,Dry Van,C016,2980,true,3525,SAR
O3-C016-46,,2026-08-04,Riyadh → Jeddah,Dry Van,C016,3030,true,3500,SAR
O3-C016-47,,2026-08-16,Riyadh → Jeddah,Dry Van,C016,3040,false,3545,SAR
O3-C016-48,,2026-07-19,Riyadh → Jeddah,Dry Van,C016,3155,true,3620,SAR
O3-C016-49,,2026-09-02,Riyadh → Jeddah,Dry Van,C016,3295,true,3535,SAR
O3-C016-50,,2026-08-18,Riyadh → Jeddah,Dry Van,C016,3205,true,3515,SAR
O3-C016-51,,2026-07-23,Riyadh → Jeddah,Dry Van,C016,3340,true,3545,SAR
O3-C016-52,,2026-09-06,Riyadh → Jeddah,Dry Van,C016,3330,true,3560,SAR
O3-C016-53,,2026-08-25,Riyadh → Jeddah,Dry Van,C016,3225,true,3575,SAR
O3-C016-54,,2026-07-21,Riyadh → Jeddah,Dry Van,C016,3345,true,3505,SAR
O3-C016-55,,2026-08-24,Riyadh → Jeddah,Dry Van,C016,3255,true,3650,SAR
O3-C016-56,,2026-08-16,Riyadh → Jeddah,Dry Van,C016,3295,true,3590,SAR
O3-C016-57,,2026-06-24,Riyadh → Jeddah,Dry Van,C016,3350,true,3520,SAR
O3-C016-58,,2026-08-18,Riyadh → Jeddah,Dry Van,C016,3345,false,3640,SAR
O3-C016-59,,2026-08-16,Riyadh → Jeddah,Dry Van,C016,3230,true,3565,SAR
O3-C016-60,,2026-07-11,Riyadh → Jeddah,Dry Van,C016,3310,true,3555,SAR
O3-C016-61,,2026-09-01,Riyadh → Jeddah,Dry Van,C016,3165,true,3575,SAR
O3-C016-62,,2026-08-21,Riyadh → Jeddah,Dry Van,C016,3305,true,3580,SAR
O3-C016-63,,2026-06-18,Riyadh → Jeddah,Dry Van,C016,3295,true,3590,SAR
O3-C021-0,,2026-07-01,Riyadh → Jeddah,Dry Van,C021,2725,false,3510,SAR
O3-C021-1,,2026-08-16,Riyadh → Jeddah,Dry Van,C021,2745,false,3585,SAR
O3-C021-2,,2026-08-23,Riyadh → Jeddah,Dry Van,C021,2760,false,3605,SAR
O3-C021-3,,2026-06-22,Riyadh → Jeddah,Dry Van,C021,2805,true,3630,SAR
O3-C021-4,,2026-08-28,Riyadh → Jeddah,Dry Van,C021,2780,false,3570,SAR
O3-C021-5,,2026-09-05,Riyadh → Jeddah,Dry Van,C021,2750,false,3525,SAR
O3-C021-6,,2026-07-28,Riyadh → Jeddah,Dry Van,C021,2820,true,3530,SAR
O3-C021-7,,2026-08-17,Riyadh → Jeddah,Dry Van,C021,2790,true,3520,SAR
O3-C021-8,,2026-08-13,Riyadh → Jeddah,Dry Van,C021,2780,false,3535,SAR
O3-C021-9,,2026-06-15,Riyadh → Jeddah,Dry Van,C021,2720,false,3595,SAR
O3-C021-10,,2026-09-02,Riyadh → Jeddah,Dry Van,C021,2765,false,3525,SAR
O3-C021-11,,2026-08-09,Riyadh → Jeddah,Dry Van,C021,2815,false,3620,SAR
O3-C021-12,,2026-06-28,Riyadh → Jeddah,Dry Van,C021,2745,true,3525,SAR
O3-C021-13,,2026-09-04,Riyadh → Jeddah,Dry Van,C021,2735,false,3525,SAR
O3-C021-14,,2026-08-30,Riyadh → Jeddah,Dry Van,C021,2750,true,3510,SAR
O3-C021-15,,2026-07-21,Riyadh → Jeddah,Dry Van,C021,2785,false,3645,SAR
O3-C021-16,,2026-07-25,Riyadh → Jeddah,Dry Van,C021,3005,true,3645,SAR
O3-C021-17,,2026-08-23,Riyadh → Jeddah,Dry Van,C021,2995,true,3635,SAR
O3-C021-18,,2026-09-03,Riyadh → Jeddah,Dry Van,C021,3015,true,3655,SAR
O3-C021-19,,2026-07-25,Riyadh → Jeddah,Dry Van,C021,3025,true,3605,SAR
O3-C021-20,,2026-09-02,Riyadh → Jeddah,Dry Van,C021,3045,true,3525,SAR
O3-C021-21,,2026-08-25,Riyadh → Jeddah,Dry Van,C021,3025,true,3630,SAR
O3-C021-22,,2026-06-26,Riyadh → Jeddah,Dry Van,C021,2980,true,3535,SAR
O3-C021-23,,2026-08-31,Riyadh → Jeddah,Dry Van,C021,2945,true,3525,SAR
O3-C021-24,,2026-08-21,Riyadh → Jeddah,Dry Van,C021,2960,true,3520,SAR
O3-C021-25,,2026-07-20,Riyadh → Jeddah,Dry Van,C021,3030,true,3525,SAR
O3-C021-26,,2026-08-28,Riyadh → Jeddah,Dry Van,C021,3025,true,3505,SAR
O3-C021-27,,2026-08-13,Riyadh → Jeddah,Dry Van,C021,2950,false,3570,SAR
O3-C021-28,,2026-07-06,Riyadh → Jeddah,Dry Van,C021,2950,true,3550,SAR
O3-C021-29,,2026-08-22,Riyadh → Jeddah,Dry Van,C021,2995,false,3520,SAR
O3-C021-30,,2026-08-19,Riyadh → Jeddah,Dry Van,C021,3035,true,3520,SAR
O3-C021-31,,2026-08-02,Riyadh → Jeddah,Dry Van,C021,3045,true,3600,SAR
O3-C021-32,,2026-08-12,Riyadh → Jeddah,Dry Van,C021,3000,true,3570,SAR
O3-C021-33,,2026-08-23,Riyadh → Jeddah,Dry Van,C021,2975,true,3650,SAR
O3-C021-34,,2026-07-18,Riyadh → Jeddah,Dry Van,C021,2985,true,3635,SAR
O3-C021-35,,2026-09-02,Riyadh → Jeddah,Dry Van,C021,3020,true,3560,SAR
O3-C021-36,,2026-08-30,Riyadh → Jeddah,Dry Van,C021,3015,true,3655,SAR
O3-C021-37,,2026-07-29,Riyadh → Jeddah,Dry Van,C021,3025,true,3500,SAR
O3-C021-38,,2026-08-14,Riyadh → Jeddah,Dry Van,C021,3000,true,3510,SAR
O3-C021-39,,2026-08-19,Riyadh → Jeddah,Dry Van,C021,2995,true,3615,SAR
O3-C021-40,,2026-06-19,Riyadh → Jeddah,Dry Van,C021,2960,true,3630,SAR
O3-C021-41,,2026-08-16,Riyadh → Jeddah,Dry Van,C021,3050,true,3545,SAR
O3-C021-42,,2026-08-19,Riyadh → Jeddah,Dry Van,C021,2995,true,3585,SAR
O3-C021-43,,2026-07-16,Riyadh → Jeddah,Dry Van,C021,3035,true,3560,SAR
O3-C021-44,,2026-09-03,Riyadh → Jeddah,Dry Van,C021,3010,true,3605,SAR
O3-C021-45,,2026-08-28,Riyadh → Jeddah,Dry Van,C021,3020,true,3510,SAR
O3-C021-46,,2026-08-05,Riyadh → Jeddah,Dry Van,C021,3010,true,3640,SAR
O3-C021-47,,2026-08-21,Riyadh → Jeddah,Dry Van,C021,2955,true,3660,SAR
O3-C021-48,,2026-08-06,Riyadh → Jeddah,Dry Van,C021,3185,true,3540,SAR
O3-C021-49,,2026-08-18,Riyadh → Jeddah,Dry Van,C021,3265,true,3550,SAR
O3-C021-50,,2026-08-16,Riyadh → Jeddah,Dry Van,C021,3315,true,3515,SAR
O3-C021-51,,2026-07-17,Riyadh → Jeddah,Dry Van,C021,3130,true,3510,SAR
O3-C021-52,,2026-08-24,Riyadh → Jeddah,Dry Van,C021,3205,true,3640,SAR
O3-C021-53,,2026-08-10,Riyadh → Jeddah,Dry Van,C021,3285,true,3595,SAR
O3-C021-54,,2026-07-09,Riyadh → Jeddah,Dry Van,C021,3185,true,3585,SAR
O3-C021-55,,2026-09-02,Riyadh → Jeddah,Dry Van,C021,3250,true,3525,SAR
O3-C021-56,,2026-08-29,Riyadh → Jeddah,Dry Van,C021,3295,true,3645,SAR
O3-C021-57,,2026-07-12,Riyadh → Jeddah,Dry Van,C021,3215,true,3565,SAR
O3-C021-58,,2026-08-13,Riyadh → Jeddah,Dry Van,C021,3190,true,3625,SAR
O3-C021-59,,2026-08-13,Riyadh → Jeddah,Dry Van,C021,3255,true,3570,SAR
O3-C021-60,,2026-06-27,Riyadh → Jeddah,Dry Van,C021,3320,true,3605,SAR
O3-C021-61,,2026-09-02,Riyadh → Jeddah,Dry Van,C021,3230,true,3605,SAR
O3-C021-62,,2026-09-04,Riyadh → Jeddah,Dry Van,C021,3165,true,3575,SAR
O3-C021-63,,2026-07-06,Riyadh → Jeddah,Dry Van,C021,3320,false,3575,SAR
O4-C017-0,,2026-07-20,Jeddah → Jubail,Flatbed,C017,3505,false,4670,SAR
O4-C017-1,,2026-08-17,Jeddah → Jubail,Flatbed,C017,3565,true,4620,SAR
O4-C017-2,,2026-08-10,Jeddah → Jubail,Flatbed,C017,3535,false,4710,SAR
O4-C017-3,,2026-07-07,Jeddah → Jubail,Flatbed,C017,3485,false,4630,SAR
O4-C017-4,,2026-08-11,Jeddah → Jubail,Flatbed,C017,3590,true,4565,SAR
O4-C017-5,,2026-08-21,Jeddah → Jubail,Flatbed,C017,3490,false,4650,SAR
O4-C017-6,,2026-07-20,Jeddah → Jubail,Flatbed,C017,3495,true,4675,SAR
O4-C017-7,,2026-08-29,Jeddah → Jubail,Flatbed,C017,3550,false,4570,SAR
O4-C017-8,,2026-08-29,Jeddah → Jubail,Flatbed,C017,3610,false,4640,SAR
O4-C017-9,,2026-08-01,Jeddah → Jubail,Flatbed,C017,3580,false,4745,SAR
O4-C017-10,,2026-09-02,Jeddah → Jubail,Flatbed,C017,3545,true,4585,SAR
O4-C017-11,,2026-08-29,Jeddah → Jubail,Flatbed,C017,3545,true,4640,SAR
O4-C017-12,,2026-07-18,Jeddah → Jubail,Flatbed,C017,3530,false,4640,SAR
O4-C017-13,,2026-09-06,Jeddah → Jubail,Flatbed,C017,3515,false,4590,SAR
O4-C017-14,,2026-08-30,Jeddah → Jubail,Flatbed,C017,3585,false,4625,SAR
O4-C017-15,,2026-07-18,Jeddah → Jubail,Flatbed,C017,3515,false,4730,SAR
O4-C017-16,,2026-06-22,Jeddah → Jubail,Flatbed,C017,3770,true,4635,SAR
O4-C017-17,,2026-08-28,Jeddah → Jubail,Flatbed,C017,3840,true,4620,SAR
O4-C017-18,,2026-08-23,Jeddah → Jubail,Flatbed,C017,3770,true,4590,SAR
O4-C017-19,,2026-07-14,Jeddah → Jubail,Flatbed,C017,3825,true,4655,SAR
O4-C017-20,,2026-08-22,Jeddah → Jubail,Flatbed,C017,3850,true,4595,SAR
O4-C017-21,,2026-08-24,Jeddah → Jubail,Flatbed,C017,3845,true,4605,SAR
O4-C017-22,,2026-07-07,Jeddah → Jubail,Flatbed,C017,3835,true,4550,SAR
O4-C017-23,,2026-08-18,Jeddah → Jubail,Flatbed,C017,3875,true,4730,SAR
O4-C017-24,,2026-09-01,Jeddah → Jubail,Flatbed,C017,3770,true,4585,SAR
O4-C017-25,,2026-06-26,Jeddah → Jubail,Flatbed,C017,3885,true,4715,SAR
O4-C017-26,,2026-08-31,Jeddah → Jubail,Flatbed,C017,3770,true,4600,SAR
O4-C017-27,,2026-08-30,Jeddah → Jubail,Flatbed,C017,3840,true,4660,SAR
O4-C017-28,,2026-08-05,Jeddah → Jubail,Flatbed,C017,3885,true,4585,SAR
O4-C017-29,,2026-08-18,Jeddah → Jubail,Flatbed,C017,3820,true,4585,SAR
O4-C017-30,,2026-09-01,Jeddah → Jubail,Flatbed,C017,3815,true,4730,SAR
O4-C017-31,,2026-07-09,Jeddah → Jubail,Flatbed,C017,3820,true,4550,SAR
O4-C017-32,,2026-08-28,Jeddah → Jubail,Flatbed,C017,3880,true,4720,SAR
O4-C017-33,,2026-08-31,Jeddah → Jubail,Flatbed,C017,3870,true,4665,SAR
O4-C017-34,,2026-07-23,Jeddah → Jubail,Flatbed,C017,3780,true,4605,SAR
O4-C017-35,,2026-08-19,Jeddah → Jubail,Flatbed,C017,3785,true,4680,SAR
O4-C017-36,,2026-09-03,Jeddah → Jubail,Flatbed,C017,3770,true,4700,SAR
O4-C017-37,,2026-07-21,Jeddah → Jubail,Flatbed,C017,3775,true,4555,SAR
O4-C017-38,,2026-08-09,Jeddah → Jubail,Flatbed,C017,3865,true,4570,SAR
O4-C017-39,,2026-08-24,Jeddah → Jubail,Flatbed,C017,3890,true,4630,SAR
O4-C017-40,,2026-06-14,Jeddah → Jubail,Flatbed,C017,3765,true,4660,SAR
O4-C017-41,,2026-09-01,Jeddah → Jubail,Flatbed,C017,3860,true,4695,SAR
O4-C017-42,,2026-08-24,Jeddah → Jubail,Flatbed,C017,3875,true,4725,SAR
O4-C017-43,,2026-07-02,Jeddah → Jubail,Flatbed,C017,3850,true,4600,SAR
O4-C017-44,,2026-08-12,Jeddah → Jubail,Flatbed,C017,3865,true,4645,SAR
O4-C017-45,,2026-08-21,Jeddah → Jubail,Flatbed,C017,3845,true,4575,SAR
O4-C017-46,,2026-07-23,Jeddah → Jubail,Flatbed,C017,3885,true,4610,SAR
O4-C017-47,,2026-08-20,Jeddah → Jubail,Flatbed,C017,3880,false,4610,SAR
O4-C017-48,,2026-06-25,Jeddah → Jubail,Flatbed,C017,3990,true,4635,SAR
O4-C017-49,,2026-08-17,Jeddah → Jubail,Flatbed,C017,4055,true,4725,SAR
O4-C017-50,,2026-08-28,Jeddah → Jubail,Flatbed,C017,4085,true,4610,SAR
O4-C017-51,,2026-07-01,Jeddah → Jubail,Flatbed,C017,4205,true,4715,SAR
O4-C017-52,,2026-08-24,Jeddah → Jubail,Flatbed,C017,4135,true,4600,SAR
O4-C017-53,,2026-08-31,Jeddah → Jubail,Flatbed,C017,4185,true,4550,SAR
O4-C017-54,,2026-06-20,Jeddah → Jubail,Flatbed,C017,4095,true,4620,SAR
O4-C017-55,,2026-08-22,Jeddah → Jubail,Flatbed,C017,4060,true,4600,SAR
O4-C017-56,,2026-08-21,Jeddah → Jubail,Flatbed,C017,4095,true,4620,SAR
O4-C017-57,,2026-07-15,Jeddah → Jubail,Flatbed,C017,4245,true,4670,SAR
O4-C017-58,,2026-08-29,Jeddah → Jubail,Flatbed,C017,4155,true,4640,SAR
O4-C017-59,,2026-09-04,Jeddah → Jubail,Flatbed,C017,4220,true,4685,SAR
O4-C017-60,,2026-06-15,Jeddah → Jubail,Flatbed,C017,4025,true,4555,SAR
O4-C017-61,,2026-08-16,Jeddah → Jubail,Flatbed,C017,4250,true,4725,SAR
O4-C017-62,,2026-08-15,Jeddah → Jubail,Flatbed,C017,4090,false,4735,SAR
O4-C017-63,,2026-07-26,Jeddah → Jubail,Flatbed,C017,4030,true,4555,SAR
O4-C018-0,,2026-07-08,Jeddah → Jubail,Flatbed,C018,3530,false,4555,SAR
O4-C018-1,,2026-08-11,Jeddah → Jubail,Flatbed,C018,3540,false,4570,SAR
O4-C018-2,,2026-08-13,Jeddah → Jubail,Flatbed,C018,3510,false,4640,SAR
O4-C018-3,,2026-07-15,Jeddah → Jubail,Flatbed,C018,3570,false,4600,SAR
O4-C018-4,,2026-08-17,Jeddah → Jubail,Flatbed,C018,3505,true,4550,SAR
O4-C018-5,,2026-08-21,Jeddah → Jubail,Flatbed,C018,3560,false,4600,SAR
O4-C018-6,,2026-07-12,Jeddah → Jubail,Flatbed,C018,3470,false,4575,SAR
O4-C018-7,,2026-09-04,Jeddah → Jubail,Flatbed,C018,3550,true,4605,SAR
O4-C018-8,,2026-08-30,Jeddah → Jubail,Flatbed,C018,3535,false,4575,SAR
O4-C018-9,,2026-06-16,Jeddah → Jubail,Flatbed,C018,3490,false,4650,SAR
O4-C018-10,,2026-08-27,Jeddah → Jubail,Flatbed,C018,3570,true,4730,SAR
O4-C018-11,,2026-08-12,Jeddah → Jubail,Flatbed,C018,3495,false,4555,SAR
O4-C018-12,,2026-06-11,Jeddah → Jubail,Flatbed,C018,3570,true,4555,SAR
O4-C018-13,,2026-09-03,Jeddah → Jubail,Flatbed,C018,3475,true,4735,SAR
O4-C018-14,,2026-08-17,Jeddah → Jubail,Flatbed,C018,3505,false,4700,SAR
O4-C018-15,,2026-08-05,Jeddah → Jubail,Flatbed,C018,3450,false,4565,SAR
O4-C018-16,,2026-06-27,Jeddah → Jubail,Flatbed,C018,3775,true,4560,SAR
O4-C018-17,,2026-08-27,Jeddah → Jubail,Flatbed,C018,3790,true,4550,SAR
O4-C018-18,,2026-09-04,Jeddah → Jubail,Flatbed,C018,3755,true,4620,SAR
O4-C018-19,,2026-06-11,Jeddah → Jubail,Flatbed,C018,3775,true,4730,SAR
O4-C018-20,,2026-08-30,Jeddah → Jubail,Flatbed,C018,3745,true,4730,SAR
O4-C018-21,,2026-08-26,Jeddah → Jubail,Flatbed,C018,3810,true,4715,SAR
O4-C018-22,,2026-06-16,Jeddah → Jubail,Flatbed,C018,3750,true,4630,SAR
O4-C018-23,,2026-09-05,Jeddah → Jubail,Flatbed,C018,3760,true,4590,SAR
O4-C018-24,,2026-08-12,Jeddah → Jubail,Flatbed,C018,3850,true,4645,SAR
O4-C018-25,,2026-07-31,Jeddah → Jubail,Flatbed,C018,3730,true,4720,SAR
O4-C018-26,,2026-08-13,Jeddah → Jubail,Flatbed,C018,3810,true,4630,SAR
O4-C018-27,,2026-08-23,Jeddah → Jubail,Flatbed,C018,3815,true,4555,SAR
O4-C018-28,,2026-07-17,Jeddah → Jubail,Flatbed,C018,3855,true,4735,SAR
O4-C018-29,,2026-08-15,Jeddah → Jubail,Flatbed,C018,3725,true,4605,SAR
O4-C018-30,,2026-08-23,Jeddah → Jubail,Flatbed,C018,3825,true,4645,SAR
O4-C018-31,,2026-07-23,Jeddah → Jubail,Flatbed,C018,3745,false,4740,SAR
O4-C018-32,,2026-08-27,Jeddah → Jubail,Flatbed,C018,3830,true,4575,SAR
O4-C018-33,,2026-08-22,Jeddah → Jubail,Flatbed,C018,3760,true,4625,SAR
O4-C018-34,,2026-07-08,Jeddah → Jubail,Flatbed,C018,3780,true,4660,SAR
O4-C018-35,,2026-09-04,Jeddah → Jubail,Flatbed,C018,3735,true,4680,SAR
O4-C018-36,,2026-08-12,Jeddah → Jubail,Flatbed,C018,3835,true,4550,SAR
O4-C018-37,,2026-06-15,Jeddah → Jubail,Flatbed,C018,3815,true,4670,SAR
O4-C018-38,,2026-08-20,Jeddah → Jubail,Flatbed,C018,3735,true,4750,SAR
O4-C018-39,,2026-08-09,Jeddah → Jubail,Flatbed,C018,3845,false,4595,SAR
O4-C018-40,,2026-07-06,Jeddah → Jubail,Flatbed,C018,3820,true,4595,SAR
O4-C018-41,,2026-08-21,Jeddah → Jubail,Flatbed,C018,3785,true,4680,SAR
O4-C018-42,,2026-08-28,Jeddah → Jubail,Flatbed,C018,3770,true,4610,SAR
O4-C018-43,,2026-07-31,Jeddah → Jubail,Flatbed,C018,3780,true,4560,SAR
O4-C018-44,,2026-08-25,Jeddah → Jubail,Flatbed,C018,3825,true,4720,SAR
O4-C018-45,,2026-08-24,Jeddah → Jubail,Flatbed,C018,3780,true,4725,SAR
O4-C018-46,,2026-06-14,Jeddah → Jubail,Flatbed,C018,3780,true,4640,SAR
O4-C018-47,,2026-08-27,Jeddah → Jubail,Flatbed,C018,3740,true,4720,SAR
O4-C018-48,,2026-06-15,Jeddah → Jubail,Flatbed,C018,3970,true,4580,SAR
O4-C018-49,,2026-08-17,Jeddah → Jubail,Flatbed,C018,4005,true,4565,SAR
O4-C018-50,,2026-08-21,Jeddah → Jubail,Flatbed,C018,3960,true,4675,SAR
O4-C018-51,,2026-07-02,Jeddah → Jubail,Flatbed,C018,4180,true,4595,SAR
O4-C018-52,,2026-08-23,Jeddah → Jubail,Flatbed,C018,3970,true,4645,SAR
O4-C018-53,,2026-09-02,Jeddah → Jubail,Flatbed,C018,4010,false,4720,SAR
O4-C018-54,,2026-06-23,Jeddah → Jubail,Flatbed,C018,4105,true,4580,SAR
O4-C018-55,,2026-08-25,Jeddah → Jubail,Flatbed,C018,4040,true,4585,SAR
O4-C018-56,,2026-08-19,Jeddah → Jubail,Flatbed,C018,3995,true,4575,SAR
O4-C018-57,,2026-07-19,Jeddah → Jubail,Flatbed,C018,4055,true,4690,SAR
O4-C018-58,,2026-08-09,Jeddah → Jubail,Flatbed,C018,4045,true,4575,SAR
O4-C018-59,,2026-08-26,Jeddah → Jubail,Flatbed,C018,4155,true,4710,SAR
O4-C018-60,,2026-06-15,Jeddah → Jubail,Flatbed,C018,4180,true,4565,SAR
O4-C018-61,,2026-08-11,Jeddah → Jubail,Flatbed,C018,4185,true,4570,SAR
O4-C018-62,,2026-08-24,Jeddah → Jubail,Flatbed,C018,4155,true,4565,SAR
O4-C018-63,,2026-06-09,Jeddah → Jubail,Flatbed,C018,4035,true,4730,SAR
O4-C019-0,,2026-08-03,Jeddah → Jubail,Flatbed,C019,3470,false,4635,SAR
O4-C019-1,,2026-09-03,Jeddah → Jubail,Flatbed,C019,3525,false,4690,SAR
O4-C019-2,,2026-08-14,Jeddah → Jubail,Flatbed,C019,3480,false,4660,SAR
O4-C019-3,,2026-08-06,Jeddah → Jubail,Flatbed,C019,3540,true,4585,SAR
O4-C019-4,,2026-08-24,Jeddah → Jubail,Flatbed,C019,3520,true,4665,SAR
O4-C019-5,,2026-08-30,Jeddah → Jubail,Flatbed,C019,3545,true,4650,SAR
O4-C019-6,,2026-06-27,Jeddah → Jubail,Flatbed,C019,3490,true,4730,SAR
O4-C019-7,,2026-08-25,Jeddah → Jubail,Flatbed,C019,3555,true,4650,SAR
O4-C019-8,,2026-08-10,Jeddah → Jubail,Flatbed,C019,3515,false,4705,SAR
O4-C019-9,,2026-08-06,Jeddah → Jubail,Flatbed,C019,3565,false,4710,SAR
O4-C019-10,,2026-08-25,Jeddah → Jubail,Flatbed,C019,3535,false,4675,SAR
O4-C019-11,,2026-08-09,Jeddah → Jubail,Flatbed,C019,3520,false,4745,SAR
O4-C019-12,,2026-07-08,Jeddah → Jubail,Flatbed,C019,3555,false,4675,SAR
O4-C019-13,,2026-08-24,Jeddah → Jubail,Flatbed,C019,3460,false,4695,SAR
O4-C019-14,,2026-08-19,Jeddah → Jubail,Flatbed,C019,3505,false,4715,SAR
O4-C019-15,,2026-06-11,Jeddah → Jubail,Flatbed,C019,3475,false,4725,SAR
O4-C019-16,,2026-06-10,Jeddah → Jubail,Flatbed,C019,3745,true,4725,SAR
O4-C019-17,,2026-09-06,Jeddah → Jubail,Flatbed,C019,3840,true,4710,SAR
O4-C019-18,,2026-08-12,Jeddah → Jubail,Flatbed,C019,3750,true,4600,SAR
O4-C019-19,,2026-07-15,Jeddah → Jubail,Flatbed,C019,3855,true,4580,SAR
O4-C019-20,,2026-08-25,Jeddah → Jubail,Flatbed,C019,3770,true,4655,SAR
O4-C019-21,,2026-08-27,Jeddah → Jubail,Flatbed,C019,3760,true,4590,SAR
O4-C019-22,,2026-07-26,Jeddah → Jubail,Flatbed,C019,3790,true,4595,SAR
O4-C019-23,,2026-08-29,Jeddah → Jubail,Flatbed,C019,3745,true,4550,SAR
O4-C019-24,,2026-08-28,Jeddah → Jubail,Flatbed,C019,3740,true,4670,SAR
O4-C019-25,,2026-06-20,Jeddah → Jubail,Flatbed,C019,3805,true,4570,SAR
O4-C019-26,,2026-08-09,Jeddah → Jubail,Flatbed,C019,3840,true,4655,SAR
O4-C019-27,,2026-08-22,Jeddah → Jubail,Flatbed,C019,3745,true,4700,SAR
O4-C019-28,,2026-06-30,Jeddah → Jubail,Flatbed,C019,3870,true,4685,SAR
O4-C019-29,,2026-08-23,Jeddah → Jubail,Flatbed,C019,3815,true,4745,SAR
O4-C019-30,,2026-09-03,Jeddah → Jubail,Flatbed,C019,3870,true,4645,SAR
O4-C019-31,,2026-07-27,Jeddah → Jubail,Flatbed,C019,3765,true,4585,SAR
O4-C019-32,,2026-08-27,Jeddah → Jubail,Flatbed,C019,3780,true,4695,SAR
O4-C019-33,,2026-08-30,Jeddah → Jubail,Flatbed,C019,3785,true,4725,SAR
O4-C019-34,,2026-07-12,Jeddah → Jubail,Flatbed,C019,3805,true,4685,SAR
O4-C019-35,,2026-08-24,Jeddah → Jubail,Flatbed,C019,3770,false,4705,SAR
O4-C019-36,,2026-08-10,Jeddah → Jubail,Flatbed,C019,3860,true,4670,SAR
O4-C019-37,,2026-07-08,Jeddah → Jubail,Flatbed,C019,3840,true,4735,SAR
O4-C019-38,,2026-08-19,Jeddah → Jubail,Flatbed,C019,3850,true,4585,SAR
O4-C019-39,,2026-08-17,Jeddah → Jubail,Flatbed,C019,3855,true,4725,SAR
O4-C019-40,,2026-06-30,Jeddah → Jubail,Flatbed,C019,3865,true,4640,SAR
O4-C019-41,,2026-08-24,Jeddah → Jubail,Flatbed,C019,3835,true,4595,SAR
O4-C019-42,,2026-08-22,Jeddah → Jubail,Flatbed,C019,3800,true,4650,SAR
O4-C019-43,,2026-07-18,Jeddah → Jubail,Flatbed,C019,3810,true,4585,SAR
O4-C019-44,,2026-08-29,Jeddah → Jubail,Flatbed,C019,3765,true,4625,SAR
O4-C019-45,,2026-08-22,Jeddah → Jubail,Flatbed,C019,3815,true,4710,SAR
O4-C019-46,,2026-07-19,Jeddah → Jubail,Flatbed,C019,3845,true,4735,SAR
O4-C019-47,,2026-08-09,Jeddah → Jubail,Flatbed,C019,3800,true,4705,SAR
O4-C019-48,,2026-07-21,Jeddah → Jubail,Flatbed,C019,4195,true,4750,SAR
O4-C019-49,,2026-08-24,Jeddah → Jubail,Flatbed,C019,4210,true,4565,SAR
O4-C019-50,,2026-08-26,Jeddah → Jubail,Flatbed,C019,4210,true,4630,SAR
O4-C019-51,,2026-07-29,Jeddah → Jubail,Flatbed,C019,4205,true,4685,SAR
O4-C019-52,,2026-09-02,Jeddah → Jubail,Flatbed,C019,4130,true,4695,SAR
O4-C019-53,,2026-08-29,Jeddah → Jubail,Flatbed,C019,4220,true,4730,SAR
O4-C019-54,,2026-07-25,Jeddah → Jubail,Flatbed,C019,4090,true,4635,SAR
O4-C019-55,,2026-08-17,Jeddah → Jubail,Flatbed,C019,4050,true,4730,SAR
O4-C019-56,,2026-08-15,Jeddah → Jubail,Flatbed,C019,4195,true,4615,SAR
O4-C019-57,,2026-06-11,Jeddah → Jubail,Flatbed,C019,4215,true,4640,SAR
O4-C019-58,,2026-08-11,Jeddah → Jubail,Flatbed,C019,4230,true,4725,SAR
O4-C019-59,,2026-08-13,Jeddah → Jubail,Flatbed,C019,4100,true,4715,SAR
O4-C019-60,,2026-07-21,Jeddah → Jubail,Flatbed,C019,4005,true,4640,SAR
O4-C019-61,,2026-08-19,Jeddah → Jubail,Flatbed,C019,4195,true,4590,SAR
O4-C019-62,,2026-08-17,Jeddah → Jubail,Flatbed,C019,4220,true,4740,SAR
O4-C019-63,,2026-08-03,Jeddah → Jubail,Flatbed,C019,4215,false,4735,SAR
O4-C020-0,,2026-07-24,Jeddah → Jubail,Flatbed,C020,3530,false,4570,SAR
O4-C020-1,,2026-08-15,Jeddah → Jubail,Flatbed,C020,3490,false,4665,SAR
O4-C020-2,,2026-08-28,Jeddah → Jubail,Flatbed,C020,3510,true,4685,SAR
O4-C020-3,,2026-07-31,Jeddah → Jubail,Flatbed,C020,3515,false,4630,SAR
O4-C020-4,,2026-08-21,Jeddah → Jubail,Flatbed,C020,3605,false,4625,SAR
O4-C020-5,,2026-08-16,Jeddah → Jubail,Flatbed,C020,3500,true,4710,SAR
O4-C020-6,,2026-08-07,Jeddah → Jubail,Flatbed,C020,3495,false,4570,SAR
O4-C020-7,,2026-08-27,Jeddah → Jubail,Flatbed,C020,3575,false,4665,SAR
O4-C020-8,,2026-08-14,Jeddah → Jubail,Flatbed,C020,3570,false,4625,SAR
O4-C020-9,,2026-07-06,Jeddah → Jubail,Flatbed,C020,3520,false,4575,SAR
O4-C020-10,,2026-08-25,Jeddah → Jubail,Flatbed,C020,3525,true,4620,SAR
O4-C020-11,,2026-09-03,Jeddah → Jubail,Flatbed,C020,3550,true,4630,SAR
O4-C020-12,,2026-07-22,Jeddah → Jubail,Flatbed,C020,3510,false,4745,SAR
O4-C020-13,,2026-08-21,Jeddah → Jubail,Flatbed,C020,3590,true,4750,SAR
O4-C020-14,,2026-08-20,Jeddah → Jubail,Flatbed,C020,3515,true,4710,SAR
O4-C020-15,,2026-06-15,Jeddah → Jubail,Flatbed,C020,3550,false,4695,SAR
O4-C020-16,,2026-06-17,Jeddah → Jubail,Flatbed,C020,3850,true,4690,SAR
O4-C020-17,,2026-08-10,Jeddah → Jubail,Flatbed,C020,3780,true,4705,SAR
O4-C020-18,,2026-08-26,Jeddah → Jubail,Flatbed,C020,3890,true,4685,SAR
O4-C020-19,,2026-06-30,Jeddah → Jubail,Flatbed,C020,3880,true,4550,SAR
O4-C020-20,,2026-08-16,Jeddah → Jubail,Flatbed,C020,3880,true,4735,SAR
O4-C020-21,,2026-08-15,Jeddah → Jubail,Flatbed,C020,3785,true,4630,SAR
O4-C020-22,,2026-06-18,Jeddah → Jubail,Flatbed,C020,3800,true,4560,SAR
O4-C020-23,,2026-08-29,Jeddah → Jubail,Flatbed,C020,3885,true,4605,SAR
O4-C020-24,,2026-08-28,Jeddah → Jubail,Flatbed,C020,3825,true,4580,SAR
O4-C020-25,,2026-07-24,Jeddah → Jubail,Flatbed,C020,3795,true,4640,SAR
O4-C020-26,,2026-08-23,Jeddah → Jubail,Flatbed,C020,3805,true,4635,SAR
O4-C020-27,,2026-09-05,Jeddah → Jubail,Flatbed,C020,3795,true,4570,SAR
O4-C020-28,,2026-07-17,Jeddah → Jubail,Flatbed,C020,3825,true,4730,SAR
O4-C020-29,,2026-08-23,Jeddah → Jubail,Flatbed,C020,3830,true,4640,SAR
O4-C020-30,,2026-08-16,Jeddah → Jubail,Flatbed,C020,3775,true,4605,SAR
O4-C020-31,,2026-07-20,Jeddah → Jubail,Flatbed,C020,3875,true,4675,SAR
O4-C020-32,,2026-08-29,Jeddah → Jubail,Flatbed,C020,3765,true,4625,SAR
O4-C020-33,,2026-08-28,Jeddah → Jubail,Flatbed,C020,3820,true,4660,SAR
O4-C020-34,,2026-07-26,Jeddah → Jubail,Flatbed,C020,3880,true,4705,SAR
O4-C020-35,,2026-08-28,Jeddah → Jubail,Flatbed,C020,3845,true,4660,SAR
O4-C020-36,,2026-08-19,Jeddah → Jubail,Flatbed,C020,3835,true,4600,SAR
O4-C020-37,,2026-06-28,Jeddah → Jubail,Flatbed,C020,3790,true,4630,SAR
O4-C020-38,,2026-08-21,Jeddah → Jubail,Flatbed,C020,3865,true,4725,SAR
O4-C020-39,,2026-08-16,Jeddah → Jubail,Flatbed,C020,3830,true,4610,SAR
O4-C020-40,,2026-08-01,Jeddah → Jubail,Flatbed,C020,3855,true,4695,SAR
O4-C020-41,,2026-08-16,Jeddah → Jubail,Flatbed,C020,3820,false,4565,SAR
O4-C020-42,,2026-08-28,Jeddah → Jubail,Flatbed,C020,3860,true,4550,SAR
O4-C020-43,,2026-08-04,Jeddah → Jubail,Flatbed,C020,3765,true,4745,SAR
O4-C020-44,,2026-08-15,Jeddah → Jubail,Flatbed,C020,3830,true,4630,SAR
O4-C020-45,,2026-08-13,Jeddah → Jubail,Flatbed,C020,3855,true,4565,SAR
O4-C020-46,,2026-06-14,Jeddah → Jubail,Flatbed,C020,3890,true,4690,SAR
O4-C020-47,,2026-08-16,Jeddah → Jubail,Flatbed,C020,3885,true,4635,SAR
O4-C020-48,,2026-07-25,Jeddah → Jubail,Flatbed,C020,4095,true,4750,SAR
O4-C020-49,,2026-09-03,Jeddah → Jubail,Flatbed,C020,4010,true,4710,SAR
O4-C020-50,,2026-08-18,Jeddah → Jubail,Flatbed,C020,4075,true,4690,SAR
O4-C020-51,,2026-07-13,Jeddah → Jubail,Flatbed,C020,4110,true,4625,SAR
O4-C020-52,,2026-08-30,Jeddah → Jubail,Flatbed,C020,4090,true,4615,SAR
O4-C020-53,,2026-08-09,Jeddah → Jubail,Flatbed,C020,4100,true,4610,SAR
O4-C020-54,,2026-07-21,Jeddah → Jubail,Flatbed,C020,4125,true,4725,SAR
O4-C020-55,,2026-08-30,Jeddah → Jubail,Flatbed,C020,4145,true,4565,SAR
O4-C020-56,,2026-08-11,Jeddah → Jubail,Flatbed,C020,4125,true,4655,SAR
O4-C020-57,,2026-06-17,Jeddah → Jubail,Flatbed,C020,4195,true,4610,SAR
O4-C020-58,,2026-08-16,Jeddah → Jubail,Flatbed,C020,4160,true,4545,SAR
O4-C020-59,,2026-08-12,Jeddah → Jubail,Flatbed,C020,4120,true,4735,SAR
O4-C020-60,,2026-06-24,Jeddah → Jubail,Flatbed,C020,4240,true,4730,SAR
O4-C020-61,,2026-09-06,Jeddah → Jubail,Flatbed,C020,4140,true,4750,SAR
O4-C020-62,,2026-08-20,Jeddah → Jubail,Flatbed,C020,4235,true,4725,SAR
O4-C020-63,,2026-06-18,Jeddah → Jubail,Flatbed,C020,4165,true,4660,SAR
O4-C033-0,,2026-07-13,Jeddah → Jubail,Flatbed,C033,3475,false,4610,SAR
O4-C033-1,,2026-08-29,Jeddah → Jubail,Flatbed,C033,3565,false,4590,SAR
O4-C033-2,,2026-08-30,Jeddah → Jubail,Flatbed,C033,3510,false,4720,SAR
O4-C033-3,,2026-06-13,Jeddah → Jubail,Flatbed,C033,3525,false,4610,SAR
O4-C033-4,,2026-08-12,Jeddah → Jubail,Flatbed,C033,3585,true,4610,SAR
O4-C033-5,,2026-08-14,Jeddah → Jubail,Flatbed,C033,3550,false,4725,SAR
O4-C033-6,,2026-06-24,Jeddah → Jubail,Flatbed,C033,3525,false,4740,SAR
O4-C033-7,,2026-08-15,Jeddah → Jubail,Flatbed,C033,3530,true,4590,SAR
O4-C033-8,,2026-08-19,Jeddah → Jubail,Flatbed,C033,3495,false,4720,SAR
O4-C033-9,,2026-06-12,Jeddah → Jubail,Flatbed,C033,3495,false,4675,SAR
O4-C033-10,,2026-08-27,Jeddah → Jubail,Flatbed,C033,3570,true,4640,SAR
O4-C033-11,,2026-08-29,Jeddah → Jubail,Flatbed,C033,3595,false,4585,SAR
O4-C033-12,,2026-06-13,Jeddah → Jubail,Flatbed,C033,3595,true,4625,SAR
O4-C033-13,,2026-08-21,Jeddah → Jubail,Flatbed,C033,3515,false,4695,SAR
O4-C033-14,,2026-08-18,Jeddah → Jubail,Flatbed,C033,3470,true,4580,SAR
O4-C033-15,,2026-07-26,Jeddah → Jubail,Flatbed,C033,3495,false,4670,SAR
O4-C033-16,,2026-06-16,Jeddah → Jubail,Flatbed,C033,3755,true,4595,SAR
O4-C033-17,,2026-08-25,Jeddah → Jubail,Flatbed,C033,3785,true,4650,SAR
O4-C033-18,,2026-08-27,Jeddah → Jubail,Flatbed,C033,3750,true,4695,SAR
O4-C033-19,,2026-06-16,Jeddah → Jubail,Flatbed,C033,3865,true,4615,SAR
O4-C033-20,,2026-08-09,Jeddah → Jubail,Flatbed,C033,3750,true,4560,SAR
O4-C033-21,,2026-08-15,Jeddah → Jubail,Flatbed,C033,3825,true,4670,SAR
O4-C033-22,,2026-06-24,Jeddah → Jubail,Flatbed,C033,3860,true,4725,SAR
O4-C033-23,,2026-08-16,Jeddah → Jubail,Flatbed,C033,3800,true,4550,SAR
O4-C033-24,,2026-08-11,Jeddah → Jubail,Flatbed,C033,3795,true,4710,SAR
O4-C033-25,,2026-07-07,Jeddah → Jubail,Flatbed,C033,3860,true,4740,SAR
O4-C033-26,,2026-08-21,Jeddah → Jubail,Flatbed,C033,3835,true,4570,SAR
O4-C033-27,,2026-09-04,Jeddah → Jubail,Flatbed,C033,3780,true,4740,SAR
O4-C033-28,,2026-06-29,Jeddah → Jubail,Flatbed,C033,3830,true,4625,SAR
O4-C033-29,,2026-08-12,Jeddah → Jubail,Flatbed,C033,3785,true,4740,SAR
O4-C033-30,,2026-08-13,Jeddah → Jubail,Flatbed,C033,3870,true,4690,SAR
O4-C033-31,,2026-07-28,Jeddah → Jubail,Flatbed,C033,3810,true,4640,SAR
O4-C033-32,,2026-08-17,Jeddah → Jubail,Flatbed,C033,3845,true,4655,SAR
O4-C033-33,,2026-08-25,Jeddah → Jubail,Flatbed,C033,3835,true,4570,SAR
O4-C033-34,,2026-06-09,Jeddah → Jubail,Flatbed,C033,3770,true,4700,SAR
O4-C033-35,,2026-08-29,Jeddah → Jubail,Flatbed,C033,3785,true,4625,SAR
O4-C033-36,,2026-08-22,Jeddah → Jubail,Flatbed,C033,3850,true,4715,SAR
O4-C033-37,,2026-06-29,Jeddah → Jubail,Flatbed,C033,3850,true,4570,SAR
O4-C033-38,,2026-09-04,Jeddah → Jubail,Flatbed,C033,3825,true,4635,SAR
O4-C033-39,,2026-09-04,Jeddah → Jubail,Flatbed,C033,3845,true,4645,SAR
O4-C033-40,,2026-07-13,Jeddah → Jubail,Flatbed,C033,3870,true,4715,SAR
O4-C033-41,,2026-08-26,Jeddah → Jubail,Flatbed,C033,3875,true,4675,SAR
O4-C033-42,,2026-09-04,Jeddah → Jubail,Flatbed,C033,3880,true,4645,SAR
O4-C033-43,,2026-07-30,Jeddah → Jubail,Flatbed,C033,3835,true,4565,SAR
O4-C033-44,,2026-08-23,Jeddah → Jubail,Flatbed,C033,3795,true,4720,SAR
O4-C033-45,,2026-09-01,Jeddah → Jubail,Flatbed,C033,3840,true,4750,SAR
O4-C033-46,,2026-07-07,Jeddah → Jubail,Flatbed,C033,3820,true,4660,SAR
O4-C033-47,,2026-08-18,Jeddah → Jubail,Flatbed,C033,3850,false,4565,SAR
O4-C033-48,,2026-08-01,Jeddah → Jubail,Flatbed,C033,4190,true,4600,SAR
O4-C033-49,,2026-08-14,Jeddah → Jubail,Flatbed,C033,3985,true,4665,SAR
O4-C033-50,,2026-08-15,Jeddah → Jubail,Flatbed,C033,4095,true,4555,SAR
O4-C033-51,,2026-06-20,Jeddah → Jubail,Flatbed,C033,4080,true,4720,SAR
O4-C033-52,,2026-08-28,Jeddah → Jubail,Flatbed,C033,4010,true,4570,SAR
O4-C033-53,,2026-08-16,Jeddah → Jubail,Flatbed,C033,4000,true,4735,SAR
O4-C033-54,,2026-07-28,Jeddah → Jubail,Flatbed,C033,4010,true,4660,SAR
O4-C033-55,,2026-08-14,Jeddah → Jubail,Flatbed,C033,4200,true,4585,SAR
O4-C033-56,,2026-08-13,Jeddah → Jubail,Flatbed,C033,4230,true,4740,SAR
O4-C033-57,,2026-07-27,Jeddah → Jubail,Flatbed,C033,4175,false,4625,SAR
O4-C033-58,,2026-08-16,Jeddah → Jubail,Flatbed,C033,4215,true,4700,SAR
O4-C033-59,,2026-08-27,Jeddah → Jubail,Flatbed,C033,4070,true,4670,SAR
O4-C033-60,,2026-06-20,Jeddah → Jubail,Flatbed,C033,4040,true,4735,SAR
O4-C033-61,,2026-08-23,Jeddah → Jubail,Flatbed,C033,4055,true,4685,SAR
O4-C033-62,,2026-08-18,Jeddah → Jubail,Flatbed,C033,4210,true,4745,SAR
O4-C033-63,,2026-08-01,Jeddah → Jubail,Flatbed,C033,4010,true,4715,SAR
O5-C021-0,,2026-06-26,Riyadh → Dammam,Dry Van,C021,1690,true,2175,SAR
O5-C021-1,,2026-08-10,Riyadh → Dammam,Dry Van,C021,1660,false,2160,SAR
O5-C021-2,,2026-08-29,Riyadh → Dammam,Dry Van,C021,1680,false,2155,SAR
O5-C021-3,,2026-07-22,Riyadh → Dammam,Dry Van,C021,1670,false,2085,SAR
O5-C021-4,,2026-08-24,Riyadh → Dammam,Dry Van,C021,1680,false,2150,SAR
O5-C021-5,,2026-09-01,Riyadh → Dammam,Dry Van,C021,1645,false,2115,SAR
O5-C021-6,,2026-06-14,Riyadh → Dammam,Dry Van,C021,1670,false,2150,SAR
O5-C021-7,,2026-09-06,Riyadh → Dammam,Dry Van,C021,1680,true,2140,SAR
O5-C021-8,,2026-08-26,Riyadh → Dammam,Dry Van,C021,1665,true,2145,SAR
O5-C021-9,,2026-07-29,Riyadh → Dammam,Dry Van,C021,1650,false,2140,SAR
O5-C021-10,,2026-09-03,Riyadh → Dammam,Dry Van,C021,1675,false,2115,SAR
O5-C021-11,,2026-08-14,Riyadh → Dammam,Dry Van,C021,1665,true,2130,SAR
O5-C021-12,,2026-08-02,Riyadh → Dammam,Dry Van,C021,1660,false,2130,SAR
O5-C021-13,,2026-08-31,Riyadh → Dammam,Dry Van,C021,1675,true,2110,SAR
O5-C021-14,,2026-08-25,Riyadh → Dammam,Dry Van,C021,1640,false,2090,SAR
O5-C021-15,,2026-08-07,Riyadh → Dammam,Dry Van,C021,1660,false,2130,SAR
O5-C021-16,,2026-07-09,Riyadh → Dammam,Dry Van,C021,1790,true,2155,SAR
O5-C021-17,,2026-08-30,Riyadh → Dammam,Dry Van,C021,1780,true,2150,SAR
O5-C021-18,,2026-08-25,Riyadh → Dammam,Dry Van,C021,1790,true,2135,SAR
O5-C021-19,,2026-07-23,Riyadh → Dammam,Dry Van,C021,1775,true,2110,SAR
O5-C021-20,,2026-08-15,Riyadh → Dammam,Dry Van,C021,1790,true,2095,SAR
O5-C021-21,,2026-09-03,Riyadh → Dammam,Dry Van,C021,1805,true,2160,SAR
O5-C021-22,,2026-07-19,Riyadh → Dammam,Dry Van,C021,1820,true,2080,SAR
O5-C021-23,,2026-08-10,Riyadh → Dammam,Dry Van,C021,1775,true,2150,SAR
O5-C021-24,,2026-08-18,Riyadh → Dammam,Dry Van,C021,1790,true,2115,SAR
O5-C021-25,,2026-06-23,Riyadh → Dammam,Dry Van,C021,1790,true,2170,SAR
O5-C021-26,,2026-08-31,Riyadh → Dammam,Dry Van,C021,1820,true,2125,SAR
O5-C021-27,,2026-08-11,Riyadh → Dammam,Dry Van,C021,1770,true,2120,SAR
O5-C021-28,,2026-07-18,Riyadh → Dammam,Dry Van,C021,1800,true,2095,SAR
O5-C021-29,,2026-08-23,Riyadh → Dammam,Dry Van,C021,1810,true,2085,SAR
O5-C021-30,,2026-09-05,Riyadh → Dammam,Dry Van,C021,1775,true,2175,SAR
O5-C021-31,,2026-06-20,Riyadh → Dammam,Dry Van,C021,1785,true,2085,SAR
O5-C021-32,,2026-08-25,Riyadh → Dammam,Dry Van,C021,1790,true,2170,SAR
O5-C021-33,,2026-08-30,Riyadh → Dammam,Dry Van,C021,1795,true,2085,SAR
O5-C021-34,,2026-06-10,Riyadh → Dammam,Dry Van,C021,1775,true,2120,SAR
O5-C021-35,,2026-08-14,Riyadh → Dammam,Dry Van,C021,1775,true,2125,SAR
O5-C021-36,,2026-08-29,Riyadh → Dammam,Dry Van,C021,1830,true,2105,SAR
O5-C021-37,,2026-07-01,Riyadh → Dammam,Dry Van,C021,1810,true,2170,SAR
O5-C021-38,,2026-08-20,Riyadh → Dammam,Dry Van,C021,1825,false,2135,SAR
O5-C021-39,,2026-08-28,Riyadh → Dammam,Dry Van,C021,1790,true,2175,SAR
O5-C021-40,,2026-07-08,Riyadh → Dammam,Dry Van,C021,1785,true,2120,SAR
O5-C021-41,,2026-08-09,Riyadh → Dammam,Dry Van,C021,1810,false,2095,SAR
O5-C021-42,,2026-09-02,Riyadh → Dammam,Dry Van,C021,1770,true,2165,SAR
O5-C021-43,,2026-06-12,Riyadh → Dammam,Dry Van,C021,1825,true,2100,SAR
O5-C021-44,,2026-09-06,Riyadh → Dammam,Dry Van,C021,1780,true,2135,SAR
O5-C021-45,,2026-08-19,Riyadh → Dammam,Dry Van,C021,1770,true,2095,SAR
O5-C021-46,,2026-08-02,Riyadh → Dammam,Dry Van,C021,1775,true,2150,SAR
O5-C021-47,,2026-08-11,Riyadh → Dammam,Dry Van,C021,1780,true,2125,SAR
O5-C021-48,,2026-07-07,Riyadh → Dammam,Dry Van,C021,1930,true,2165,SAR
O5-C021-49,,2026-08-20,Riyadh → Dammam,Dry Van,C021,1930,true,2135,SAR
O5-C021-50,,2026-08-09,Riyadh → Dammam,Dry Van,C021,1940,true,2095,SAR
O5-C021-51,,2026-07-01,Riyadh → Dammam,Dry Van,C021,1990,true,2145,SAR
O5-C021-52,,2026-08-17,Riyadh → Dammam,Dry Van,C021,1920,true,2125,SAR
O5-C021-53,,2026-08-15,Riyadh → Dammam,Dry Van,C021,1975,false,2145,SAR
O5-C021-54,,2026-07-10,Riyadh → Dammam,Dry Van,C021,1885,true,2120,SAR
O5-C021-55,,2026-08-31,Riyadh → Dammam,Dry Van,C021,1960,true,2140,SAR
O5-C021-56,,2026-09-06,Riyadh → Dammam,Dry Van,C021,1980,true,2110,SAR
O5-C021-57,,2026-08-04,Riyadh → Dammam,Dry Van,C021,1960,true,2115,SAR
O5-C021-58,,2026-08-26,Riyadh → Dammam,Dry Van,C021,1965,true,2130,SAR
O5-C021-59,,2026-08-24,Riyadh → Dammam,Dry Van,C021,1995,true,2100,SAR
O5-C021-60,,2026-06-16,Riyadh → Dammam,Dry Van,C021,2000,true,2135,SAR
O5-C021-61,,2026-08-13,Riyadh → Dammam,Dry Van,C021,1975,true,2135,SAR
O5-C021-62,,2026-08-24,Riyadh → Dammam,Dry Van,C021,1955,true,2135,SAR
O5-C021-63,,2026-07-08,Riyadh → Dammam,Dry Van,C021,1940,true,2110,SAR
O5-C022-0,,2026-06-30,Riyadh → Dammam,Dry Van,C022,1690,false,2115,SAR
O5-C022-1,,2026-08-30,Riyadh → Dammam,Dry Van,C022,1635,false,2115,SAR
O5-C022-2,,2026-08-22,Riyadh → Dammam,Dry Van,C022,1680,false,2170,SAR
O5-C022-3,,2026-06-16,Riyadh → Dammam,Dry Van,C022,1685,true,2095,SAR
O5-C022-4,,2026-08-22,Riyadh → Dammam,Dry Van,C022,1670,true,2100,SAR
O5-C022-5,,2026-09-02,Riyadh → Dammam,Dry Van,C022,1635,false,2145,SAR
O5-C022-6,,2026-06-16,Riyadh → Dammam,Dry Van,C022,1690,false,2135,SAR
O5-C022-7,,2026-08-31,Riyadh → Dammam,Dry Van,C022,1695,true,2100,SAR
O5-C022-8,,2026-08-29,Riyadh → Dammam,Dry Van,C022,1655,false,2105,SAR
O5-C022-9,,2026-06-29,Riyadh → Dammam,Dry Van,C022,1645,false,2135,SAR
O5-C022-10,,2026-08-22,Riyadh → Dammam,Dry Van,C022,1660,true,2175,SAR
O5-C022-11,,2026-08-28,Riyadh → Dammam,Dry Van,C022,1660,false,2110,SAR
O5-C022-12,,2026-06-27,Riyadh → Dammam,Dry Van,C022,1675,true,2135,SAR
O5-C022-13,,2026-09-05,Riyadh → Dammam,Dry Van,C022,1660,false,2085,SAR
O5-C022-14,,2026-08-18,Riyadh → Dammam,Dry Van,C022,1640,false,2115,SAR
O5-C022-15,,2026-07-26,Riyadh → Dammam,Dry Van,C022,1650,false,2135,SAR
O5-C022-16,,2026-06-09,Riyadh → Dammam,Dry Van,C022,1775,true,2110,SAR
O5-C022-17,,2026-08-16,Riyadh → Dammam,Dry Van,C022,1795,true,2145,SAR
O5-C022-18,,2026-08-27,Riyadh → Dammam,Dry Van,C022,1830,true,2130,SAR
O5-C022-19,,2026-06-22,Riyadh → Dammam,Dry Van,C022,1825,true,2140,SAR
O5-C022-20,,2026-08-16,Riyadh → Dammam,Dry Van,C022,1775,true,2085,SAR
O5-C022-21,,2026-08-30,Riyadh → Dammam,Dry Van,C022,1810,true,2135,SAR
O5-C022-22,,2026-07-09,Riyadh → Dammam,Dry Van,C022,1830,true,2155,SAR
O5-C022-23,,2026-08-24,Riyadh → Dammam,Dry Van,C022,1800,true,2140,SAR
O5-C022-24,,2026-08-11,Riyadh → Dammam,Dry Van,C022,1830,true,2130,SAR
O5-C022-25,,2026-07-30,Riyadh → Dammam,Dry Van,C022,1770,true,2160,SAR
O5-C022-26,,2026-08-20,Riyadh → Dammam,Dry Van,C022,1815,true,2175,SAR
O5-C022-27,,2026-09-02,Riyadh → Dammam,Dry Van,C022,1830,true,2125,SAR
O5-C022-28,,2026-07-30,Riyadh → Dammam,Dry Van,C022,1775,true,2175,SAR
O5-C022-29,,2026-09-02,Riyadh → Dammam,Dry Van,C022,1815,true,2110,SAR
O5-C022-30,,2026-08-30,Riyadh → Dammam,Dry Van,C022,1805,true,2085,SAR
O5-C022-31,,2026-07-21,Riyadh → Dammam,Dry Van,C022,1780,true,2155,SAR
O5-C022-32,,2026-08-21,Riyadh → Dammam,Dry Van,C022,1815,true,2115,SAR
O5-C022-33,,2026-08-10,Riyadh → Dammam,Dry Van,C022,1780,true,2170,SAR
O5-C022-34,,2026-06-21,Riyadh → Dammam,Dry Van,C022,1795,true,2140,SAR
O5-C022-35,,2026-08-09,Riyadh → Dammam,Dry Van,C022,1790,true,2150,SAR
O5-C022-36,,2026-08-14,Riyadh → Dammam,Dry Van,C022,1795,true,2160,SAR
O5-C022-37,,2026-07-23,Riyadh → Dammam,Dry Van,C022,1775,true,2140,SAR
O5-C022-38,,2026-08-11,Riyadh → Dammam,Dry Van,C022,1830,true,2125,SAR
O5-C022-39,,2026-08-28,Riyadh → Dammam,Dry Van,C022,1825,true,2130,SAR
O5-C022-40,,2026-06-30,Riyadh → Dammam,Dry Van,C022,1810,true,2085,SAR
O5-C022-41,,2026-09-02,Riyadh → Dammam,Dry Van,C022,1780,true,2105,SAR
O5-C022-42,,2026-08-15,Riyadh → Dammam,Dry Van,C022,1815,true,2160,SAR
O5-C022-43,,2026-07-31,Riyadh → Dammam,Dry Van,C022,1790,true,2160,SAR
O5-C022-44,,2026-08-29,Riyadh → Dammam,Dry Van,C022,1815,true,2135,SAR
O5-C022-45,,2026-08-28,Riyadh → Dammam,Dry Van,C022,1810,true,2115,SAR
O5-C022-46,,2026-07-08,Riyadh → Dammam,Dry Van,C022,1825,false,2130,SAR
O5-C022-47,,2026-08-10,Riyadh → Dammam,Dry Van,C022,1800,false,2090,SAR
O5-C022-48,,2026-07-16,Riyadh → Dammam,Dry Van,C022,1885,true,2160,SAR
O5-C022-49,,2026-09-05,Riyadh → Dammam,Dry Van,C022,1975,true,2145,SAR
O5-C022-50,,2026-08-16,Riyadh → Dammam,Dry Van,C022,1975,true,2145,SAR
O5-C022-51,,2026-06-28,Riyadh → Dammam,Dry Van,C022,1930,true,2165,SAR
O5-C022-52,,2026-08-25,Riyadh → Dammam,Dry Van,C022,1970,true,2105,SAR
O5-C022-53,,2026-08-18,Riyadh → Dammam,Dry Van,C022,1945,true,2170,SAR
O5-C022-54,,2026-08-02,Riyadh → Dammam,Dry Van,C022,1875,true,2150,SAR
O5-C022-55,,2026-08-19,Riyadh → Dammam,Dry Van,C022,1965,true,2105,SAR
O5-C022-56,,2026-08-31,Riyadh → Dammam,Dry Van,C022,1970,true,2155,SAR
O5-C022-57,,2026-07-23,Riyadh → Dammam,Dry Van,C022,1910,false,2090,SAR
O5-C022-58,,2026-08-21,Riyadh → Dammam,Dry Van,C022,1965,true,2130,SAR
O5-C022-59,,2026-08-11,Riyadh → Dammam,Dry Van,C022,1970,true,2135,SAR
O5-C022-60,,2026-06-23,Riyadh → Dammam,Dry Van,C022,1895,true,2170,SAR
O5-C022-61,,2026-08-27,Riyadh → Dammam,Dry Van,C022,1890,true,2175,SAR
O5-C022-62,,2026-08-15,Riyadh → Dammam,Dry Van,C022,1960,true,2110,SAR
O5-C022-63,,2026-08-03,Riyadh → Dammam,Dry Van,C022,1980,true,2160,SAR
O5-C023-0,,2026-07-02,Riyadh → Dammam,Dry Van,C023,1685,true,2105,SAR
O5-C023-1,,2026-08-24,Riyadh → Dammam,Dry Van,C023,1695,false,2155,SAR
O5-C023-2,,2026-08-10,Riyadh → Dammam,Dry Van,C023,1655,false,2110,SAR
O5-C023-3,,2026-07-14,Riyadh → Dammam,Dry Van,C023,1675,false,2120,SAR
O5-C023-4,,2026-08-27,Riyadh → Dammam,Dry Van,C023,1645,true,2165,SAR
O5-C023-5,,2026-08-14,Riyadh → Dammam,Dry Van,C023,1645,false,2165,SAR
O5-C023-6,,2026-08-03,Riyadh → Dammam,Dry Van,C023,1675,false,2110,SAR
O5-C023-7,,2026-09-04,Riyadh → Dammam,Dry Van,C023,1700,true,2095,SAR
O5-C023-8,,2026-09-04,Riyadh → Dammam,Dry Van,C023,1700,false,2100,SAR
O5-C023-9,,2026-07-27,Riyadh → Dammam,Dry Van,C023,1665,true,2140,SAR
O5-C023-10,,2026-08-23,Riyadh → Dammam,Dry Van,C023,1645,false,2085,SAR
O5-C023-11,,2026-08-30,Riyadh → Dammam,Dry Van,C023,1645,false,2140,SAR
O5-C023-12,,2026-06-22,Riyadh → Dammam,Dry Van,C023,1695,true,2150,SAR
O5-C023-13,,2026-08-17,Riyadh → Dammam,Dry Van,C023,1675,false,2140,SAR
O5-C023-14,,2026-08-11,Riyadh → Dammam,Dry Van,C023,1680,false,2155,SAR
O5-C023-15,,2026-06-28,Riyadh → Dammam,Dry Van,C023,1675,false,2160,SAR
O5-C023-16,,2026-07-30,Riyadh → Dammam,Dry Van,C023,1800,true,2125,SAR
O5-C023-17,,2026-08-24,Riyadh → Dammam,Dry Van,C023,1790,true,2165,SAR
O5-C023-18,,2026-08-17,Riyadh → Dammam,Dry Van,C023,1800,true,2115,SAR
O5-C023-19,,2026-07-23,Riyadh → Dammam,Dry Van,C023,1820,true,2155,SAR
O5-C023-20,,2026-08-29,Riyadh → Dammam,Dry Van,C023,1800,true,2090,SAR
O5-C023-21,,2026-08-11,Riyadh → Dammam,Dry Van,C023,1835,true,2090,SAR
O5-C023-22,,2026-08-04,Riyadh → Dammam,Dry Van,C023,1825,true,2105,SAR
O5-C023-23,,2026-09-02,Riyadh → Dammam,Dry Van,C023,1800,true,2160,SAR
O5-C023-24,,2026-09-03,Riyadh → Dammam,Dry Van,C023,1785,true,2150,SAR
O5-C023-25,,2026-06-27,Riyadh → Dammam,Dry Van,C023,1810,true,2175,SAR
O5-C023-26,,2026-08-14,Riyadh → Dammam,Dry Van,C023,1825,false,2135,SAR
O5-C023-27,,2026-09-03,Riyadh → Dammam,Dry Van,C023,1810,true,2115,SAR
O5-C023-28,,2026-07-08,Riyadh → Dammam,Dry Van,C023,1790,true,2165,SAR
O5-C023-29,,2026-09-06,Riyadh → Dammam,Dry Van,C023,1810,true,2085,SAR
O5-C023-30,,2026-09-02,Riyadh → Dammam,Dry Van,C023,1795,true,2170,SAR
O5-C023-31,,2026-06-23,Riyadh → Dammam,Dry Van,C023,1825,true,2155,SAR
O5-C023-32,,2026-08-26,Riyadh → Dammam,Dry Van,C023,1805,true,2115,SAR
O5-C023-33,,2026-08-27,Riyadh → Dammam,Dry Van,C023,1840,true,2175,SAR
O5-C023-34,,2026-07-09,Riyadh → Dammam,Dry Van,C023,1800,true,2135,SAR
O5-C023-35,,2026-08-25,Riyadh → Dammam,Dry Van,C023,1815,true,2125,SAR
O5-C023-36,,2026-08-23,Riyadh → Dammam,Dry Van,C023,1815,true,2140,SAR
O5-C023-37,,2026-07-10,Riyadh → Dammam,Dry Van,C023,1810,true,2105,SAR
O5-C023-38,,2026-08-20,Riyadh → Dammam,Dry Van,C023,1790,true,2125,SAR
O5-C023-39,,2026-08-11,Riyadh → Dammam,Dry Van,C023,1795,false,2130,SAR
O5-C023-40,,2026-07-30,Riyadh → Dammam,Dry Van,C023,1835,true,2165,SAR
O5-C023-41,,2026-08-29,Riyadh → Dammam,Dry Van,C023,1820,true,2135,SAR
O5-C023-42,,2026-08-11,Riyadh → Dammam,Dry Van,C023,1780,true,2165,SAR
O5-C023-43,,2026-06-28,Riyadh → Dammam,Dry Van,C023,1785,true,2160,SAR
O5-C023-44,,2026-08-24,Riyadh → Dammam,Dry Van,C023,1775,true,2170,SAR
O5-C023-45,,2026-08-25,Riyadh → Dammam,Dry Van,C023,1795,true,2100,SAR
O5-C023-46,,2026-07-05,Riyadh → Dammam,Dry Van,C023,1825,true,2130,SAR
O5-C023-47,,2026-08-20,Riyadh → Dammam,Dry Van,C023,1825,true,2090,SAR
O5-C023-48,,2026-07-25,Riyadh → Dammam,Dry Van,C023,1940,true,2165,SAR
O5-C023-49,,2026-09-03,Riyadh → Dammam,Dry Van,C023,1980,true,2120,SAR
O5-C023-50,,2026-08-12,Riyadh → Dammam,Dry Van,C023,1925,true,2135,SAR
O5-C023-51,,2026-06-17,Riyadh → Dammam,Dry Van,C023,1945,true,2125,SAR
O5-C023-52,,2026-08-23,Riyadh → Dammam,Dry Van,C023,1940,true,2085,SAR
O5-C023-53,,2026-08-23,Riyadh → Dammam,Dry Van,C023,1940,true,2115,SAR
O5-C023-54,,2026-07-11,Riyadh → Dammam,Dry Van,C023,1900,true,2160,SAR
O5-C023-55,,2026-08-09,Riyadh → Dammam,Dry Van,C023,2000,true,2165,SAR
O5-C023-56,,2026-08-10,Riyadh → Dammam,Dry Van,C023,1975,true,2125,SAR
O5-C023-57,,2026-08-01,Riyadh → Dammam,Dry Van,C023,1885,false,2105,SAR
O5-C023-58,,2026-08-24,Riyadh → Dammam,Dry Van,C023,1945,true,2160,SAR
O5-C023-59,,2026-08-18,Riyadh → Dammam,Dry Van,C023,1965,true,2165,SAR
O5-C023-60,,2026-08-05,Riyadh → Dammam,Dry Van,C023,1910,true,2165,SAR
O5-C023-61,,2026-08-27,Riyadh → Dammam,Dry Van,C023,1975,true,2155,SAR
O5-C023-62,,2026-08-27,Riyadh → Dammam,Dry Van,C023,1960,true,2175,SAR
O5-C023-63,,2026-07-04,Riyadh → Dammam,Dry Van,C023,1915,true,2140,SAR
O5-C024-0,,2026-06-21,Riyadh → Dammam,Dry Van,C024,1650,false,2145,SAR
O5-C024-1,,2026-09-02,Riyadh → Dammam,Dry Van,C024,1680,false,2145,SAR
O5-C024-2,,2026-08-29,Riyadh → Dammam,Dry Van,C024,1655,false,2145,SAR
O5-C024-3,,2026-07-17,Riyadh → Dammam,Dry Van,C024,1680,false,2165,SAR
O5-C024-4,,2026-08-26,Riyadh → Dammam,Dry Van,C024,1665,true,2135,SAR
O5-C024-5,,2026-08-12,Riyadh → Dammam,Dry Van,C024,1660,false,2140,SAR
O5-C024-6,,2026-07-12,Riyadh → Dammam,Dry Van,C024,1655,false,2165,SAR
O5-C024-7,,2026-08-14,Riyadh → Dammam,Dry Van,C024,1690,true,2145,SAR
O5-C024-8,,2026-08-18,Riyadh → Dammam,Dry Van,C024,1680,false,2130,SAR
O5-C024-9,,2026-07-06,Riyadh → Dammam,Dry Van,C024,1655,true,2115,SAR
O5-C024-10,,2026-09-06,Riyadh → Dammam,Dry Van,C024,1700,false,2125,SAR
O5-C024-11,,2026-08-25,Riyadh → Dammam,Dry Van,C024,1660,false,2095,SAR
O5-C024-12,,2026-07-27,Riyadh → Dammam,Dry Van,C024,1690,true,2155,SAR
O5-C024-13,,2026-08-21,Riyadh → Dammam,Dry Van,C024,1690,false,2100,SAR
O5-C024-14,,2026-09-02,Riyadh → Dammam,Dry Van,C024,1655,false,2125,SAR
O5-C024-15,,2026-07-24,Riyadh → Dammam,Dry Van,C024,1660,true,2155,SAR
O5-C024-16,,2026-08-03,Riyadh → Dammam,Dry Van,C024,1835,true,2165,SAR
O5-C024-17,,2026-08-15,Riyadh → Dammam,Dry Van,C024,1825,true,2090,SAR
O5-C024-18,,2026-09-03,Riyadh → Dammam,Dry Van,C024,1840,true,2095,SAR
O5-C024-19,,2026-07-24,Riyadh → Dammam,Dry Van,C024,1820,true,2090,SAR
O5-C024-20,,2026-09-06,Riyadh → Dammam,Dry Van,C024,1790,true,2175,SAR
O5-C024-21,,2026-08-28,Riyadh → Dammam,Dry Van,C024,1830,true,2160,SAR
O5-C024-22,,2026-07-17,Riyadh → Dammam,Dry Van,C024,1785,true,2140,SAR
O5-C024-23,,2026-08-09,Riyadh → Dammam,Dry Van,C024,1800,true,2140,SAR
O5-C024-24,,2026-09-01,Riyadh → Dammam,Dry Van,C024,1805,true,2140,SAR
O5-C024-25,,2026-07-08,Riyadh → Dammam,Dry Van,C024,1825,true,2085,SAR
O5-C024-26,,2026-08-14,Riyadh → Dammam,Dry Van,C024,1785,true,2105,SAR
O5-C024-27,,2026-08-22,Riyadh → Dammam,Dry Van,C024,1790,true,2170,SAR
O5-C024-28,,2026-07-14,Riyadh → Dammam,Dry Van,C024,1815,true,2135,SAR
O5-C024-29,,2026-08-20,Riyadh → Dammam,Dry Van,C024,1825,true,2120,SAR
O5-C024-30,,2026-09-03,Riyadh → Dammam,Dry Van,C024,1820,true,2130,SAR
O5-C024-31,,2026-07-28,Riyadh → Dammam,Dry Van,C024,1830,true,2115,SAR
O5-C024-32,,2026-08-09,Riyadh → Dammam,Dry Van,C024,1840,true,2165,SAR
O5-C024-33,,2026-08-18,Riyadh → Dammam,Dry Van,C024,1785,true,2130,SAR
O5-C024-34,,2026-06-21,Riyadh → Dammam,Dry Van,C024,1805,true,2170,SAR
O5-C024-35,,2026-08-12,Riyadh → Dammam,Dry Van,C024,1820,true,2090,SAR
O5-C024-36,,2026-08-30,Riyadh → Dammam,Dry Van,C024,1830,true,2090,SAR
O5-C024-37,,2026-06-19,Riyadh → Dammam,Dry Van,C024,1835,true,2165,SAR
O5-C024-38,,2026-08-26,Riyadh → Dammam,Dry Van,C024,1815,true,2155,SAR
O5-C024-39,,2026-09-01,Riyadh → Dammam,Dry Van,C024,1835,true,2085,SAR
O5-C024-40,,2026-07-01,Riyadh → Dammam,Dry Van,C024,1800,true,2135,SAR
O5-C024-41,,2026-08-27,Riyadh → Dammam,Dry Van,C024,1785,true,2130,SAR
O5-C024-42,,2026-08-13,Riyadh → Dammam,Dry Van,C024,1830,true,2140,SAR
O5-C024-43,,2026-07-01,Riyadh → Dammam,Dry Van,C024,1795,true,2140,SAR
O5-C024-44,,2026-08-15,Riyadh → Dammam,Dry Van,C024,1810,true,2135,SAR
O5-C024-45,,2026-08-23,Riyadh → Dammam,Dry Van,C024,1780,true,2170,SAR
O5-C024-46,,2026-06-15,Riyadh → Dammam,Dry Van,C024,1840,true,2100,SAR
O5-C024-47,,2026-08-22,Riyadh → Dammam,Dry Van,C024,1790,false,2100,SAR
O5-C024-48,,2026-07-05,Riyadh → Dammam,Dry Van,C024,2010,true,2095,SAR
O5-C024-49,,2026-09-03,Riyadh → Dammam,Dry Van,C024,1955,true,2085,SAR
O5-C024-50,,2026-08-25,Riyadh → Dammam,Dry Van,C024,1940,true,2095,SAR
O5-C024-51,,2026-08-03,Riyadh → Dammam,Dry Van,C024,2000,true,2090,SAR
O5-C024-52,,2026-08-31,Riyadh → Dammam,Dry Van,C024,1970,true,2150,SAR
O5-C024-53,,2026-09-06,Riyadh → Dammam,Dry Van,C024,1990,true,2155,SAR
O5-C024-54,,2026-06-28,Riyadh → Dammam,Dry Van,C024,1950,true,2110,SAR
O5-C024-55,,2026-09-02,Riyadh → Dammam,Dry Van,C024,1995,true,2140,SAR
O5-C024-56,,2026-08-17,Riyadh → Dammam,Dry Van,C024,1960,true,2175,SAR
O5-C024-57,,2026-06-13,Riyadh → Dammam,Dry Van,C024,1950,true,2090,SAR
O5-C024-58,,2026-08-17,Riyadh → Dammam,Dry Van,C024,1900,true,2120,SAR
O5-C024-59,,2026-08-16,Riyadh → Dammam,Dry Van,C024,1930,true,2090,SAR
O5-C024-60,,2026-06-28,Riyadh → Dammam,Dry Van,C024,1950,true,2110,SAR
O5-C024-61,,2026-08-27,Riyadh → Dammam,Dry Van,C024,1945,true,2140,SAR
O5-C024-62,,2026-09-03,Riyadh → Dammam,Dry Van,C024,1925,true,2085,SAR
O5-C024-63,,2026-06-12,Riyadh → Dammam,Dry Van,C024,1920,false,2095,SAR
O5-C037-0,,2026-06-09,Riyadh → Dammam,Dry Van,C037,1675,false,2145,SAR
O5-C037-1,,2026-08-19,Riyadh → Dammam,Dry Van,C037,1670,false,2160,SAR
O5-C037-2,,2026-08-21,Riyadh → Dammam,Dry Van,C037,1635,false,2125,SAR
O5-C037-3,,2026-07-14,Riyadh → Dammam,Dry Van,C037,1685,false,2155,SAR
O5-C037-4,,2026-09-04,Riyadh → Dammam,Dry Van,C037,1675,true,2100,SAR
O5-C037-5,,2026-08-29,Riyadh → Dammam,Dry Van,C037,1680,false,2145,SAR
O5-C037-6,,2026-07-14,Riyadh → Dammam,Dry Van,C037,1650,false,2165,SAR
O5-C037-7,,2026-08-16,Riyadh → Dammam,Dry Van,C037,1690,false,2085,SAR
O5-C037-8,,2026-08-12,Riyadh → Dammam,Dry Van,C037,1690,true,2155,SAR
O5-C037-9,,2026-07-14,Riyadh → Dammam,Dry Van,C037,1675,false,2165,SAR
O5-C037-10,,2026-08-19,Riyadh → Dammam,Dry Van,C037,1670,true,2100,SAR
O5-C037-11,,2026-09-05,Riyadh → Dammam,Dry Van,C037,1695,true,2150,SAR
O5-C037-12,,2026-08-03,Riyadh → Dammam,Dry Van,C037,1650,true,2175,SAR
O5-C037-13,,2026-09-04,Riyadh → Dammam,Dry Van,C037,1695,false,2150,SAR
O5-C037-14,,2026-08-15,Riyadh → Dammam,Dry Van,C037,1635,false,2110,SAR
O5-C037-15,,2026-07-15,Riyadh → Dammam,Dry Van,C037,1680,false,2175,SAR
O5-C037-16,,2026-06-19,Riyadh → Dammam,Dry Van,C037,1785,true,2115,SAR
O5-C037-17,,2026-08-13,Riyadh → Dammam,Dry Van,C037,1810,true,2115,SAR
O5-C037-18,,2026-08-12,Riyadh → Dammam,Dry Van,C037,1800,true,2165,SAR
O5-C037-19,,2026-07-07,Riyadh → Dammam,Dry Van,C037,1815,true,2105,SAR
O5-C037-20,,2026-09-02,Riyadh → Dammam,Dry Van,C037,1830,true,2100,SAR
O5-C037-21,,2026-08-17,Riyadh → Dammam,Dry Van,C037,1790,true,2160,SAR
O5-C037-22,,2026-07-27,Riyadh → Dammam,Dry Van,C037,1790,true,2135,SAR
O5-C037-23,,2026-08-19,Riyadh → Dammam,Dry Van,C037,1820,true,2145,SAR
O5-C037-24,,2026-08-12,Riyadh → Dammam,Dry Van,C037,1820,true,2160,SAR
O5-C037-25,,2026-07-01,Riyadh → Dammam,Dry Van,C037,1770,true,2140,SAR
O5-C037-26,,2026-08-09,Riyadh → Dammam,Dry Van,C037,1800,true,2130,SAR
O5-C037-27,,2026-08-12,Riyadh → Dammam,Dry Van,C037,1775,true,2110,SAR
O5-C037-28,,2026-08-01,Riyadh → Dammam,Dry Van,C037,1820,true,2100,SAR
O5-C037-29,,2026-08-24,Riyadh → Dammam,Dry Van,C037,1810,true,2105,SAR
O5-C037-30,,2026-08-15,Riyadh → Dammam,Dry Van,C037,1800,true,2165,SAR
O5-C037-31,,2026-08-06,Riyadh → Dammam,Dry Van,C037,1820,true,2140,SAR
O5-C037-32,,2026-09-06,Riyadh → Dammam,Dry Van,C037,1825,true,2165,SAR
O5-C037-33,,2026-09-04,Riyadh → Dammam,Dry Van,C037,1775,true,2165,SAR
O5-C037-34,,2026-07-10,Riyadh → Dammam,Dry Van,C037,1770,true,2095,SAR
O5-C037-35,,2026-08-27,Riyadh → Dammam,Dry Van,C037,1785,true,2115,SAR
O5-C037-36,,2026-08-12,Riyadh → Dammam,Dry Van,C037,1795,true,2170,SAR
O5-C037-37,,2026-07-17,Riyadh → Dammam,Dry Van,C037,1825,true,2095,SAR
O5-C037-38,,2026-08-29,Riyadh → Dammam,Dry Van,C037,1780,true,2110,SAR
O5-C037-39,,2026-09-04,Riyadh → Dammam,Dry Van,C037,1825,true,2130,SAR
O5-C037-40,,2026-06-19,Riyadh → Dammam,Dry Van,C037,1815,true,2155,SAR
O5-C037-41,,2026-09-02,Riyadh → Dammam,Dry Van,C037,1830,true,2105,SAR
O5-C037-42,,2026-08-30,Riyadh → Dammam,Dry Van,C037,1795,true,2100,SAR
O5-C037-43,,2026-06-17,Riyadh → Dammam,Dry Van,C037,1790,true,2105,SAR
O5-C037-44,,2026-09-04,Riyadh → Dammam,Dry Van,C037,1795,true,2155,SAR
O5-C037-45,,2026-09-02,Riyadh → Dammam,Dry Van,C037,1820,true,2145,SAR
O5-C037-46,,2026-07-07,Riyadh → Dammam,Dry Van,C037,1795,false,2145,SAR
O5-C037-47,,2026-08-31,Riyadh → Dammam,Dry Van,C037,1770,true,2130,SAR
O5-C037-48,,2026-06-25,Riyadh → Dammam,Dry Van,C037,1905,true,2130,SAR
O5-C037-49,,2026-09-04,Riyadh → Dammam,Dry Van,C037,1920,true,2125,SAR
O5-C037-50,,2026-09-04,Riyadh → Dammam,Dry Van,C037,2000,true,2110,SAR
O5-C037-51,,2026-08-01,Riyadh → Dammam,Dry Van,C037,1955,true,2125,SAR
O5-C037-52,,2026-08-17,Riyadh → Dammam,Dry Van,C037,1920,true,2160,SAR
O5-C037-53,,2026-09-01,Riyadh → Dammam,Dry Van,C037,1920,false,2105,SAR
O5-C037-54,,2026-06-19,Riyadh → Dammam,Dry Van,C037,1990,true,2090,SAR
O5-C037-55,,2026-08-16,Riyadh → Dammam,Dry Van,C037,1940,true,2120,SAR
O5-C037-56,,2026-08-15,Riyadh → Dammam,Dry Van,C037,1950,true,2175,SAR
O5-C037-57,,2026-06-30,Riyadh → Dammam,Dry Van,C037,1885,true,2165,SAR
O5-C037-58,,2026-09-02,Riyadh → Dammam,Dry Van,C037,1910,true,2095,SAR
O5-C037-59,,2026-08-14,Riyadh → Dammam,Dry Van,C037,1945,true,2130,SAR
O5-C037-60,,2026-08-02,Riyadh → Dammam,Dry Van,C037,1965,true,2130,SAR
O5-C037-61,,2026-08-10,Riyadh → Dammam,Dry Van,C037,1930,true,2140,SAR
O5-C037-62,,2026-08-26,Riyadh → Dammam,Dry Van,C037,1975,true,2155,SAR
O5-C037-63,,2026-06-21,Riyadh → Dammam,Dry Van,C037,1925,true,2085,SAR
O6-C025-0,,2026-07-21,Jeddah → Dammam,Reefer,C025,4190,false,5510,SAR
O6-C025-1,,2026-08-29,Jeddah → Dammam,Reefer,C025,4240,true,5460,SAR
O6-C025-2,,2026-08-15,Jeddah → Dammam,Reefer,C025,4335,true,5550,SAR
O6-C025-3,,2026-07-04,Jeddah → Dammam,Reefer,C025,4320,true,5620,SAR
O6-C025-4,,2026-09-02,Jeddah → Dammam,Reefer,C025,4280,true,5515,SAR
O6-C025-5,,2026-09-03,Jeddah → Dammam,Reefer,C025,4205,false,5435,SAR
O6-C025-6,,2026-07-17,Jeddah → Dammam,Reefer,C025,4235,false,5410,SAR
O6-C025-7,,2026-08-17,Jeddah → Dammam,Reefer,C025,4315,false,5515,SAR
O6-C025-8,,2026-08-14,Jeddah → Dammam,Reefer,C025,4205,false,5460,SAR
O6-C025-9,,2026-06-12,Jeddah → Dammam,Reefer,C025,4335,false,5520,SAR
O6-C025-10,,2026-08-28,Jeddah → Dammam,Reefer,C025,4305,false,5435,SAR
O6-C025-11,,2026-08-31,Jeddah → Dammam,Reefer,C025,4180,false,5560,SAR
O6-C025-12,,2026-07-24,Jeddah → Dammam,Reefer,C025,4225,true,5590,SAR
O6-C025-13,,2026-08-31,Jeddah → Dammam,Reefer,C025,4200,true,5470,SAR
O6-C025-14,,2026-08-15,Jeddah → Dammam,Reefer,C025,4200,false,5455,SAR
O6-C025-15,,2026-07-06,Jeddah → Dammam,Reefer,C025,4215,false,5415,SAR
O6-C025-16,,2026-07-09,Jeddah → Dammam,Reefer,C025,4590,true,5410,SAR
O6-C025-17,,2026-08-17,Jeddah → Dammam,Reefer,C025,4550,true,5525,SAR
O6-C025-18,,2026-08-09,Jeddah → Dammam,Reefer,C025,4640,true,5585,SAR
O6-C025-19,,2026-07-26,Jeddah → Dammam,Reefer,C025,4580,true,5535,SAR
O6-C025-20,,2026-08-26,Jeddah → Dammam,Reefer,C025,4555,true,5585,SAR
O6-C025-21,,2026-08-28,Jeddah → Dammam,Reefer,C025,4605,true,5490,SAR
O6-C025-22,,2026-08-03,Jeddah → Dammam,Reefer,C025,4595,true,5595,SAR
O6-C025-23,,2026-08-26,Jeddah → Dammam,Reefer,C025,4585,true,5590,SAR
O6-C025-24,,2026-08-17,Jeddah → Dammam,Reefer,C025,4685,true,5535,SAR
O6-C025-25,,2026-07-24,Jeddah → Dammam,Reefer,C025,4680,true,5525,SAR
O6-C025-26,,2026-08-10,Jeddah → Dammam,Reefer,C025,4620,true,5485,SAR
O6-C025-27,,2026-08-21,Jeddah → Dammam,Reefer,C025,4535,true,5560,SAR
O6-C025-28,,2026-07-17,Jeddah → Dammam,Reefer,C025,4555,true,5605,SAR
O6-C025-29,,2026-08-10,Jeddah → Dammam,Reefer,C025,4580,true,5415,SAR
O6-C025-30,,2026-08-14,Jeddah → Dammam,Reefer,C025,4670,true,5415,SAR
O6-C025-31,,2026-07-29,Jeddah → Dammam,Reefer,C025,4645,true,5630,SAR
O6-C025-32,,2026-08-11,Jeddah → Dammam,Reefer,C025,4545,false,5435,SAR
O6-C025-33,,2026-08-16,Jeddah → Dammam,Reefer,C025,4575,true,5570,SAR
O6-C025-34,,2026-07-08,Jeddah → Dammam,Reefer,C025,4570,true,5575,SAR
O6-C025-35,,2026-08-10,Jeddah → Dammam,Reefer,C025,4660,true,5630,SAR
O6-C025-36,,2026-08-19,Jeddah → Dammam,Reefer,C025,4545,true,5545,SAR
O6-C025-37,,2026-07-17,Jeddah → Dammam,Reefer,C025,4610,true,5470,SAR
O6-C025-38,,2026-08-23,Jeddah → Dammam,Reefer,C025,4660,true,5605,SAR
O6-C025-39,,2026-09-06,Jeddah → Dammam,Reefer,C025,4655,true,5625,SAR
O6-C025-40,,2026-07-01,Jeddah → Dammam,Reefer,C025,4540,true,5475,SAR
O6-C025-41,,2026-08-11,Jeddah → Dammam,Reefer,C025,4530,true,5565,SAR
O6-C025-42,,2026-08-29,Jeddah → Dammam,Reefer,C025,4625,true,5620,SAR
O6-C025-43,,2026-07-13,Jeddah → Dammam,Reefer,C025,4615,true,5640,SAR
O6-C025-44,,2026-08-30,Jeddah → Dammam,Reefer,C025,4670,true,5570,SAR
O6-C025-45,,2026-08-17,Jeddah → Dammam,Reefer,C025,4580,true,5570,SAR
O6-C025-46,,2026-06-29,Jeddah → Dammam,Reefer,C025,4605,true,5590,SAR
O6-C025-47,,2026-08-27,Jeddah → Dammam,Reefer,C025,4545,true,5505,SAR
O6-C025-48,,2026-08-01,Jeddah → Dammam,Reefer,C025,4845,true,5545,SAR
O6-C025-49,,2026-09-01,Jeddah → Dammam,Reefer,C025,5110,true,5635,SAR
O6-C025-50,,2026-08-12,Jeddah → Dammam,Reefer,C025,4835,true,5580,SAR
O6-C025-51,,2026-07-31,Jeddah → Dammam,Reefer,C025,5060,true,5595,SAR
O6-C025-52,,2026-09-05,Jeddah → Dammam,Reefer,C025,5105,true,5645,SAR
O6-C025-53,,2026-08-31,Jeddah → Dammam,Reefer,C025,4920,true,5650,SAR
O6-C025-54,,2026-07-15,Jeddah → Dammam,Reefer,C025,4950,true,5495,SAR
O6-C025-55,,2026-08-11,Jeddah → Dammam,Reefer,C025,5050,true,5420,SAR
O6-C025-56,,2026-08-10,Jeddah → Dammam,Reefer,C025,4850,true,5475,SAR
O6-C025-57,,2026-07-27,Jeddah → Dammam,Reefer,C025,4910,true,5475,SAR
O6-C025-58,,2026-08-11,Jeddah → Dammam,Reefer,C025,4825,true,5565,SAR
O6-C025-59,,2026-08-11,Jeddah → Dammam,Reefer,C025,4850,true,5485,SAR
O6-C025-60,,2026-06-26,Jeddah → Dammam,Reefer,C025,4850,true,5630,SAR
O6-C025-61,,2026-08-12,Jeddah → Dammam,Reefer,C025,5090,true,5495,SAR
O6-C025-62,,2026-08-11,Jeddah → Dammam,Reefer,C025,5050,true,5650,SAR
O6-C025-63,,2026-08-01,Jeddah → Dammam,Reefer,C025,4985,true,5575,SAR
O6-C026-0,,2026-07-21,Jeddah → Dammam,Reefer,C026,4205,true,5555,SAR
O6-C026-1,,2026-09-03,Jeddah → Dammam,Reefer,C026,4290,true,5635,SAR
O6-C026-2,,2026-08-25,Jeddah → Dammam,Reefer,C026,4315,true,5590,SAR
O6-C026-3,,2026-07-25,Jeddah → Dammam,Reefer,C026,4205,false,5470,SAR
O6-C026-4,,2026-08-27,Jeddah → Dammam,Reefer,C026,4195,false,5450,SAR
O6-C026-5,,2026-09-06,Jeddah → Dammam,Reefer,C026,4250,true,5450,SAR
O6-C026-6,,2026-06-15,Jeddah → Dammam,Reefer,C026,4320,true,5650,SAR
O6-C026-7,,2026-09-03,Jeddah → Dammam,Reefer,C026,4280,true,5435,SAR
O6-C026-8,,2026-08-11,Jeddah → Dammam,Reefer,C026,4325,false,5520,SAR
O6-C026-9,,2026-06-29,Jeddah → Dammam,Reefer,C026,4295,false,5650,SAR
O6-C026-10,,2026-08-17,Jeddah → Dammam,Reefer,C026,4345,false,5435,SAR
O6-C026-11,,2026-09-05,Jeddah → Dammam,Reefer,C026,4190,false,5550,SAR
O6-C026-12,,2026-07-21,Jeddah → Dammam,Reefer,C026,4220,false,5600,SAR
O6-C026-13,,2026-08-13,Jeddah → Dammam,Reefer,C026,4200,false,5585,SAR
O6-C026-14,,2026-08-30,Jeddah → Dammam,Reefer,C026,4325,false,5445,SAR
O6-C026-15,,2026-07-14,Jeddah → Dammam,Reefer,C026,4205,false,5420,SAR
O6-C026-16,,2026-07-13,Jeddah → Dammam,Reefer,C026,4605,false,5435,SAR
O6-C026-17,,2026-08-21,Jeddah → Dammam,Reefer,C026,4650,true,5505,SAR
O6-C026-18,,2026-08-29,Jeddah → Dammam,Reefer,C026,4690,true,5555,SAR
O6-C026-19,,2026-06-16,Jeddah → Dammam,Reefer,C026,4650,true,5650,SAR
O6-C026-20,,2026-08-21,Jeddah → Dammam,Reefer,C026,4595,true,5465,SAR
O6-C026-21,,2026-08-29,Jeddah → Dammam,Reefer,C026,4680,true,5595,SAR
O6-C026-22,,2026-06-20,Jeddah → Dammam,Reefer,C026,4655,true,5645,SAR
O6-C026-23,,2026-08-19,Jeddah → Dammam,Reefer,C026,4555,true,5570,SAR
O6-C026-24,,2026-08-26,Jeddah → Dammam,Reefer,C026,4600,true,5630,SAR
O6-C026-25,,2026-06-18,Jeddah → Dammam,Reefer,C026,4660,true,5500,SAR
O6-C026-26,,2026-08-15,Jeddah → Dammam,Reefer,C026,4670,true,5650,SAR
O6-C026-27,,2026-08-15,Jeddah → Dammam,Reefer,C026,4645,true,5585,SAR
O6-C026-28,,2026-07-22,Jeddah → Dammam,Reefer,C026,4610,true,5540,SAR
O6-C026-29,,2026-08-21,Jeddah → Dammam,Reefer,C026,4690,true,5630,SAR
O6-C026-30,,2026-08-11,Jeddah → Dammam,Reefer,C026,4555,true,5480,SAR
O6-C026-31,,2026-07-10,Jeddah → Dammam,Reefer,C026,4690,true,5545,SAR
O6-C026-32,,2026-08-17,Jeddah → Dammam,Reefer,C026,4570,true,5635,SAR
O6-C026-33,,2026-08-29,Jeddah → Dammam,Reefer,C026,4615,true,5645,SAR
O6-C026-34,,2026-07-11,Jeddah → Dammam,Reefer,C026,4555,true,5440,SAR
O6-C026-35,,2026-08-14,Jeddah → Dammam,Reefer,C026,4590,true,5470,SAR
O6-C026-36,,2026-08-09,Jeddah → Dammam,Reefer,C026,4660,true,5430,SAR
O6-C026-37,,2026-08-04,Jeddah → Dammam,Reefer,C026,4615,true,5480,SAR
O6-C026-38,,2026-08-14,Jeddah → Dammam,Reefer,C026,4620,true,5560,SAR
O6-C026-39,,2026-08-28,Jeddah → Dammam,Reefer,C026,4575,true,5565,SAR
O6-C026-40,,2026-08-02,Jeddah → Dammam,Reefer,C026,4630,true,5645,SAR
O6-C026-41,,2026-08-26,Jeddah → Dammam,Reefer,C026,4615,true,5500,SAR
O6-C026-42,,2026-08-16,Jeddah → Dammam,Reefer,C026,4555,true,5440,SAR
O6-C026-43,,2026-07-04,Jeddah → Dammam,Reefer,C026,4550,true,5655,SAR
O6-C026-44,,2026-08-14,Jeddah → Dammam,Reefer,C026,4665,true,5505,SAR
O6-C026-45,,2026-08-21,Jeddah → Dammam,Reefer,C026,4615,true,5520,SAR
O6-C026-46,,2026-07-14,Jeddah → Dammam,Reefer,C026,4550,true,5470,SAR
O6-C026-47,,2026-08-30,Jeddah → Dammam,Reefer,C026,4590,true,5620,SAR
O6-C026-48,,2026-08-02,Jeddah → Dammam,Reefer,C026,4900,true,5445,SAR
O6-C026-49,,2026-09-04,Jeddah → Dammam,Reefer,C026,4895,true,5510,SAR
O6-C026-50,,2026-08-18,Jeddah → Dammam,Reefer,C026,5120,true,5635,SAR
O6-C026-51,,2026-07-14,Jeddah → Dammam,Reefer,C026,4900,true,5615,SAR
O6-C026-52,,2026-08-25,Jeddah → Dammam,Reefer,C026,4940,true,5460,SAR
O6-C026-53,,2026-08-19,Jeddah → Dammam,Reefer,C026,5015,true,5605,SAR
O6-C026-54,,2026-06-16,Jeddah → Dammam,Reefer,C026,4855,true,5555,SAR
O6-C026-55,,2026-09-02,Jeddah → Dammam,Reefer,C026,5015,true,5570,SAR
O6-C026-56,,2026-08-30,Jeddah → Dammam,Reefer,C026,5055,true,5650,SAR
O6-C026-57,,2026-07-25,Jeddah → Dammam,Reefer,C026,5040,true,5455,SAR
O6-C026-58,,2026-08-11,Jeddah → Dammam,Reefer,C026,4955,true,5560,SAR
O6-C026-59,,2026-08-30,Jeddah → Dammam,Reefer,C026,4955,true,5490,SAR
O6-C026-60,,2026-06-19,Jeddah → Dammam,Reefer,C026,5125,true,5520,SAR
O6-C026-61,,2026-09-01,Jeddah → Dammam,Reefer,C026,5010,true,5485,SAR
O6-C026-62,,2026-08-11,Jeddah → Dammam,Reefer,C026,4955,true,5465,SAR
O6-C026-63,,2026-08-03,Jeddah → Dammam,Reefer,C026,5105,true,5540,SAR
O6-C027-0,,2026-06-13,Jeddah → Dammam,Reefer,C027,4340,false,5460,SAR
O6-C027-1,,2026-08-31,Jeddah → Dammam,Reefer,C027,4315,true,5615,SAR
O6-C027-2,,2026-08-21,Jeddah → Dammam,Reefer,C027,4255,true,5650,SAR
O6-C027-3,,2026-06-21,Jeddah → Dammam,Reefer,C027,4200,true,5595,SAR
O6-C027-4,,2026-08-29,Jeddah → Dammam,Reefer,C027,4210,false,5575,SAR
O6-C027-5,,2026-08-19,Jeddah → Dammam,Reefer,C027,4335,false,5650,SAR
O6-C027-6,,2026-07-29,Jeddah → Dammam,Reefer,C027,4270,false,5460,SAR
O6-C027-7,,2026-08-16,Jeddah → Dammam,Reefer,C027,4245,true,5510,SAR
O6-C027-8,,2026-08-28,Jeddah → Dammam,Reefer,C027,4325,false,5635,SAR
O6-C027-9,,2026-07-23,Jeddah → Dammam,Reefer,C027,4250,true,5425,SAR
O6-C027-10,,2026-08-19,Jeddah → Dammam,Reefer,C027,4275,false,5535,SAR
O6-C027-11,,2026-08-25,Jeddah → Dammam,Reefer,C027,4220,false,5515,SAR
O6-C027-12,,2026-07-28,Jeddah → Dammam,Reefer,C027,4285,false,5515,SAR
O6-C027-13,,2026-08-24,Jeddah → Dammam,Reefer,C027,4190,false,5430,SAR
O6-C027-14,,2026-08-31,Jeddah → Dammam,Reefer,C027,4320,true,5530,SAR
O6-C027-15,,2026-06-21,Jeddah → Dammam,Reefer,C027,4240,false,5570,SAR
O6-C027-16,,2026-08-04,Jeddah → Dammam,Reefer,C027,4655,true,5580,SAR
O6-C027-17,,2026-08-18,Jeddah → Dammam,Reefer,C027,4655,true,5505,SAR
O6-C027-18,,2026-08-28,Jeddah → Dammam,Reefer,C027,4600,true,5415,SAR
O6-C027-19,,2026-07-10,Jeddah → Dammam,Reefer,C027,4640,true,5455,SAR
O6-C027-20,,2026-08-13,Jeddah → Dammam,Reefer,C027,4635,true,5630,SAR
O6-C027-21,,2026-09-04,Jeddah → Dammam,Reefer,C027,4530,true,5495,SAR
O6-C027-22,,2026-07-13,Jeddah → Dammam,Reefer,C027,4550,true,5630,SAR
O6-C027-23,,2026-08-20,Jeddah → Dammam,Reefer,C027,4685,true,5525,SAR
O6-C027-24,,2026-09-05,Jeddah → Dammam,Reefer,C027,4620,true,5535,SAR
O6-C027-25,,2026-06-10,Jeddah → Dammam,Reefer,C027,4595,true,5465,SAR
O6-C027-26,,2026-08-22,Jeddah → Dammam,Reefer,C027,4580,true,5415,SAR
O6-C027-27,,2026-09-06,Jeddah → Dammam,Reefer,C027,4645,true,5450,SAR
O6-C027-28,,2026-07-26,Jeddah → Dammam,Reefer,C027,4595,true,5560,SAR
O6-C027-29,,2026-08-18,Jeddah → Dammam,Reefer,C027,4610,true,5570,SAR
O6-C027-30,,2026-09-04,Jeddah → Dammam,Reefer,C027,4630,true,5430,SAR
O6-C027-31,,2026-07-06,Jeddah → Dammam,Reefer,C027,4635,true,5450,SAR
O6-C027-32,,2026-08-26,Jeddah → Dammam,Reefer,C027,4575,true,5410,SAR
O6-C027-33,,2026-08-27,Jeddah → Dammam,Reefer,C027,4540,false,5450,SAR
O6-C027-34,,2026-06-12,Jeddah → Dammam,Reefer,C027,4615,true,5520,SAR
O6-C027-35,,2026-09-06,Jeddah → Dammam,Reefer,C027,4665,true,5420,SAR
O6-C027-36,,2026-08-22,Jeddah → Dammam,Reefer,C027,4655,true,5635,SAR
O6-C027-37,,2026-06-21,Jeddah → Dammam,Reefer,C027,4630,true,5485,SAR
O6-C027-38,,2026-08-20,Jeddah → Dammam,Reefer,C027,4640,true,5495,SAR
O6-C027-39,,2026-08-28,Jeddah → Dammam,Reefer,C027,4665,true,5620,SAR
O6-C027-40,,2026-08-02,Jeddah → Dammam,Reefer,C027,4600,true,5455,SAR
O6-C027-41,,2026-08-25,Jeddah → Dammam,Reefer,C027,4600,true,5505,SAR
O6-C027-42,,2026-08-11,Jeddah → Dammam,Reefer,C027,4540,true,5485,SAR
O6-C027-43,,2026-07-01,Jeddah → Dammam,Reefer,C027,4660,true,5505,SAR
O6-C027-44,,2026-08-25,Jeddah → Dammam,Reefer,C027,4650,true,5575,SAR
O6-C027-45,,2026-08-19,Jeddah → Dammam,Reefer,C027,4625,true,5595,SAR
O6-C027-46,,2026-06-27,Jeddah → Dammam,Reefer,C027,4600,true,5450,SAR
O6-C027-47,,2026-08-19,Jeddah → Dammam,Reefer,C027,4605,true,5560,SAR
O6-C027-48,,2026-08-06,Jeddah → Dammam,Reefer,C027,4965,true,5585,SAR
O6-C027-49,,2026-08-23,Jeddah → Dammam,Reefer,C027,4935,true,5645,SAR
O6-C027-50,,2026-08-31,Jeddah → Dammam,Reefer,C027,4865,true,5515,SAR
O6-C027-51,,2026-07-06,Jeddah → Dammam,Reefer,C027,5115,true,5560,SAR
O6-C027-52,,2026-09-02,Jeddah → Dammam,Reefer,C027,5075,true,5585,SAR
O6-C027-53,,2026-08-10,Jeddah → Dammam,Reefer,C027,5055,true,5605,SAR
O6-C027-54,,2026-06-15,Jeddah → Dammam,Reefer,C027,5060,true,5590,SAR
O6-C027-55,,2026-08-28,Jeddah → Dammam,Reefer,C027,5080,true,5425,SAR
O6-C027-56,,2026-08-28,Jeddah → Dammam,Reefer,C027,4955,true,5620,SAR
O6-C027-57,,2026-07-31,Jeddah → Dammam,Reefer,C027,5055,true,5640,SAR
O6-C027-58,,2026-08-31,Jeddah → Dammam,Reefer,C027,4835,true,5475,SAR
O6-C027-59,,2026-08-17,Jeddah → Dammam,Reefer,C027,4885,true,5630,SAR
O6-C027-60,,2026-06-30,Jeddah → Dammam,Reefer,C027,5075,true,5430,SAR
O6-C027-61,,2026-08-12,Jeddah → Dammam,Reefer,C027,5040,true,5605,SAR
O6-C027-62,,2026-08-16,Jeddah → Dammam,Reefer,C027,5035,true,5610,SAR
O6-C027-63,,2026-06-19,Jeddah → Dammam,Reefer,C027,5110,true,5615,SAR
O6-C028-0,,2026-07-08,Jeddah → Dammam,Reefer,C028,4275,false,5550,SAR
O6-C028-1,,2026-08-28,Jeddah → Dammam,Reefer,C028,4315,false,5495,SAR
O6-C028-2,,2026-08-26,Jeddah → Dammam,Reefer,C028,4255,false,5520,SAR
O6-C028-3,,2026-06-27,Jeddah → Dammam,Reefer,C028,4225,false,5450,SAR
O6-C028-4,,2026-08-18,Jeddah → Dammam,Reefer,C028,4235,true,5440,SAR
O6-C028-5,,2026-08-23,Jeddah → Dammam,Reefer,C028,4255,false,5625,SAR
O6-C028-6,,2026-07-23,Jeddah → Dammam,Reefer,C028,4190,false,5555,SAR
O6-C028-7,,2026-08-18,Jeddah → Dammam,Reefer,C028,4325,false,5430,SAR
O6-C028-8,,2026-09-05,Jeddah → Dammam,Reefer,C028,4310,false,5465,SAR
O6-C028-9,,2026-07-02,Jeddah → Dammam,Reefer,C028,4255,false,5540,SAR
O6-C028-10,,2026-08-22,Jeddah → Dammam,Reefer,C028,4190,false,5550,SAR
O6-C028-11,,2026-08-16,Jeddah → Dammam,Reefer,C028,4285,false,5505,SAR
O6-C028-12,,2026-07-15,Jeddah → Dammam,Reefer,C028,4295,true,5470,SAR
O6-C028-13,,2026-08-30,Jeddah → Dammam,Reefer,C028,4325,true,5590,SAR
O6-C028-14,,2026-08-21,Jeddah → Dammam,Reefer,C028,4185,true,5615,SAR
O6-C028-15,,2026-07-09,Jeddah → Dammam,Reefer,C028,4240,true,5555,SAR
O6-C028-16,,2026-06-28,Jeddah → Dammam,Reefer,C028,4635,true,5475,SAR
O6-C028-17,,2026-08-09,Jeddah → Dammam,Reefer,C028,4650,true,5555,SAR
O6-C028-18,,2026-08-21,Jeddah → Dammam,Reefer,C028,4640,true,5515,SAR
O6-C028-19,,2026-08-03,Jeddah → Dammam,Reefer,C028,4615,true,5595,SAR
O6-C028-20,,2026-08-13,Jeddah → Dammam,Reefer,C028,4610,true,5500,SAR
O6-C028-21,,2026-08-17,Jeddah → Dammam,Reefer,C028,4535,true,5610,SAR
O6-C028-22,,2026-06-23,Jeddah → Dammam,Reefer,C028,4535,true,5525,SAR
O6-C028-23,,2026-09-02,Jeddah → Dammam,Reefer,C028,4665,true,5655,SAR
O6-C028-24,,2026-08-31,Jeddah → Dammam,Reefer,C028,4585,true,5650,SAR
O6-C028-25,,2026-08-04,Jeddah → Dammam,Reefer,C028,4575,true,5570,SAR
O6-C028-26,,2026-09-02,Jeddah → Dammam,Reefer,C028,4545,true,5485,SAR
O6-C028-27,,2026-09-03,Jeddah → Dammam,Reefer,C028,4625,true,5485,SAR
O6-C028-28,,2026-07-07,Jeddah → Dammam,Reefer,C028,4655,true,5435,SAR
O6-C028-29,,2026-09-05,Jeddah → Dammam,Reefer,C028,4565,true,5475,SAR
O6-C028-30,,2026-08-16,Jeddah → Dammam,Reefer,C028,4670,true,5540,SAR
O6-C028-31,,2026-07-27,Jeddah → Dammam,Reefer,C028,4555,true,5445,SAR
O6-C028-32,,2026-08-27,Jeddah → Dammam,Reefer,C028,4545,true,5595,SAR
O6-C028-33,,2026-08-28,Jeddah → Dammam,Reefer,C028,4580,true,5590,SAR
O6-C028-34,,2026-07-24,Jeddah → Dammam,Reefer,C028,4525,true,5460,SAR
O6-C028-35,,2026-09-03,Jeddah → Dammam,Reefer,C028,4565,true,5515,SAR
O6-C028-36,,2026-08-09,Jeddah → Dammam,Reefer,C028,4640,false,5525,SAR
O6-C028-37,,2026-07-08,Jeddah → Dammam,Reefer,C028,4540,true,5655,SAR
O6-C028-38,,2026-08-26,Jeddah → Dammam,Reefer,C028,4550,true,5440,SAR
O6-C028-39,,2026-08-20,Jeddah → Dammam,Reefer,C028,4640,true,5550,SAR
O6-C028-40,,2026-07-10,Jeddah → Dammam,Reefer,C028,4630,true,5430,SAR
O6-C028-41,,2026-08-19,Jeddah → Dammam,Reefer,C028,4670,true,5600,SAR
O6-C028-42,,2026-09-04,Jeddah → Dammam,Reefer,C028,4535,true,5585,SAR
O6-C028-43,,2026-07-09,Jeddah → Dammam,Reefer,C028,4645,true,5625,SAR
O6-C028-44,,2026-09-03,Jeddah → Dammam,Reefer,C028,4580,true,5530,SAR
O6-C028-45,,2026-08-19,Jeddah → Dammam,Reefer,C028,4540,true,5455,SAR
O6-C028-46,,2026-06-12,Jeddah → Dammam,Reefer,C028,4635,true,5555,SAR
O6-C028-47,,2026-08-11,Jeddah → Dammam,Reefer,C028,4640,true,5555,SAR
O6-C028-48,,2026-07-27,Jeddah → Dammam,Reefer,C028,4905,false,5530,SAR
O6-C028-49,,2026-08-29,Jeddah → Dammam,Reefer,C028,4820,true,5450,SAR
O6-C028-50,,2026-08-24,Jeddah → Dammam,Reefer,C028,5110,true,5505,SAR
O6-C028-51,,2026-08-07,Jeddah → Dammam,Reefer,C028,4875,true,5575,SAR
O6-C028-52,,2026-08-21,Jeddah → Dammam,Reefer,C028,4950,true,5490,SAR
O6-C028-53,,2026-09-01,Jeddah → Dammam,Reefer,C028,4985,true,5640,SAR
O6-C028-54,,2026-06-14,Jeddah → Dammam,Reefer,C028,5110,true,5480,SAR
O6-C028-55,,2026-08-27,Jeddah → Dammam,Reefer,C028,5030,true,5615,SAR
O6-C028-56,,2026-08-27,Jeddah → Dammam,Reefer,C028,4820,true,5580,SAR
O6-C028-57,,2026-08-07,Jeddah → Dammam,Reefer,C028,5040,true,5540,SAR
O6-C028-58,,2026-08-12,Jeddah → Dammam,Reefer,C028,5075,true,5580,SAR
O6-C028-59,,2026-08-22,Jeddah → Dammam,Reefer,C028,4985,true,5545,SAR
O6-C028-60,,2026-07-20,Jeddah → Dammam,Reefer,C028,4895,true,5510,SAR
O6-C028-61,,2026-09-04,Jeddah → Dammam,Reefer,C028,4815,true,5520,SAR
O6-C028-62,,2026-08-28,Jeddah → Dammam,Reefer,C028,4945,true,5455,SAR
O6-C028-63,,2026-06-12,Jeddah → Dammam,Reefer,C028,5030,true,5525,SAR
O6-C009-0,,2026-07-02,Jeddah → Dammam,Reefer,C009,4310,false,5585,SAR
O6-C009-1,,2026-09-02,Jeddah → Dammam,Reefer,C009,4310,false,5615,SAR
O6-C009-2,,2026-08-15,Jeddah → Dammam,Reefer,C009,4330,false,5460,SAR
O6-C009-3,,2026-06-29,Jeddah → Dammam,Reefer,C009,4340,false,5605,SAR
O6-C009-4,,2026-08-21,Jeddah → Dammam,Reefer,C009,4235,true,5425,SAR
O6-C009-5,,2026-08-25,Jeddah → Dammam,Reefer,C009,4330,false,5575,SAR
O6-C009-6,,2026-07-15,Jeddah → Dammam,Reefer,C009,4280,true,5635,SAR
O6-C009-7,,2026-08-09,Jeddah → Dammam,Reefer,C009,4245,false,5485,SAR
O6-C009-8,,2026-08-20,Jeddah → Dammam,Reefer,C009,4285,true,5505,SAR
O6-C009-9,,2026-08-03,Jeddah → Dammam,Reefer,C009,4270,true,5460,SAR
O6-C009-10,,2026-08-23,Jeddah → Dammam,Reefer,C009,4355,true,5415,SAR
O6-C009-11,,2026-08-20,Jeddah → Dammam,Reefer,C009,4290,false,5480,SAR
O6-C009-12,,2026-08-01,Jeddah → Dammam,Reefer,C009,4365,false,5450,SAR
O6-C009-13,,2026-08-11,Jeddah → Dammam,Reefer,C009,4325,false,5495,SAR
O6-C009-14,,2026-08-13,Jeddah → Dammam,Reefer,C009,4255,false,5545,SAR
O6-C009-15,,2026-07-15,Jeddah → Dammam,Reefer,C009,4355,false,5500,SAR
O6-C009-16,,2026-06-09,Jeddah → Dammam,Reefer,C009,4650,true,5500,SAR
O6-C009-17,,2026-09-03,Jeddah → Dammam,Reefer,C009,4655,true,5510,SAR
O6-C009-18,,2026-08-30,Jeddah → Dammam,Reefer,C009,4625,true,5635,SAR
O6-C009-19,,2026-07-30,Jeddah → Dammam,Reefer,C009,4610,true,5600,SAR
O6-C009-20,,2026-09-02,Jeddah → Dammam,Reefer,C009,4610,true,5495,SAR
O6-C009-21,,2026-08-10,Jeddah → Dammam,Reefer,C009,4720,true,5450,SAR
O6-C009-22,,2026-07-20,Jeddah → Dammam,Reefer,C009,4665,true,5660,SAR
O6-C009-23,,2026-08-18,Jeddah → Dammam,Reefer,C009,4635,true,5440,SAR
O6-C009-24,,2026-08-14,Jeddah → Dammam,Reefer,C009,4615,true,5610,SAR
O6-C009-25,,2026-07-24,Jeddah → Dammam,Reefer,C009,4635,true,5525,SAR
O6-C009-26,,2026-08-23,Jeddah → Dammam,Reefer,C009,4570,false,5505,SAR
O6-C009-27,,2026-09-05,Jeddah → Dammam,Reefer,C009,4645,true,5570,SAR
O6-C009-28,,2026-06-16,Jeddah → Dammam,Reefer,C009,4705,true,5410,SAR
O6-C009-29,,2026-08-13,Jeddah → Dammam,Reefer,C009,4660,true,5625,SAR
O6-C009-30,,2026-09-03,Jeddah → Dammam,Reefer,C009,4715,true,5420,SAR
O6-C009-31,,2026-07-01,Jeddah → Dammam,Reefer,C009,4665,true,5585,SAR
O6-C009-32,,2026-08-31,Jeddah → Dammam,Reefer,C009,4700,true,5635,SAR
O6-C009-33,,2026-08-10,Jeddah → Dammam,Reefer,C009,4565,true,5430,SAR
O6-C009-34,,2026-07-30,Jeddah → Dammam,Reefer,C009,4700,true,5655,SAR
O6-C009-35,,2026-08-27,Jeddah → Dammam,Reefer,C009,4720,true,5555,SAR
O6-C009-36,,2026-09-01,Jeddah → Dammam,Reefer,C009,4695,true,5585,SAR
O6-C009-37,,2026-06-12,Jeddah → Dammam,Reefer,C009,4590,true,5530,SAR
O6-C009-38,,2026-08-22,Jeddah → Dammam,Reefer,C009,4720,true,5605,SAR
O6-C009-39,,2026-08-11,Jeddah → Dammam,Reefer,C009,4610,true,5430,SAR
O6-C009-40,,2026-07-17,Jeddah → Dammam,Reefer,C009,4690,true,5590,SAR
O6-C009-41,,2026-08-14,Jeddah → Dammam,Reefer,C009,4635,true,5500,SAR
O6-C009-42,,2026-08-15,Jeddah → Dammam,Reefer,C009,4615,false,5580,SAR
O6-C009-43,,2026-07-29,Jeddah → Dammam,Reefer,C009,4640,true,5535,SAR
O6-C009-44,,2026-08-25,Jeddah → Dammam,Reefer,C009,4685,true,5635,SAR
O6-C009-45,,2026-08-14,Jeddah → Dammam,Reefer,C009,4595,true,5525,SAR
O6-C009-46,,2026-08-03,Jeddah → Dammam,Reefer,C009,4695,true,5625,SAR
O6-C009-47,,2026-08-15,Jeddah → Dammam,Reefer,C009,4720,true,5525,SAR
O6-C009-48,,2026-07-02,Jeddah → Dammam,Reefer,C009,4870,true,5610,SAR
O6-C009-49,,2026-08-31,Jeddah → Dammam,Reefer,C009,5035,true,5555,SAR
O6-C009-50,,2026-08-28,Jeddah → Dammam,Reefer,C009,5075,true,5565,SAR
O6-C009-51,,2026-07-18,Jeddah → Dammam,Reefer,C009,4870,true,5470,SAR
O6-C009-52,,2026-09-05,Jeddah → Dammam,Reefer,C009,5090,true,5465,SAR
O6-C009-53,,2026-08-20,Jeddah → Dammam,Reefer,C009,4885,true,5505,SAR
O6-C009-54,,2026-07-03,Jeddah → Dammam,Reefer,C009,4955,true,5415,SAR
O6-C009-55,,2026-08-17,Jeddah → Dammam,Reefer,C009,4860,true,5540,SAR
O6-C009-56,,2026-08-19,Jeddah → Dammam,Reefer,C009,5085,true,5445,SAR
O6-C009-57,,2026-06-21,Jeddah → Dammam,Reefer,C009,4970,true,5600,SAR
O6-C009-58,,2026-08-31,Jeddah → Dammam,Reefer,C009,4955,false,5465,SAR
O6-C009-59,,2026-08-15,Jeddah → Dammam,Reefer,C009,4880,true,5425,SAR
O6-C009-60,,2026-06-28,Jeddah → Dammam,Reefer,C009,5015,true,5440,SAR
O6-C009-61,,2026-08-21,Jeddah → Dammam,Reefer,C009,4905,true,5530,SAR
O6-C009-62,,2026-08-16,Jeddah → Dammam,Reefer,C009,5145,true,5415,SAR
O6-C009-63,,2026-07-06,Jeddah → Dammam,Reefer,C009,4920,true,5510,SAR
O7-C029-0,,2026-06-16,Dammam → Jubail,Tanker,C029,1120,false,1395,SAR
O7-C029-1,,2026-08-13,Dammam → Jubail,Tanker,C029,1125,true,1355,SAR
O7-C029-2,,2026-08-19,Dammam → Jubail,Tanker,C029,1095,false,1355,SAR
O7-C029-3,,2026-07-04,Dammam → Jubail,Tanker,C029,1105,false,1400,SAR
O7-C029-4,,2026-08-09,Dammam → Jubail,Tanker,C029,1095,false,1415,SAR
O7-C029-5,,2026-08-09,Dammam → Jubail,Tanker,C029,1120,true,1360,SAR
O7-C029-6,,2026-06-29,Dammam → Jubail,Tanker,C029,1100,true,1395,SAR
O7-C029-7,,2026-08-19,Dammam → Jubail,Tanker,C029,1115,false,1415,SAR
O7-C029-8,,2026-08-31,Dammam → Jubail,Tanker,C029,1105,false,1360,SAR
O7-C029-9,,2026-07-02,Dammam → Jubail,Tanker,C029,1105,false,1375,SAR
O7-C029-10,,2026-08-11,Dammam → Jubail,Tanker,C029,1115,true,1370,SAR
O7-C029-11,,2026-08-24,Dammam → Jubail,Tanker,C029,1115,false,1360,SAR
O7-C029-12,,2026-06-11,Dammam → Jubail,Tanker,C029,1100,true,1410,SAR
O7-C029-13,,2026-08-11,Dammam → Jubail,Tanker,C029,1105,false,1365,SAR
O7-C029-14,,2026-08-14,Dammam → Jubail,Tanker,C029,1120,false,1365,SAR
O7-C029-15,,2026-07-22,Dammam → Jubail,Tanker,C029,1115,false,1365,SAR
O7-C029-16,,2026-07-31,Dammam → Jubail,Tanker,C029,1185,true,1395,SAR
O7-C029-17,,2026-08-29,Dammam → Jubail,Tanker,C029,1220,true,1380,SAR
O7-C029-18,,2026-08-26,Dammam → Jubail,Tanker,C029,1190,true,1360,SAR
O7-C029-19,,2026-06-29,Dammam → Jubail,Tanker,C029,1190,true,1355,SAR
O7-C029-20,,2026-08-13,Dammam → Jubail,Tanker,C029,1200,true,1390,SAR
O7-C029-21,,2026-08-29,Dammam → Jubail,Tanker,C029,1215,false,1370,SAR
O7-C029-22,,2026-07-02,Dammam → Jubail,Tanker,C029,1220,true,1410,SAR
O7-C029-23,,2026-08-19,Dammam → Jubail,Tanker,C029,1185,true,1380,SAR
O7-C029-24,,2026-08-18,Dammam → Jubail,Tanker,C029,1190,true,1415,SAR
O7-C029-25,,2026-07-27,Dammam → Jubail,Tanker,C029,1210,true,1355,SAR
O7-C029-26,,2026-09-01,Dammam → Jubail,Tanker,C029,1195,true,1400,SAR
O7-C029-27,,2026-08-09,Dammam → Jubail,Tanker,C029,1220,true,1355,SAR
O7-C029-28,,2026-07-08,Dammam → Jubail,Tanker,C029,1195,true,1355,SAR
O7-C029-29,,2026-08-14,Dammam → Jubail,Tanker,C029,1200,true,1410,SAR
O7-C029-30,,2026-08-24,Dammam → Jubail,Tanker,C029,1200,true,1385,SAR
O7-C029-31,,2026-07-08,Dammam → Jubail,Tanker,C029,1215,true,1400,SAR
O7-C029-32,,2026-08-28,Dammam → Jubail,Tanker,C029,1180,true,1380,SAR
O7-C029-33,,2026-08-19,Dammam → Jubail,Tanker,C029,1190,true,1390,SAR
O7-C029-34,,2026-07-14,Dammam → Jubail,Tanker,C029,1190,true,1385,SAR
O7-C029-35,,2026-09-01,Dammam → Jubail,Tanker,C029,1185,true,1370,SAR
O7-C029-36,,2026-08-15,Dammam → Jubail,Tanker,C029,1200,true,1395,SAR
O7-C029-37,,2026-07-16,Dammam → Jubail,Tanker,C029,1220,true,1365,SAR
O7-C029-38,,2026-08-09,Dammam → Jubail,Tanker,C029,1195,true,1400,SAR
O7-C029-39,,2026-08-14,Dammam → Jubail,Tanker,C029,1205,true,1415,SAR
O7-C029-40,,2026-06-24,Dammam → Jubail,Tanker,C029,1205,true,1415,SAR
O7-C029-41,,2026-08-12,Dammam → Jubail,Tanker,C029,1185,true,1355,SAR
O7-C029-42,,2026-08-20,Dammam → Jubail,Tanker,C029,1200,true,1360,SAR
O7-C029-43,,2026-06-15,Dammam → Jubail,Tanker,C029,1190,true,1360,SAR
O7-C029-44,,2026-08-23,Dammam → Jubail,Tanker,C029,1200,true,1360,SAR
O7-C029-45,,2026-09-01,Dammam → Jubail,Tanker,C029,1210,true,1380,SAR
O7-C029-46,,2026-06-25,Dammam → Jubail,Tanker,C029,1210,true,1370,SAR
O7-C029-47,,2026-09-03,Dammam → Jubail,Tanker,C029,1200,true,1410,SAR
O7-C029-48,,2026-07-04,Dammam → Jubail,Tanker,C029,1295,true,1405,SAR
O7-C029-49,,2026-08-17,Dammam → Jubail,Tanker,C029,1320,true,1395,SAR
O7-C029-50,,2026-08-17,Dammam → Jubail,Tanker,C029,1280,true,1365,SAR
O7-C029-51,,2026-07-06,Dammam → Jubail,Tanker,C029,1315,false,1385,SAR
O7-C029-52,,2026-08-11,Dammam → Jubail,Tanker,C029,1275,true,1400,SAR
O7-C029-53,,2026-09-01,Dammam → Jubail,Tanker,C029,1315,true,1385,SAR
O7-C029-54,,2026-07-16,Dammam → Jubail,Tanker,C029,1330,true,1405,SAR
O7-C029-55,,2026-08-25,Dammam → Jubail,Tanker,C029,1280,true,1385,SAR
O7-C029-56,,2026-08-16,Dammam → Jubail,Tanker,C029,1260,true,1415,SAR
O7-C029-57,,2026-06-23,Dammam → Jubail,Tanker,C029,1305,true,1370,SAR
O7-C029-58,,2026-08-30,Dammam → Jubail,Tanker,C029,1280,true,1400,SAR
O7-C029-59,,2026-08-16,Dammam → Jubail,Tanker,C029,1335,true,1385,SAR
O7-C029-60,,2026-08-05,Dammam → Jubail,Tanker,C029,1295,true,1385,SAR
O7-C029-61,,2026-09-06,Dammam → Jubail,Tanker,C029,1265,true,1410,SAR
O7-C029-62,,2026-08-21,Dammam → Jubail,Tanker,C029,1315,true,1360,SAR
O7-C029-63,,2026-07-20,Dammam → Jubail,Tanker,C029,1330,true,1375,SAR
O7-C030-0,,2026-07-11,Dammam → Jubail,Tanker,C030,1100,true,1400,SAR
O7-C030-1,,2026-08-23,Dammam → Jubail,Tanker,C030,1095,false,1405,SAR
O7-C030-2,,2026-08-20,Dammam → Jubail,Tanker,C030,1110,false,1375,SAR
O7-C030-3,,2026-06-11,Dammam → Jubail,Tanker,C030,1115,true,1410,SAR
O7-C030-4,,2026-08-12,Dammam → Jubail,Tanker,C030,1115,false,1375,SAR
O7-C030-5,,2026-08-10,Dammam → Jubail,Tanker,C030,1130,false,1365,SAR
O7-C030-6,,2026-06-19,Dammam → Jubail,Tanker,C030,1100,false,1390,SAR
O7-C030-7,,2026-08-12,Dammam → Jubail,Tanker,C030,1125,true,1410,SAR
O7-C030-8,,2026-08-13,Dammam → Jubail,Tanker,C030,1110,false,1395,SAR
O7-C030-9,,2026-07-13,Dammam → Jubail,Tanker,C030,1120,false,1385,SAR
O7-C030-10,,2026-08-12,Dammam → Jubail,Tanker,C030,1095,false,1410,SAR
O7-C030-11,,2026-08-13,Dammam → Jubail,Tanker,C030,1095,true,1400,SAR
O7-C030-12,,2026-06-12,Dammam → Jubail,Tanker,C030,1090,false,1390,SAR
O7-C030-13,,2026-08-25,Dammam → Jubail,Tanker,C030,1110,false,1385,SAR
O7-C030-14,,2026-08-13,Dammam → Jubail,Tanker,C030,1115,true,1395,SAR
O7-C030-15,,2026-08-05,Dammam → Jubail,Tanker,C030,1130,false,1360,SAR
O7-C030-16,,2026-06-25,Dammam → Jubail,Tanker,C030,1185,true,1385,SAR
O7-C030-17,,2026-08-22,Dammam → Jubail,Tanker,C030,1200,true,1380,SAR
O7-C030-18,,2026-08-11,Dammam → Jubail,Tanker,C030,1190,true,1390,SAR
O7-C030-19,,2026-07-17,Dammam → Jubail,Tanker,C030,1210,true,1370,SAR
O7-C030-20,,2026-08-26,Dammam → Jubail,Tanker,C030,1205,true,1355,SAR
O7-C030-21,,2026-08-23,Dammam → Jubail,Tanker,C030,1220,true,1355,SAR
O7-C030-22,,2026-07-06,Dammam → Jubail,Tanker,C030,1220,true,1385,SAR
O7-C030-23,,2026-09-02,Dammam → Jubail,Tanker,C030,1200,true,1410,SAR
O7-C030-24,,2026-08-18,Dammam → Jubail,Tanker,C030,1220,true,1390,SAR
O7-C030-25,,2026-08-07,Dammam → Jubail,Tanker,C030,1210,true,1380,SAR
O7-C030-26,,2026-08-14,Dammam → Jubail,Tanker,C030,1205,true,1400,SAR
O7-C030-27,,2026-08-19,Dammam → Jubail,Tanker,C030,1200,true,1355,SAR
O7-C030-28,,2026-07-15,Dammam → Jubail,Tanker,C030,1210,false,1370,SAR
O7-C030-29,,2026-08-30,Dammam → Jubail,Tanker,C030,1195,true,1405,SAR
O7-C030-30,,2026-08-30,Dammam → Jubail,Tanker,C030,1210,true,1395,SAR
O7-C030-31,,2026-06-11,Dammam → Jubail,Tanker,C030,1190,true,1355,SAR
O7-C030-32,,2026-08-14,Dammam → Jubail,Tanker,C030,1205,true,1395,SAR
O7-C030-33,,2026-09-04,Dammam → Jubail,Tanker,C030,1200,true,1375,SAR
O7-C030-34,,2026-07-18,Dammam → Jubail,Tanker,C030,1185,true,1400,SAR
O7-C030-35,,2026-08-10,Dammam → Jubail,Tanker,C030,1180,true,1365,SAR
O7-C030-36,,2026-08-15,Dammam → Jubail,Tanker,C030,1205,true,1395,SAR
O7-C030-37,,2026-06-14,Dammam → Jubail,Tanker,C030,1185,true,1370,SAR
O7-C030-38,,2026-08-16,Dammam → Jubail,Tanker,C030,1215,true,1380,SAR
O7-C030-39,,2026-09-04,Dammam → Jubail,Tanker,C030,1205,true,1355,SAR
O7-C030-40,,2026-06-17,Dammam → Jubail,Tanker,C030,1185,true,1400,SAR
O7-C030-41,,2026-08-10,Dammam → Jubail,Tanker,C030,1215,true,1355,SAR
O7-C030-42,,2026-08-10,Dammam → Jubail,Tanker,C030,1220,true,1385,SAR
O7-C030-43,,2026-07-19,Dammam → Jubail,Tanker,C030,1220,true,1360,SAR
O7-C030-44,,2026-09-04,Dammam → Jubail,Tanker,C030,1185,true,1375,SAR
O7-C030-45,,2026-08-21,Dammam → Jubail,Tanker,C030,1190,true,1385,SAR
O7-C030-46,,2026-08-04,Dammam → Jubail,Tanker,C030,1190,true,1375,SAR
O7-C030-47,,2026-08-09,Dammam → Jubail,Tanker,C030,1190,true,1355,SAR
O7-C030-48,,2026-06-09,Dammam → Jubail,Tanker,C030,1260,true,1395,SAR
O7-C030-49,,2026-08-19,Dammam → Jubail,Tanker,C030,1255,true,1365,SAR
O7-C030-50,,2026-08-11,Dammam → Jubail,Tanker,C030,1275,true,1380,SAR
O7-C030-51,,2026-08-07,Dammam → Jubail,Tanker,C030,1280,true,1395,SAR
O7-C030-52,,2026-08-29,Dammam → Jubail,Tanker,C030,1275,true,1360,SAR
O7-C030-53,,2026-08-23,Dammam → Jubail,Tanker,C030,1305,true,1390,SAR
O7-C030-54,,2026-06-15,Dammam → Jubail,Tanker,C030,1270,true,1355,SAR
O7-C030-55,,2026-08-29,Dammam → Jubail,Tanker,C030,1280,true,1355,SAR
O7-C030-56,,2026-08-09,Dammam → Jubail,Tanker,C030,1265,true,1385,SAR
O7-C030-57,,2026-06-26,Dammam → Jubail,Tanker,C030,1335,true,1405,SAR
O7-C030-58,,2026-09-03,Dammam → Jubail,Tanker,C030,1260,true,1375,SAR
O7-C030-59,,2026-08-20,Dammam → Jubail,Tanker,C030,1315,false,1385,SAR
O7-C030-60,,2026-06-20,Dammam → Jubail,Tanker,C030,1270,true,1350,SAR
O7-C030-61,,2026-08-24,Dammam → Jubail,Tanker,C030,1265,true,1370,SAR
O7-C030-62,,2026-09-05,Dammam → Jubail,Tanker,C030,1320,true,1395,SAR
O7-C030-63,,2026-07-29,Dammam → Jubail,Tanker,C030,1315,true,1380,SAR
O7-C031-0,,2026-07-15,Dammam → Jubail,Tanker,C031,1125,true,1400,SAR
O7-C031-1,,2026-09-06,Dammam → Jubail,Tanker,C031,1135,true,1405,SAR
O7-C031-2,,2026-08-28,Dammam → Jubail,Tanker,C031,1115,false,1360,SAR
O7-C031-3,,2026-08-04,Dammam → Jubail,Tanker,C031,1125,false,1380,SAR
O7-C031-4,,2026-08-21,Dammam → Jubail,Tanker,C031,1130,false,1360,SAR
O7-C031-5,,2026-09-05,Dammam → Jubail,Tanker,C031,1120,false,1395,SAR
O7-C031-6,,2026-07-03,Dammam → Jubail,Tanker,C031,1095,false,1380,SAR
O7-C031-7,,2026-08-14,Dammam → Jubail,Tanker,C031,1120,false,1375,SAR
O7-C031-8,,2026-08-29,Dammam → Jubail,Tanker,C031,1135,true,1380,SAR
O7-C031-9,,2026-08-03,Dammam → Jubail,Tanker,C031,1115,true,1405,SAR
O7-C031-10,,2026-08-17,Dammam → Jubail,Tanker,C031,1100,false,1400,SAR
O7-C031-11,,2026-09-04,Dammam → Jubail,Tanker,C031,1110,false,1390,SAR
O7-C031-12,,2026-06-26,Dammam → Jubail,Tanker,C031,1115,false,1355,SAR
O7-C031-13,,2026-08-29,Dammam → Jubail,Tanker,C031,1100,false,1380,SAR
O7-C031-14,,2026-08-31,Dammam → Jubail,Tanker,C031,1110,false,1415,SAR
O7-C031-15,,2026-07-03,Dammam → Jubail,Tanker,C031,1100,true,1375,SAR
O7-C031-16,,2026-07-08,Dammam → Jubail,Tanker,C031,1205,true,1405,SAR
O7-C031-17,,2026-08-09,Dammam → Jubail,Tanker,C031,1220,true,1370,SAR
O7-C031-18,,2026-09-05,Dammam → Jubail,Tanker,C031,1200,false,1390,SAR
O7-C031-19,,2026-06-23,Dammam → Jubail,Tanker,C031,1195,true,1400,SAR
O7-C031-20,,2026-08-19,Dammam → Jubail,Tanker,C031,1205,true,1380,SAR
O7-C031-21,,2026-09-02,Dammam → Jubail,Tanker,C031,1210,true,1380,SAR
O7-C031-22,,2026-06-23,Dammam → Jubail,Tanker,C031,1195,true,1375,SAR
O7-C031-23,,2026-08-23,Dammam → Jubail,Tanker,C031,1220,true,1360,SAR
O7-C031-24,,2026-08-19,Dammam → Jubail,Tanker,C031,1220,true,1380,SAR
O7-C031-25,,2026-06-26,Dammam → Jubail,Tanker,C031,1210,true,1415,SAR
O7-C031-26,,2026-08-20,Dammam → Jubail,Tanker,C031,1200,true,1390,SAR
O7-C031-27,,2026-08-28,Dammam → Jubail,Tanker,C031,1220,true,1370,SAR
O7-C031-28,,2026-08-01,Dammam → Jubail,Tanker,C031,1210,true,1405,SAR
O7-C031-29,,2026-08-28,Dammam → Jubail,Tanker,C031,1200,true,1400,SAR
O7-C031-30,,2026-08-18,Dammam → Jubail,Tanker,C031,1215,true,1365,SAR
O7-C031-31,,2026-07-30,Dammam → Jubail,Tanker,C031,1220,true,1405,SAR
O7-C031-32,,2026-08-17,Dammam → Jubail,Tanker,C031,1215,true,1380,SAR
O7-C031-33,,2026-08-27,Dammam → Jubail,Tanker,C031,1215,true,1400,SAR
O7-C031-34,,2026-07-05,Dammam → Jubail,Tanker,C031,1190,true,1365,SAR
O7-C031-35,,2026-09-02,Dammam → Jubail,Tanker,C031,1200,true,1395,SAR
O7-C031-36,,2026-08-10,Dammam → Jubail,Tanker,C031,1215,true,1375,SAR
O7-C031-37,,2026-07-11,Dammam → Jubail,Tanker,C031,1185,true,1395,SAR
O7-C031-38,,2026-09-04,Dammam → Jubail,Tanker,C031,1220,true,1395,SAR
O7-C031-39,,2026-08-15,Dammam → Jubail,Tanker,C031,1220,true,1375,SAR
O7-C031-40,,2026-07-04,Dammam → Jubail,Tanker,C031,1195,true,1365,SAR
O7-C031-41,,2026-08-23,Dammam → Jubail,Tanker,C031,1200,true,1360,SAR
O7-C031-42,,2026-08-18,Dammam → Jubail,Tanker,C031,1185,true,1365,SAR
O7-C031-43,,2026-06-16,Dammam → Jubail,Tanker,C031,1195,true,1400,SAR
O7-C031-44,,2026-08-16,Dammam → Jubail,Tanker,C031,1225,true,1400,SAR
O7-C031-45,,2026-08-10,Dammam → Jubail,Tanker,C031,1225,false,1370,SAR
O7-C031-46,,2026-07-18,Dammam → Jubail,Tanker,C031,1215,true,1360,SAR
O7-C031-47,,2026-08-25,Dammam → Jubail,Tanker,C031,1210,true,1370,SAR
O7-C031-48,,2026-07-27,Dammam → Jubail,Tanker,C031,1315,true,1395,SAR
O7-C031-49,,2026-08-30,Dammam → Jubail,Tanker,C031,1305,false,1390,SAR
O7-C031-50,,2026-08-22,Dammam → Jubail,Tanker,C031,1285,true,1415,SAR
O7-C031-51,,2026-07-29,Dammam → Jubail,Tanker,C031,1330,true,1380,SAR
O7-C031-52,,2026-08-15,Dammam → Jubail,Tanker,C031,1275,true,1365,SAR
O7-C031-53,,2026-09-06,Dammam → Jubail,Tanker,C031,1320,true,1370,SAR
O7-C031-54,,2026-07-26,Dammam → Jubail,Tanker,C031,1325,true,1380,SAR
O7-C031-55,,2026-08-28,Dammam → Jubail,Tanker,C031,1270,true,1385,SAR
O7-C031-56,,2026-08-30,Dammam → Jubail,Tanker,C031,1275,true,1385,SAR
O7-C031-57,,2026-07-06,Dammam → Jubail,Tanker,C031,1280,true,1380,SAR
O7-C031-58,,2026-08-24,Dammam → Jubail,Tanker,C031,1330,true,1380,SAR
O7-C031-59,,2026-09-03,Dammam → Jubail,Tanker,C031,1340,true,1385,SAR
O7-C031-60,,2026-06-15,Dammam → Jubail,Tanker,C031,1325,true,1380,SAR
O7-C031-61,,2026-08-22,Dammam → Jubail,Tanker,C031,1300,true,1385,SAR
O7-C031-62,,2026-08-23,Dammam → Jubail,Tanker,C031,1320,true,1370,SAR
O7-C031-63,,2026-07-04,Dammam → Jubail,Tanker,C031,1275,true,1390,SAR
O7-C032-0,,2026-07-08,Dammam → Jubail,Tanker,C032,1120,true,1410,SAR
O7-C032-1,,2026-08-11,Dammam → Jubail,Tanker,C032,1110,false,1395,SAR
O7-C032-2,,2026-08-22,Dammam → Jubail,Tanker,C032,1105,false,1390,SAR
O7-C032-3,,2026-06-14,Dammam → Jubail,Tanker,C032,1135,false,1380,SAR
O7-C032-4,,2026-09-04,Dammam → Jubail,Tanker,C032,1140,true,1395,SAR
O7-C032-5,,2026-08-21,Dammam → Jubail,Tanker,C032,1115,false,1365,SAR
O7-C032-6,,2026-07-17,Dammam → Jubail,Tanker,C032,1105,false,1380,SAR
O7-C032-7,,2026-08-25,Dammam → Jubail,Tanker,C032,1125,false,1415,SAR
O7-C032-8,,2026-08-14,Dammam → Jubail,Tanker,C032,1120,false,1395,SAR
O7-C032-9,,2026-06-13,Dammam → Jubail,Tanker,C032,1110,false,1405,SAR
O7-C032-10,,2026-08-20,Dammam → Jubail,Tanker,C032,1120,true,1385,SAR
O7-C032-11,,2026-08-17,Dammam → Jubail,Tanker,C032,1125,true,1410,SAR
O7-C032-12,,2026-08-02,Dammam → Jubail,Tanker,C032,1130,true,1395,SAR
O7-C032-13,,2026-08-21,Dammam → Jubail,Tanker,C032,1120,false,1405,SAR
O7-C032-14,,2026-08-15,Dammam → Jubail,Tanker,C032,1130,false,1375,SAR
O7-C032-15,,2026-06-12,Dammam → Jubail,Tanker,C032,1140,false,1380,SAR
O7-C032-16,,2026-08-01,Dammam → Jubail,Tanker,C032,1215,true,1395,SAR
O7-C032-17,,2026-08-27,Dammam → Jubail,Tanker,C032,1190,true,1405,SAR
O7-C032-18,,2026-08-21,Dammam → Jubail,Tanker,C032,1225,true,1355,SAR
O7-C032-19,,2026-07-08,Dammam → Jubail,Tanker,C032,1225,true,1370,SAR
O7-C032-20,,2026-08-13,Dammam → Jubail,Tanker,C032,1215,true,1380,SAR
O7-C032-21,,2026-08-20,Dammam → Jubail,Tanker,C032,1210,true,1380,SAR
O7-C032-22,,2026-07-08,Dammam → Jubail,Tanker,C032,1195,true,1370,SAR
O7-C032-23,,2026-08-23,Dammam → Jubail,Tanker,C032,1220,true,1410,SAR
O7-C032-24,,2026-09-01,Dammam → Jubail,Tanker,C032,1200,true,1385,SAR
O7-C032-25,,2026-07-18,Dammam → Jubail,Tanker,C032,1215,true,1370,SAR
O7-C032-26,,2026-08-28,Dammam → Jubail,Tanker,C032,1200,true,1390,SAR
O7-C032-27,,2026-08-29,Dammam → Jubail,Tanker,C032,1210,true,1400,SAR
O7-C032-28,,2026-06-25,Dammam → Jubail,Tanker,C032,1230,true,1370,SAR
O7-C032-29,,2026-08-13,Dammam → Jubail,Tanker,C032,1205,true,1360,SAR
O7-C032-30,,2026-08-29,Dammam → Jubail,Tanker,C032,1190,true,1385,SAR
O7-C032-31,,2026-07-02,Dammam → Jubail,Tanker,C032,1225,true,1370,SAR
O7-C032-32,,2026-08-24,Dammam → Jubail,Tanker,C032,1205,true,1355,SAR
O7-C032-33,,2026-08-09,Dammam → Jubail,Tanker,C032,1220,true,1400,SAR
O7-C032-34,,2026-06-23,Dammam → Jubail,Tanker,C032,1210,true,1410,SAR
O7-C032-35,,2026-08-22,Dammam → Jubail,Tanker,C032,1190,true,1370,SAR
O7-C032-36,,2026-09-04,Dammam → Jubail,Tanker,C032,1205,true,1410,SAR
O7-C032-37,,2026-06-25,Dammam → Jubail,Tanker,C032,1200,true,1405,SAR
O7-C032-38,,2026-08-16,Dammam → Jubail,Tanker,C032,1225,true,1375,SAR
O7-C032-39,,2026-09-03,Dammam → Jubail,Tanker,C032,1230,true,1375,SAR
O7-C032-40,,2026-07-09,Dammam → Jubail,Tanker,C032,1220,false,1390,SAR
O7-C032-41,,2026-08-16,Dammam → Jubail,Tanker,C032,1230,true,1410,SAR
O7-C032-42,,2026-08-28,Dammam → Jubail,Tanker,C032,1210,true,1355,SAR
O7-C032-43,,2026-06-30,Dammam → Jubail,Tanker,C032,1220,true,1395,SAR
O7-C032-44,,2026-08-16,Dammam → Jubail,Tanker,C032,1215,true,1380,SAR
O7-C032-45,,2026-08-31,Dammam → Jubail,Tanker,C032,1210,true,1415,SAR
O7-C032-46,,2026-08-06,Dammam → Jubail,Tanker,C032,1195,true,1400,SAR
O7-C032-47,,2026-08-19,Dammam → Jubail,Tanker,C032,1200,true,1355,SAR
O7-C032-48,,2026-07-23,Dammam → Jubail,Tanker,C032,1285,true,1370,SAR
O7-C032-49,,2026-09-05,Dammam → Jubail,Tanker,C032,1300,true,1405,SAR
O7-C032-50,,2026-09-05,Dammam → Jubail,Tanker,C032,1260,true,1405,SAR
O7-C032-51,,2026-07-17,Dammam → Jubail,Tanker,C032,1260,true,1390,SAR
O7-C032-52,,2026-08-15,Dammam → Jubail,Tanker,C032,1310,true,1395,SAR
O7-C032-53,,2026-08-21,Dammam → Jubail,Tanker,C032,1270,true,1410,SAR
O7-C032-54,,2026-07-11,Dammam → Jubail,Tanker,C032,1325,false,1380,SAR
O7-C032-55,,2026-09-03,Dammam → Jubail,Tanker,C032,1300,true,1410,SAR
O7-C032-56,,2026-08-15,Dammam → Jubail,Tanker,C032,1305,true,1410,SAR
O7-C032-57,,2026-06-15,Dammam → Jubail,Tanker,C032,1330,true,1370,SAR
O7-C032-58,,2026-08-11,Dammam → Jubail,Tanker,C032,1270,true,1395,SAR
O7-C032-59,,2026-09-04,Dammam → Jubail,Tanker,C032,1295,true,1375,SAR
O7-C032-60,,2026-08-05,Dammam → Jubail,Tanker,C032,1280,true,1385,SAR
O7-C032-61,,2026-08-16,Dammam → Jubail,Tanker,C032,1315,true,1395,SAR
O7-C032-62,,2026-08-17,Dammam → Jubail,Tanker,C032,1290,true,1385,SAR
O7-C032-63,,2026-07-27,Dammam → Jubail,Tanker,C032,1265,true,1360,SAR
O7-C041-0,,2026-06-11,Dammam → Jubail,Tanker,C041,1095,true,1385,SAR
O7-C041-1,,2026-08-21,Dammam → Jubail,Tanker,C041,1110,false,1375,SAR
O7-C041-2,,2026-09-03,Dammam → Jubail,Tanker,C041,1130,true,1395,SAR
O7-C041-3,,2026-07-17,Dammam → Jubail,Tanker,C041,1090,true,1405,SAR
O7-C041-4,,2026-08-15,Dammam → Jubail,Tanker,C041,1125,true,1415,SAR
O7-C041-5,,2026-08-25,Dammam → Jubail,Tanker,C041,1130,false,1370,SAR
O7-C041-6,,2026-08-07,Dammam → Jubail,Tanker,C041,1100,false,1390,SAR
O7-C041-7,,2026-09-02,Dammam → Jubail,Tanker,C041,1110,false,1380,SAR
O7-C041-8,,2026-09-05,Dammam → Jubail,Tanker,C041,1095,false,1395,SAR
O7-C041-9,,2026-07-03,Dammam → Jubail,Tanker,C041,1105,true,1400,SAR
O7-C041-10,,2026-08-12,Dammam → Jubail,Tanker,C041,1115,false,1395,SAR
O7-C041-11,,2026-08-16,Dammam → Jubail,Tanker,C041,1115,false,1370,SAR
O7-C041-12,,2026-06-13,Dammam → Jubail,Tanker,C041,1115,false,1355,SAR
O7-C041-13,,2026-08-19,Dammam → Jubail,Tanker,C041,1125,false,1375,SAR
O7-C041-14,,2026-08-23,Dammam → Jubail,Tanker,C041,1125,false,1395,SAR
O7-C041-15,,2026-06-23,Dammam → Jubail,Tanker,C041,1100,false,1370,SAR
O7-C041-16,,2026-08-04,Dammam → Jubail,Tanker,C041,1205,true,1405,SAR
O7-C041-17,,2026-08-14,Dammam → Jubail,Tanker,C041,1190,true,1370,SAR
O7-C041-18,,2026-08-30,Dammam → Jubail,Tanker,C041,1215,true,1410,SAR
O7-C041-19,,2026-08-02,Dammam → Jubail,Tanker,C041,1205,true,1405,SAR
O7-C041-20,,2026-08-17,Dammam → Jubail,Tanker,C041,1220,true,1410,SAR
O7-C041-21,,2026-08-30,Dammam → Jubail,Tanker,C041,1190,true,1365,SAR
O7-C041-22,,2026-07-09,Dammam → Jubail,Tanker,C041,1220,true,1355,SAR
O7-C041-23,,2026-08-09,Dammam → Jubail,Tanker,C041,1220,true,1390,SAR
O7-C041-24,,2026-08-23,Dammam → Jubail,Tanker,C041,1185,true,1410,SAR
O7-C041-25,,2026-06-24,Dammam → Jubail,Tanker,C041,1185,true,1370,SAR
O7-C041-26,,2026-08-20,Dammam → Jubail,Tanker,C041,1190,true,1370,SAR
O7-C041-27,,2026-09-05,Dammam → Jubail,Tanker,C041,1200,true,1390,SAR
O7-C041-28,,2026-06-17,Dammam → Jubail,Tanker,C041,1185,true,1375,SAR
O7-C041-29,,2026-09-03,Dammam → Jubail,Tanker,C041,1220,true,1365,SAR
O7-C041-30,,2026-09-01,Dammam → Jubail,Tanker,C041,1190,true,1390,SAR
O7-C041-31,,2026-06-14,Dammam → Jubail,Tanker,C041,1190,true,1385,SAR
O7-C041-32,,2026-08-12,Dammam → Jubail,Tanker,C041,1200,true,1390,SAR
O7-C041-33,,2026-08-29,Dammam → Jubail,Tanker,C041,1195,true,1400,SAR
O7-C041-34,,2026-07-29,Dammam → Jubail,Tanker,C041,1205,true,1395,SAR
O7-C041-35,,2026-08-22,Dammam → Jubail,Tanker,C041,1190,true,1370,SAR
O7-C041-36,,2026-08-12,Dammam → Jubail,Tanker,C041,1190,true,1415,SAR
O7-C041-37,,2026-07-25,Dammam → Jubail,Tanker,C041,1190,true,1365,SAR
O7-C041-38,,2026-08-21,Dammam → Jubail,Tanker,C041,1215,true,1380,SAR
O7-C041-39,,2026-09-01,Dammam → Jubail,Tanker,C041,1190,true,1400,SAR
O7-C041-40,,2026-06-17,Dammam → Jubail,Tanker,C041,1190,false,1385,SAR
O7-C041-41,,2026-08-09,Dammam → Jubail,Tanker,C041,1195,true,1390,SAR
O7-C041-42,,2026-08-12,Dammam → Jubail,Tanker,C041,1185,true,1355,SAR
O7-C041-43,,2026-06-17,Dammam → Jubail,Tanker,C041,1220,true,1390,SAR
O7-C041-44,,2026-08-16,Dammam → Jubail,Tanker,C041,1195,true,1400,SAR
O7-C041-45,,2026-08-20,Dammam → Jubail,Tanker,C041,1180,true,1355,SAR
O7-C041-46,,2026-08-04,Dammam → Jubail,Tanker,C041,1205,true,1385,SAR
O7-C041-47,,2026-08-11,Dammam → Jubail,Tanker,C041,1180,true,1355,SAR
O7-C041-48,,2026-06-19,Dammam → Jubail,Tanker,C041,1270,true,1360,SAR
O7-C041-49,,2026-08-26,Dammam → Jubail,Tanker,C041,1255,true,1405,SAR
O7-C041-50,,2026-08-26,Dammam → Jubail,Tanker,C041,1310,false,1375,SAR
O7-C041-51,,2026-07-27,Dammam → Jubail,Tanker,C041,1335,true,1410,SAR
O7-C041-52,,2026-09-02,Dammam → Jubail,Tanker,C041,1255,true,1400,SAR
O7-C041-53,,2026-09-05,Dammam → Jubail,Tanker,C041,1300,true,1400,SAR
O7-C041-54,,2026-06-13,Dammam → Jubail,Tanker,C041,1290,true,1405,SAR
O7-C041-55,,2026-08-24,Dammam → Jubail,Tanker,C041,1320,true,1395,SAR
O7-C041-56,,2026-08-29,Dammam → Jubail,Tanker,C041,1300,true,1390,SAR
O7-C041-57,,2026-07-03,Dammam → Jubail,Tanker,C041,1290,true,1410,SAR
O7-C041-58,,2026-08-17,Dammam → Jubail,Tanker,C041,1300,true,1375,SAR
O7-C041-59,,2026-08-11,Dammam → Jubail,Tanker,C041,1285,true,1390,SAR
O7-C041-60,,2026-07-02,Dammam → Jubail,Tanker,C041,1300,true,1365,SAR
O7-C041-61,,2026-09-01,Dammam → Jubail,Tanker,C041,1255,true,1370,SAR
O7-C041-62,,2026-08-18,Dammam → Jubail,Tanker,C041,1315,true,1370,SAR
O7-C041-63,,2026-07-31,Dammam → Jubail,Tanker,C041,1290,true,1365,SAR
O8-C033-0,,2026-07-24,Jubail → Riyadh,Flatbed,C033,2045,true,2740,SAR
O8-C033-1,,2026-09-05,Jubail → Riyadh,Flatbed,C033,2005,true,2725,SAR
O8-C033-2,,2026-08-22,Jubail → Riyadh,Flatbed,C033,2035,false,2705,SAR
O8-C033-3,,2026-07-04,Jubail → Riyadh,Flatbed,C033,2070,false,2720,SAR
O8-C033-4,,2026-08-25,Jubail → Riyadh,Flatbed,C033,2015,true,2700,SAR
O8-C033-5,,2026-08-28,Jubail → Riyadh,Flatbed,C033,2060,true,2765,SAR
O8-C033-6,,2026-07-18,Jubail → Riyadh,Flatbed,C033,2040,false,2680,SAR
O8-C033-7,,2026-09-06,Jubail → Riyadh,Flatbed,C033,2065,false,2680,SAR
O8-C033-8,,2026-08-12,Jubail → Riyadh,Flatbed,C033,2075,false,2700,SAR
O8-C033-9,,2026-07-17,Jubail → Riyadh,Flatbed,C033,2005,true,2715,SAR
O8-C033-10,,2026-08-22,Jubail → Riyadh,Flatbed,C033,2005,false,2695,SAR
O8-C033-11,,2026-09-06,Jubail → Riyadh,Flatbed,C033,2065,false,2765,SAR
O8-C033-12,,2026-06-13,Jubail → Riyadh,Flatbed,C033,2035,false,2745,SAR
O8-C033-13,,2026-08-25,Jubail → Riyadh,Flatbed,C033,2080,false,2785,SAR
O8-C033-14,,2026-08-18,Jubail → Riyadh,Flatbed,C033,2075,false,2755,SAR
O8-C033-15,,2026-07-24,Jubail → Riyadh,Flatbed,C033,2050,false,2725,SAR
O8-C033-16,,2026-06-28,Jubail → Riyadh,Flatbed,C033,2235,true,2790,SAR
O8-C033-17,,2026-08-31,Jubail → Riyadh,Flatbed,C033,2200,true,2675,SAR
O8-C033-18,,2026-08-31,Jubail → Riyadh,Flatbed,C033,2230,true,2705,SAR
O8-C033-19,,2026-06-20,Jubail → Riyadh,Flatbed,C033,2210,true,2695,SAR
O8-C033-20,,2026-08-27,Jubail → Riyadh,Flatbed,C033,2175,true,2685,SAR
O8-C033-21,,2026-08-24,Jubail → Riyadh,Flatbed,C033,2185,true,2790,SAR
O8-C033-22,,2026-06-25,Jubail → Riyadh,Flatbed,C033,2185,true,2695,SAR
O8-C033-23,,2026-08-16,Jubail → Riyadh,Flatbed,C033,2190,true,2710,SAR
O8-C033-24,,2026-08-14,Jubail → Riyadh,Flatbed,C033,2175,true,2680,SAR
O8-C033-25,,2026-06-13,Jubail → Riyadh,Flatbed,C033,2205,true,2750,SAR
O8-C033-26,,2026-08-23,Jubail → Riyadh,Flatbed,C033,2180,true,2720,SAR
O8-C033-27,,2026-08-25,Jubail → Riyadh,Flatbed,C033,2200,true,2735,SAR
O8-C033-28,,2026-06-13,Jubail → Riyadh,Flatbed,C033,2185,true,2775,SAR
O8-C033-29,,2026-08-12,Jubail → Riyadh,Flatbed,C033,2190,true,2700,SAR
O8-C033-30,,2026-08-13,Jubail → Riyadh,Flatbed,C033,2245,true,2745,SAR
O8-C033-31,,2026-06-22,Jubail → Riyadh,Flatbed,C033,2170,true,2695,SAR
O8-C033-32,,2026-08-21,Jubail → Riyadh,Flatbed,C033,2225,true,2765,SAR
O8-C033-33,,2026-08-12,Jubail → Riyadh,Flatbed,C033,2185,true,2780,SAR
O8-C033-34,,2026-06-27,Jubail → Riyadh,Flatbed,C033,2225,true,2790,SAR
O8-C033-35,,2026-09-06,Jubail → Riyadh,Flatbed,C033,2240,true,2770,SAR
O8-C033-36,,2026-09-05,Jubail → Riyadh,Flatbed,C033,2200,true,2680,SAR
O8-C033-37,,2026-07-30,Jubail → Riyadh,Flatbed,C033,2240,true,2760,SAR
O8-C033-38,,2026-09-05,Jubail → Riyadh,Flatbed,C033,2245,true,2680,SAR
O8-C033-39,,2026-08-11,Jubail → Riyadh,Flatbed,C033,2190,true,2730,SAR
O8-C033-40,,2026-07-22,Jubail → Riyadh,Flatbed,C033,2180,true,2790,SAR
O8-C033-41,,2026-09-03,Jubail → Riyadh,Flatbed,C033,2180,true,2715,SAR
O8-C033-42,,2026-08-15,Jubail → Riyadh,Flatbed,C033,2245,true,2790,SAR
O8-C033-43,,2026-07-17,Jubail → Riyadh,Flatbed,C033,2205,true,2790,SAR
O8-C033-44,,2026-09-03,Jubail → Riyadh,Flatbed,C033,2180,false,2750,SAR
O8-C033-45,,2026-08-15,Jubail → Riyadh,Flatbed,C033,2180,true,2780,SAR
O8-C033-46,,2026-07-29,Jubail → Riyadh,Flatbed,C033,2200,true,2745,SAR
O8-C033-47,,2026-08-12,Jubail → Riyadh,Flatbed,C033,2170,true,2690,SAR
O8-C033-48,,2026-06-25,Jubail → Riyadh,Flatbed,C033,2325,true,2730,SAR
O8-C033-49,,2026-08-16,Jubail → Riyadh,Flatbed,C033,2430,true,2725,SAR
O8-C033-50,,2026-08-31,Jubail → Riyadh,Flatbed,C033,2360,true,2685,SAR
O8-C033-51,,2026-06-25,Jubail → Riyadh,Flatbed,C033,2410,false,2685,SAR
O8-C033-52,,2026-08-16,Jubail → Riyadh,Flatbed,C033,2445,true,2685,SAR
O8-C033-53,,2026-08-24,Jubail → Riyadh,Flatbed,C033,2380,true,2710,SAR
O8-C033-54,,2026-07-22,Jubail → Riyadh,Flatbed,C033,2420,true,2730,SAR
O8-C033-55,,2026-08-26,Jubail → Riyadh,Flatbed,C033,2440,true,2745,SAR
O8-C033-56,,2026-08-25,Jubail → Riyadh,Flatbed,C033,2305,true,2715,SAR
O8-C033-57,,2026-06-14,Jubail → Riyadh,Flatbed,C033,2405,true,2775,SAR
O8-C033-58,,2026-08-11,Jubail → Riyadh,Flatbed,C033,2355,true,2775,SAR
O8-C033-59,,2026-08-11,Jubail → Riyadh,Flatbed,C033,2385,true,2765,SAR
O8-C033-60,,2026-07-08,Jubail → Riyadh,Flatbed,C033,2435,true,2710,SAR
O8-C033-61,,2026-08-12,Jubail → Riyadh,Flatbed,C033,2325,true,2745,SAR
O8-C033-62,,2026-09-05,Jubail → Riyadh,Flatbed,C033,2410,true,2695,SAR
O8-C033-63,,2026-06-26,Jubail → Riyadh,Flatbed,C033,2415,true,2730,SAR
O8-C034-0,,2026-06-30,Jubail → Riyadh,Flatbed,C034,2070,false,2690,SAR
O8-C034-1,,2026-09-03,Jubail → Riyadh,Flatbed,C034,2055,false,2745,SAR
O8-C034-2,,2026-08-22,Jubail → Riyadh,Flatbed,C034,2040,false,2715,SAR
O8-C034-3,,2026-07-20,Jubail → Riyadh,Flatbed,C034,2015,true,2685,SAR
O8-C034-4,,2026-08-19,Jubail → Riyadh,Flatbed,C034,2070,true,2730,SAR
O8-C034-5,,2026-09-02,Jubail → Riyadh,Flatbed,C034,2070,false,2770,SAR
O8-C034-6,,2026-07-14,Jubail → Riyadh,Flatbed,C034,2055,false,2675,SAR
O8-C034-7,,2026-08-18,Jubail → Riyadh,Flatbed,C034,2050,false,2715,SAR
O8-C034-8,,2026-09-03,Jubail → Riyadh,Flatbed,C034,2035,false,2755,SAR
O8-C034-9,,2026-07-19,Jubail → Riyadh,Flatbed,C034,2010,false,2750,SAR
O8-C034-10,,2026-08-16,Jubail → Riyadh,Flatbed,C034,2020,false,2790,SAR
O8-C034-11,,2026-08-30,Jubail → Riyadh,Flatbed,C034,2060,false,2775,SAR
O8-C034-12,,2026-07-17,Jubail → Riyadh,Flatbed,C034,2025,false,2785,SAR
O8-C034-13,,2026-08-16,Jubail → Riyadh,Flatbed,C034,2040,true,2775,SAR
O8-C034-14,,2026-08-17,Jubail → Riyadh,Flatbed,C034,2030,true,2710,SAR
O8-C034-15,,2026-06-27,Jubail → Riyadh,Flatbed,C034,2035,true,2750,SAR
O8-C034-16,,2026-08-02,Jubail → Riyadh,Flatbed,C034,2180,true,2765,SAR
O8-C034-17,,2026-08-10,Jubail → Riyadh,Flatbed,C034,2225,true,2685,SAR
O8-C034-18,,2026-08-09,Jubail → Riyadh,Flatbed,C034,2195,true,2795,SAR
O8-C034-19,,2026-06-20,Jubail → Riyadh,Flatbed,C034,2220,true,2755,SAR
O8-C034-20,,2026-09-05,Jubail → Riyadh,Flatbed,C034,2160,true,2685,SAR
O8-C034-21,,2026-08-20,Jubail → Riyadh,Flatbed,C034,2170,true,2680,SAR
O8-C034-22,,2026-07-07,Jubail → Riyadh,Flatbed,C034,2230,true,2765,SAR
O8-C034-23,,2026-08-28,Jubail → Riyadh,Flatbed,C034,2205,true,2680,SAR
O8-C034-24,,2026-09-02,Jubail → Riyadh,Flatbed,C034,2210,true,2720,SAR
O8-C034-25,,2026-07-27,Jubail → Riyadh,Flatbed,C034,2170,true,2790,SAR
O8-C034-26,,2026-08-20,Jubail → Riyadh,Flatbed,C034,2235,true,2715,SAR
O8-C034-27,,2026-08-17,Jubail → Riyadh,Flatbed,C034,2175,false,2695,SAR
O8-C034-28,,2026-06-12,Jubail → Riyadh,Flatbed,C034,2160,true,2695,SAR
O8-C034-29,,2026-08-12,Jubail → Riyadh,Flatbed,C034,2215,true,2790,SAR
O8-C034-30,,2026-08-26,Jubail → Riyadh,Flatbed,C034,2230,true,2755,SAR
O8-C034-31,,2026-06-13,Jubail → Riyadh,Flatbed,C034,2160,true,2790,SAR
O8-C034-32,,2026-08-22,Jubail → Riyadh,Flatbed,C034,2165,true,2760,SAR
O8-C034-33,,2026-08-20,Jubail → Riyadh,Flatbed,C034,2175,true,2770,SAR
O8-C034-34,,2026-06-26,Jubail → Riyadh,Flatbed,C034,2185,true,2790,SAR
O8-C034-35,,2026-08-30,Jubail → Riyadh,Flatbed,C034,2190,true,2700,SAR
O8-C034-36,,2026-08-27,Jubail → Riyadh,Flatbed,C034,2175,true,2740,SAR
O8-C034-37,,2026-07-30,Jubail → Riyadh,Flatbed,C034,2220,true,2685,SAR
O8-C034-38,,2026-08-24,Jubail → Riyadh,Flatbed,C034,2235,true,2695,SAR
O8-C034-39,,2026-08-24,Jubail → Riyadh,Flatbed,C034,2230,true,2715,SAR
O8-C034-40,,2026-06-27,Jubail → Riyadh,Flatbed,C034,2235,true,2740,SAR
O8-C034-41,,2026-08-19,Jubail → Riyadh,Flatbed,C034,2225,true,2760,SAR
O8-C034-42,,2026-08-25,Jubail → Riyadh,Flatbed,C034,2175,true,2725,SAR
O8-C034-43,,2026-07-14,Jubail → Riyadh,Flatbed,C034,2180,true,2720,SAR
O8-C034-44,,2026-09-01,Jubail → Riyadh,Flatbed,C034,2230,true,2690,SAR
O8-C034-45,,2026-08-28,Jubail → Riyadh,Flatbed,C034,2200,true,2695,SAR
O8-C034-46,,2026-06-23,Jubail → Riyadh,Flatbed,C034,2165,true,2740,SAR
O8-C034-47,,2026-08-15,Jubail → Riyadh,Flatbed,C034,2220,true,2700,SAR
O8-C034-48,,2026-06-20,Jubail → Riyadh,Flatbed,C034,2415,true,2680,SAR
O8-C034-49,,2026-08-27,Jubail → Riyadh,Flatbed,C034,2395,true,2710,SAR
O8-C034-50,,2026-08-28,Jubail → Riyadh,Flatbed,C034,2335,true,2685,SAR
O8-C034-51,,2026-06-15,Jubail → Riyadh,Flatbed,C034,2355,true,2685,SAR
O8-C034-52,,2026-08-19,Jubail → Riyadh,Flatbed,C034,2435,true,2750,SAR
O8-C034-53,,2026-08-18,Jubail → Riyadh,Flatbed,C034,2395,true,2730,SAR
O8-C034-54,,2026-06-26,Jubail → Riyadh,Flatbed,C034,2320,true,2765,SAR
O8-C034-55,,2026-08-15,Jubail → Riyadh,Flatbed,C034,2410,true,2710,SAR
O8-C034-56,,2026-08-29,Jubail → Riyadh,Flatbed,C034,2390,false,2695,SAR
O8-C034-57,,2026-07-18,Jubail → Riyadh,Flatbed,C034,2375,true,2705,SAR
O8-C034-58,,2026-08-13,Jubail → Riyadh,Flatbed,C034,2320,true,2770,SAR
O8-C034-59,,2026-08-28,Jubail → Riyadh,Flatbed,C034,2435,true,2715,SAR
O8-C034-60,,2026-06-16,Jubail → Riyadh,Flatbed,C034,2325,true,2760,SAR
O8-C034-61,,2026-08-27,Jubail → Riyadh,Flatbed,C034,2300,true,2690,SAR
O8-C034-62,,2026-08-24,Jubail → Riyadh,Flatbed,C034,2300,true,2740,SAR
O8-C034-63,,2026-07-25,Jubail → Riyadh,Flatbed,C034,2335,true,2730,SAR
O8-C035-0,,2026-06-22,Jubail → Riyadh,Flatbed,C035,2005,false,2720,SAR
O8-C035-1,,2026-08-11,Jubail → Riyadh,Flatbed,C035,2005,true,2740,SAR
O8-C035-2,,2026-08-20,Jubail → Riyadh,Flatbed,C035,2000,false,2690,SAR
O8-C035-3,,2026-06-14,Jubail → Riyadh,Flatbed,C035,2050,false,2705,SAR
O8-C035-4,,2026-09-03,Jubail → Riyadh,Flatbed,C035,2060,false,2760,SAR
O8-C035-5,,2026-09-03,Jubail → Riyadh,Flatbed,C035,2050,true,2750,SAR
O8-C035-6,,2026-07-17,Jubail → Riyadh,Flatbed,C035,2035,false,2735,SAR
O8-C035-7,,2026-08-15,Jubail → Riyadh,Flatbed,C035,2070,false,2675,SAR
O8-C035-8,,2026-09-03,Jubail → Riyadh,Flatbed,C035,2045,false,2695,SAR
O8-C035-9,,2026-07-26,Jubail → Riyadh,Flatbed,C035,2000,false,2740,SAR
O8-C035-10,,2026-09-04,Jubail → Riyadh,Flatbed,C035,2025,false,2700,SAR
O8-C035-11,,2026-08-20,Jubail → Riyadh,Flatbed,C035,2015,true,2775,SAR
O8-C035-12,,2026-06-17,Jubail → Riyadh,Flatbed,C035,2015,true,2690,SAR
O8-C035-13,,2026-08-25,Jubail → Riyadh,Flatbed,C035,2075,true,2760,SAR
O8-C035-14,,2026-08-28,Jubail → Riyadh,Flatbed,C035,2010,false,2760,SAR
O8-C035-15,,2026-08-02,Jubail → Riyadh,Flatbed,C035,2005,false,2690,SAR
O8-C035-16,,2026-08-07,Jubail → Riyadh,Flatbed,C035,2165,true,2720,SAR
O8-C035-17,,2026-09-01,Jubail → Riyadh,Flatbed,C035,2240,true,2690,SAR
O8-C035-18,,2026-08-12,Jubail → Riyadh,Flatbed,C035,2175,true,2730,SAR
O8-C035-19,,2026-06-23,Jubail → Riyadh,Flatbed,C035,2220,true,2675,SAR
O8-C035-20,,2026-09-03,Jubail → Riyadh,Flatbed,C035,2215,true,2690,SAR
O8-C035-21,,2026-08-27,Jubail → Riyadh,Flatbed,C035,2190,true,2750,SAR
O8-C035-22,,2026-07-15,Jubail → Riyadh,Flatbed,C035,2230,true,2735,SAR
O8-C035-23,,2026-09-03,Jubail → Riyadh,Flatbed,C035,2200,true,2740,SAR
O8-C035-24,,2026-09-03,Jubail → Riyadh,Flatbed,C035,2225,true,2690,SAR
O8-C035-25,,2026-06-13,Jubail → Riyadh,Flatbed,C035,2175,true,2705,SAR
O8-C035-26,,2026-08-23,Jubail → Riyadh,Flatbed,C035,2175,true,2700,SAR
O8-C035-27,,2026-08-12,Jubail → Riyadh,Flatbed,C035,2210,true,2680,SAR
O8-C035-28,,2026-07-21,Jubail → Riyadh,Flatbed,C035,2230,true,2705,SAR
O8-C035-29,,2026-08-28,Jubail → Riyadh,Flatbed,C035,2170,true,2775,SAR
O8-C035-30,,2026-08-29,Jubail → Riyadh,Flatbed,C035,2170,true,2760,SAR
O8-C035-31,,2026-06-17,Jubail → Riyadh,Flatbed,C035,2205,true,2685,SAR
O8-C035-32,,2026-08-31,Jubail → Riyadh,Flatbed,C035,2235,true,2720,SAR
O8-C035-33,,2026-08-11,Jubail → Riyadh,Flatbed,C035,2220,true,2680,SAR
O8-C035-34,,2026-07-01,Jubail → Riyadh,Flatbed,C035,2230,true,2760,SAR
O8-C035-35,,2026-08-13,Jubail → Riyadh,Flatbed,C035,2200,true,2750,SAR
O8-C035-36,,2026-08-31,Jubail → Riyadh,Flatbed,C035,2200,true,2775,SAR
O8-C035-37,,2026-06-10,Jubail → Riyadh,Flatbed,C035,2230,true,2740,SAR
O8-C035-38,,2026-08-24,Jubail → Riyadh,Flatbed,C035,2225,true,2695,SAR
O8-C035-39,,2026-09-01,Jubail → Riyadh,Flatbed,C035,2165,true,2700,SAR
O8-C035-40,,2026-07-10,Jubail → Riyadh,Flatbed,C035,2220,true,2720,SAR
O8-C035-41,,2026-09-05,Jubail → Riyadh,Flatbed,C035,2175,false,2750,SAR
O8-C035-42,,2026-08-12,Jubail → Riyadh,Flatbed,C035,2195,true,2690,SAR
O8-C035-43,,2026-06-24,Jubail → Riyadh,Flatbed,C035,2235,true,2700,SAR
O8-C035-44,,2026-08-16,Jubail → Riyadh,Flatbed,C035,2225,true,2795,SAR
O8-C035-45,,2026-08-30,Jubail → Riyadh,Flatbed,C035,2165,true,2795,SAR
O8-C035-46,,2026-07-18,Jubail → Riyadh,Flatbed,C035,2225,true,2735,SAR
O8-C035-47,,2026-08-18,Jubail → Riyadh,Flatbed,C035,2220,true,2780,SAR
O8-C035-48,,2026-06-26,Jubail → Riyadh,Flatbed,C035,2375,true,2685,SAR
O8-C035-49,,2026-09-05,Jubail → Riyadh,Flatbed,C035,2410,true,2685,SAR
O8-C035-50,,2026-08-24,Jubail → Riyadh,Flatbed,C035,2380,true,2735,SAR
O8-C035-51,,2026-07-23,Jubail → Riyadh,Flatbed,C035,2435,true,2720,SAR
O8-C035-52,,2026-08-19,Jubail → Riyadh,Flatbed,C035,2380,true,2745,SAR
O8-C035-53,,2026-08-16,Jubail → Riyadh,Flatbed,C035,2330,true,2730,SAR
O8-C035-54,,2026-07-23,Jubail → Riyadh,Flatbed,C035,2405,false,2715,SAR
O8-C035-55,,2026-09-01,Jubail → Riyadh,Flatbed,C035,2435,true,2730,SAR
O8-C035-56,,2026-09-03,Jubail → Riyadh,Flatbed,C035,2425,true,2780,SAR
O8-C035-57,,2026-07-06,Jubail → Riyadh,Flatbed,C035,2365,true,2785,SAR
O8-C035-58,,2026-08-26,Jubail → Riyadh,Flatbed,C035,2415,true,2770,SAR
O8-C035-59,,2026-08-24,Jubail → Riyadh,Flatbed,C035,2315,true,2730,SAR
O8-C035-60,,2026-07-16,Jubail → Riyadh,Flatbed,C035,2360,true,2760,SAR
O8-C035-61,,2026-08-27,Jubail → Riyadh,Flatbed,C035,2355,true,2765,SAR
O8-C035-62,,2026-08-12,Jubail → Riyadh,Flatbed,C035,2390,true,2710,SAR
O8-C035-63,,2026-07-06,Jubail → Riyadh,Flatbed,C035,2300,true,2675,SAR
O8-C036-0,,2026-07-28,Jubail → Riyadh,Flatbed,C036,2005,false,2770,SAR
O8-C036-1,,2026-09-02,Jubail → Riyadh,Flatbed,C036,2060,true,2750,SAR
O8-C036-2,,2026-09-02,Jubail → Riyadh,Flatbed,C036,2035,false,2745,SAR
O8-C036-3,,2026-06-28,Jubail → Riyadh,Flatbed,C036,2010,true,2765,SAR
O8-C036-4,,2026-08-25,Jubail → Riyadh,Flatbed,C036,2035,false,2675,SAR
O8-C036-5,,2026-08-20,Jubail → Riyadh,Flatbed,C036,2030,false,2685,SAR
O8-C036-6,,2026-06-17,Jubail → Riyadh,Flatbed,C036,2035,true,2700,SAR
O8-C036-7,,2026-09-02,Jubail → Riyadh,Flatbed,C036,2030,false,2780,SAR
O8-C036-8,,2026-08-15,Jubail → Riyadh,Flatbed,C036,2015,false,2740,SAR
O8-C036-9,,2026-07-25,Jubail → Riyadh,Flatbed,C036,2040,false,2745,SAR
O8-C036-10,,2026-09-01,Jubail → Riyadh,Flatbed,C036,2070,false,2675,SAR
O8-C036-11,,2026-08-30,Jubail → Riyadh,Flatbed,C036,2010,false,2755,SAR
O8-C036-12,,2026-07-22,Jubail → Riyadh,Flatbed,C036,2070,false,2770,SAR
O8-C036-13,,2026-08-11,Jubail → Riyadh,Flatbed,C036,2035,true,2700,SAR
O8-C036-14,,2026-09-06,Jubail → Riyadh,Flatbed,C036,2010,true,2735,SAR
O8-C036-15,,2026-06-21,Jubail → Riyadh,Flatbed,C036,2075,false,2765,SAR
O8-C036-16,,2026-06-11,Jubail → Riyadh,Flatbed,C036,2220,false,2745,SAR
O8-C036-17,,2026-08-25,Jubail → Riyadh,Flatbed,C036,2210,true,2700,SAR
O8-C036-18,,2026-08-12,Jubail → Riyadh,Flatbed,C036,2200,true,2775,SAR
O8-C036-19,,2026-06-25,Jubail → Riyadh,Flatbed,C036,2230,true,2765,SAR
O8-C036-20,,2026-09-04,Jubail → Riyadh,Flatbed,C036,2210,true,2695,SAR
O8-C036-21,,2026-08-09,Jubail → Riyadh,Flatbed,C036,2170,true,2795,SAR
O8-C036-22,,2026-06-17,Jubail → Riyadh,Flatbed,C036,2185,true,2720,SAR
O8-C036-23,,2026-09-06,Jubail → Riyadh,Flatbed,C036,2195,true,2705,SAR
O8-C036-24,,2026-08-13,Jubail → Riyadh,Flatbed,C036,2185,false,2720,SAR
O8-C036-25,,2026-06-17,Jubail → Riyadh,Flatbed,C036,2205,true,2765,SAR
O8-C036-26,,2026-09-06,Jubail → Riyadh,Flatbed,C036,2210,true,2730,SAR
O8-C036-27,,2026-09-06,Jubail → Riyadh,Flatbed,C036,2180,false,2755,SAR
O8-C036-28,,2026-07-19,Jubail → Riyadh,Flatbed,C036,2235,true,2780,SAR
O8-C036-29,,2026-09-03,Jubail → Riyadh,Flatbed,C036,2220,true,2790,SAR
O8-C036-30,,2026-08-17,Jubail → Riyadh,Flatbed,C036,2200,true,2795,SAR
O8-C036-31,,2026-07-06,Jubail → Riyadh,Flatbed,C036,2195,true,2775,SAR
O8-C036-32,,2026-08-14,Jubail → Riyadh,Flatbed,C036,2210,true,2740,SAR
O8-C036-33,,2026-08-20,Jubail → Riyadh,Flatbed,C036,2185,true,2700,SAR
O8-C036-34,,2026-08-05,Jubail → Riyadh,Flatbed,C036,2230,true,2780,SAR
O8-C036-35,,2026-09-06,Jubail → Riyadh,Flatbed,C036,2220,true,2715,SAR
O8-C036-36,,2026-08-14,Jubail → Riyadh,Flatbed,C036,2245,true,2780,SAR
O8-C036-37,,2026-07-13,Jubail → Riyadh,Flatbed,C036,2205,true,2685,SAR
O8-C036-38,,2026-08-10,Jubail → Riyadh,Flatbed,C036,2220,true,2725,SAR
O8-C036-39,,2026-08-27,Jubail → Riyadh,Flatbed,C036,2200,true,2685,SAR
O8-C036-40,,2026-06-18,Jubail → Riyadh,Flatbed,C036,2195,true,2775,SAR
O8-C036-41,,2026-08-10,Jubail → Riyadh,Flatbed,C036,2170,true,2740,SAR
O8-C036-42,,2026-09-05,Jubail → Riyadh,Flatbed,C036,2215,true,2705,SAR
O8-C036-43,,2026-07-16,Jubail → Riyadh,Flatbed,C036,2240,true,2690,SAR
O8-C036-44,,2026-08-19,Jubail → Riyadh,Flatbed,C036,2215,true,2760,SAR
O8-C036-45,,2026-08-21,Jubail → Riyadh,Flatbed,C036,2175,true,2685,SAR
O8-C036-46,,2026-07-01,Jubail → Riyadh,Flatbed,C036,2215,true,2695,SAR
O8-C036-47,,2026-08-25,Jubail → Riyadh,Flatbed,C036,2245,true,2720,SAR
O8-C036-48,,2026-07-31,Jubail → Riyadh,Flatbed,C036,2330,true,2690,SAR
O8-C036-49,,2026-08-25,Jubail → Riyadh,Flatbed,C036,2435,true,2775,SAR
O8-C036-50,,2026-08-14,Jubail → Riyadh,Flatbed,C036,2370,true,2770,SAR
O8-C036-51,,2026-06-29,Jubail → Riyadh,Flatbed,C036,2315,true,2690,SAR
O8-C036-52,,2026-08-27,Jubail → Riyadh,Flatbed,C036,2345,true,2740,SAR
O8-C036-53,,2026-08-23,Jubail → Riyadh,Flatbed,C036,2395,true,2690,SAR
O8-C036-54,,2026-07-20,Jubail → Riyadh,Flatbed,C036,2400,false,2720,SAR
O8-C036-55,,2026-09-04,Jubail → Riyadh,Flatbed,C036,2365,true,2775,SAR
O8-C036-56,,2026-08-18,Jubail → Riyadh,Flatbed,C036,2335,true,2770,SAR
O8-C036-57,,2026-07-20,Jubail → Riyadh,Flatbed,C036,2435,true,2775,SAR
O8-C036-58,,2026-08-24,Jubail → Riyadh,Flatbed,C036,2365,true,2750,SAR
O8-C036-59,,2026-09-02,Jubail → Riyadh,Flatbed,C036,2320,true,2795,SAR
O8-C036-60,,2026-07-06,Jubail → Riyadh,Flatbed,C036,2310,true,2690,SAR
O8-C036-61,,2026-09-01,Jubail → Riyadh,Flatbed,C036,2395,true,2725,SAR
O8-C036-62,,2026-08-18,Jubail → Riyadh,Flatbed,C036,2320,true,2755,SAR
O8-C036-63,,2026-07-06,Jubail → Riyadh,Flatbed,C036,2435,true,2780,SAR
O8-C001-0,,2026-07-12,Jubail → Riyadh,Flatbed,C001,2055,false,2770,SAR
O8-C001-1,,2026-09-05,Jubail → Riyadh,Flatbed,C001,2005,false,2750,SAR
O8-C001-2,,2026-08-16,Jubail → Riyadh,Flatbed,C001,2060,true,2750,SAR
O8-C001-3,,2026-07-25,Jubail → Riyadh,Flatbed,C001,2025,false,2745,SAR
O8-C001-4,,2026-08-24,Jubail → Riyadh,Flatbed,C001,2050,false,2790,SAR
O8-C001-5,,2026-08-25,Jubail → Riyadh,Flatbed,C001,2055,true,2715,SAR
O8-C001-6,,2026-07-25,Jubail → Riyadh,Flatbed,C001,2005,false,2720,SAR
O8-C001-7,,2026-08-18,Jubail → Riyadh,Flatbed,C001,2055,false,2730,SAR
O8-C001-8,,2026-08-21,Jubail → Riyadh,Flatbed,C001,2030,true,2730,SAR
O8-C001-9,,2026-06-25,Jubail → Riyadh,Flatbed,C001,2030,true,2725,SAR
O8-C001-10,,2026-08-22,Jubail → Riyadh,Flatbed,C001,2030,false,2755,SAR
O8-C001-11,,2026-08-14,Jubail → Riyadh,Flatbed,C001,2030,true,2720,SAR
O8-C001-12,,2026-06-17,Jubail → Riyadh,Flatbed,C001,2015,false,2725,SAR
O8-C001-13,,2026-09-06,Jubail → Riyadh,Flatbed,C001,2010,false,2755,SAR
O8-C001-14,,2026-09-06,Jubail → Riyadh,Flatbed,C001,2050,false,2690,SAR
O8-C001-15,,2026-06-12,Jubail → Riyadh,Flatbed,C001,2010,false,2735,SAR
O8-C001-16,,2026-06-21,Jubail → Riyadh,Flatbed,C001,2180,true,2780,SAR
O8-C001-17,,2026-08-31,Jubail → Riyadh,Flatbed,C001,2210,false,2700,SAR
O8-C001-18,,2026-08-13,Jubail → Riyadh,Flatbed,C001,2170,true,2780,SAR
O8-C001-19,,2026-07-27,Jubail → Riyadh,Flatbed,C001,2175,true,2720,SAR
O8-C001-20,,2026-08-13,Jubail → Riyadh,Flatbed,C001,2220,true,2780,SAR
O8-C001-21,,2026-08-22,Jubail → Riyadh,Flatbed,C001,2170,true,2730,SAR
O8-C001-22,,2026-07-26,Jubail → Riyadh,Flatbed,C001,2185,true,2745,SAR
O8-C001-23,,2026-08-21,Jubail → Riyadh,Flatbed,C001,2195,true,2780,SAR
O8-C001-24,,2026-08-13,Jubail → Riyadh,Flatbed,C001,2200,true,2685,SAR
O8-C001-25,,2026-07-26,Jubail → Riyadh,Flatbed,C001,2190,true,2705,SAR
O8-C001-26,,2026-08-26,Jubail → Riyadh,Flatbed,C001,2165,true,2700,SAR
O8-C001-27,,2026-08-21,Jubail → Riyadh,Flatbed,C001,2200,true,2745,SAR
O8-C001-28,,2026-08-02,Jubail → Riyadh,Flatbed,C001,2170,true,2690,SAR
O8-C001-29,,2026-08-23,Jubail → Riyadh,Flatbed,C001,2225,true,2775,SAR
O8-C001-30,,2026-08-09,Jubail → Riyadh,Flatbed,C001,2170,true,2745,SAR
O8-C001-31,,2026-08-01,Jubail → Riyadh,Flatbed,C001,2215,true,2695,SAR
O8-C001-32,,2026-08-12,Jubail → Riyadh,Flatbed,C001,2200,false,2695,SAR
O8-C001-33,,2026-08-13,Jubail → Riyadh,Flatbed,C001,2170,true,2690,SAR
O8-C001-34,,2026-06-19,Jubail → Riyadh,Flatbed,C001,2195,true,2765,SAR
O8-C001-35,,2026-08-10,Jubail → Riyadh,Flatbed,C001,2165,true,2755,SAR
O8-C001-36,,2026-09-06,Jubail → Riyadh,Flatbed,C001,2215,true,2730,SAR
O8-C001-37,,2026-07-28,Jubail → Riyadh,Flatbed,C001,2165,true,2775,SAR
O8-C001-38,,2026-08-20,Jubail → Riyadh,Flatbed,C001,2230,true,2710,SAR
O8-C001-39,,2026-08-28,Jubail → Riyadh,Flatbed,C001,2195,false,2765,SAR
O8-C001-40,,2026-08-01,Jubail → Riyadh,Flatbed,C001,2210,true,2750,SAR
O8-C001-41,,2026-09-06,Jubail → Riyadh,Flatbed,C001,2175,true,2690,SAR
O8-C001-42,,2026-08-18,Jubail → Riyadh,Flatbed,C001,2180,true,2685,SAR
O8-C001-43,,2026-06-24,Jubail → Riyadh,Flatbed,C001,2170,true,2680,SAR
O8-C001-44,,2026-08-26,Jubail → Riyadh,Flatbed,C001,2190,true,2730,SAR
O8-C001-45,,2026-08-17,Jubail → Riyadh,Flatbed,C001,2200,true,2795,SAR
O8-C001-46,,2026-06-27,Jubail → Riyadh,Flatbed,C001,2205,true,2795,SAR
O8-C001-47,,2026-08-27,Jubail → Riyadh,Flatbed,C001,2185,true,2695,SAR
O8-C001-48,,2026-07-01,Jubail → Riyadh,Flatbed,C001,2410,true,2740,SAR
O8-C001-49,,2026-08-24,Jubail → Riyadh,Flatbed,C001,2430,true,2755,SAR
O8-C001-50,,2026-08-09,Jubail → Riyadh,Flatbed,C001,2295,true,2785,SAR
O8-C001-51,,2026-07-19,Jubail → Riyadh,Flatbed,C001,2430,true,2775,SAR
O8-C001-52,,2026-08-24,Jubail → Riyadh,Flatbed,C001,2380,true,2705,SAR
O8-C001-53,,2026-08-26,Jubail → Riyadh,Flatbed,C001,2435,true,2785,SAR
O8-C001-54,,2026-07-03,Jubail → Riyadh,Flatbed,C001,2350,true,2710,SAR
O8-C001-55,,2026-08-19,Jubail → Riyadh,Flatbed,C001,2325,true,2705,SAR
O8-C001-56,,2026-08-15,Jubail → Riyadh,Flatbed,C001,2300,true,2795,SAR
O8-C001-57,,2026-06-09,Jubail → Riyadh,Flatbed,C001,2395,true,2680,SAR
O8-C001-58,,2026-08-25,Jubail → Riyadh,Flatbed,C001,2375,true,2755,SAR
O8-C001-59,,2026-08-28,Jubail → Riyadh,Flatbed,C001,2385,true,2685,SAR
O8-C001-60,,2026-07-27,Jubail → Riyadh,Flatbed,C001,2415,true,2790,SAR
O8-C001-61,,2026-08-11,Jubail → Riyadh,Flatbed,C001,2370,true,2695,SAR
O8-C001-62,,2026-08-14,Jubail → Riyadh,Flatbed,C001,2345,true,2685,SAR
O8-C001-63,,2026-08-03,Jubail → Riyadh,Flatbed,C001,2365,false,2710,SAR
O9-C037-0,,2026-07-10,Riyadh → Generic Border Hub,Dry Van,C037,4635,true,6505,SAR
O9-C037-1,,2026-08-29,Riyadh → Generic Border Hub,Dry Van,C037,4630,false,6550,SAR
O9-C037-2,,2026-08-20,Riyadh → Generic Border Hub,Dry Van,C037,4790,false,6475,SAR
O9-C037-3,,2026-07-08,Riyadh → Generic Border Hub,Dry Van,C037,4660,false,6465,SAR
O9-C037-4,,2026-09-06,Riyadh → Generic Border Hub,Dry Van,C037,4655,false,6370,SAR
O9-C037-5,,2026-09-05,Riyadh → Generic Border Hub,Dry Van,C037,4745,false,6550,SAR
O9-C037-6,,2026-07-03,Riyadh → Generic Border Hub,Dry Van,C037,4700,true,6525,SAR
O9-C037-7,,2026-08-22,Riyadh → Generic Border Hub,Dry Van,C037,4740,true,6445,SAR
O9-C037-8,,2026-08-09,Riyadh → Generic Border Hub,Dry Van,C037,4795,false,6620,SAR
O9-C037-9,,2026-07-30,Riyadh → Generic Border Hub,Dry Van,C037,4650,true,6355,SAR
O9-C037-10,,2026-09-04,Riyadh → Generic Border Hub,Dry Van,C037,4665,false,6605,SAR
O9-C037-11,,2026-08-17,Riyadh → Generic Border Hub,Dry Van,C037,4730,false,6545,SAR
O9-C037-12,,2026-07-08,Riyadh → Generic Border Hub,Dry Van,C037,4715,false,6455,SAR
O9-C037-13,,2026-08-24,Riyadh → Generic Border Hub,Dry Van,C037,4795,false,6620,SAR
O9-C037-14,,2026-09-01,Riyadh → Generic Border Hub,Dry Van,C037,4780,false,6420,SAR
O9-C037-15,,2026-06-23,Riyadh → Generic Border Hub,Dry Van,C037,4700,true,6545,SAR
O9-C037-16,,2026-07-11,Riyadh → Generic Border Hub,Dry Van,C037,5135,true,6590,SAR
O9-C037-17,,2026-08-20,Riyadh → Generic Border Hub,Dry Van,C037,5150,true,6595,SAR
O9-C037-18,,2026-08-20,Riyadh → Generic Border Hub,Dry Van,C037,5175,true,6410,SAR
O9-C037-19,,2026-07-18,Riyadh → Generic Border Hub,Dry Van,C037,5110,true,6535,SAR
O9-C037-20,,2026-08-23,Riyadh → Generic Border Hub,Dry Van,C037,5140,true,6430,SAR
O9-C037-21,,2026-08-22,Riyadh → Generic Border Hub,Dry Van,C037,5045,true,6585,SAR
O9-C037-22,,2026-06-18,Riyadh → Generic Border Hub,Dry Van,C037,5075,true,6525,SAR
O9-C037-23,,2026-08-27,Riyadh → Generic Border Hub,Dry Van,C037,5175,true,6390,SAR
O9-C037-24,,2026-09-04,Riyadh → Generic Border Hub,Dry Van,C037,5145,true,6520,SAR
O9-C037-25,,2026-07-21,Riyadh → Generic Border Hub,Dry Van,C037,5045,true,6635,SAR
O9-C037-26,,2026-08-31,Riyadh → Generic Border Hub,Dry Van,C037,5125,true,6550,SAR
O9-C037-27,,2026-08-20,Riyadh → Generic Border Hub,Dry Van,C037,5045,true,6595,SAR
O9-C037-28,,2026-06-14,Riyadh → Generic Border Hub,Dry Van,C037,5175,true,6575,SAR
O9-C037-29,,2026-08-19,Riyadh → Generic Border Hub,Dry Van,C037,5155,true,6545,SAR
O9-C037-30,,2026-09-05,Riyadh → Generic Border Hub,Dry Van,C037,5020,true,6435,SAR
O9-C037-31,,2026-07-23,Riyadh → Generic Border Hub,Dry Van,C037,5120,true,6575,SAR
O9-C037-32,,2026-09-02,Riyadh → Generic Border Hub,Dry Van,C037,5185,true,6365,SAR
O9-C037-33,,2026-08-23,Riyadh → Generic Border Hub,Dry Van,C037,5110,true,6600,SAR
O9-C037-34,,2026-06-19,Riyadh → Generic Border Hub,Dry Van,C037,5140,true,6550,SAR
O9-C037-35,,2026-08-29,Riyadh → Generic Border Hub,Dry Van,C037,5180,true,6410,SAR
O9-C037-36,,2026-08-23,Riyadh → Generic Border Hub,Dry Van,C037,5070,true,6460,SAR
O9-C037-37,,2026-06-29,Riyadh → Generic Border Hub,Dry Van,C037,5035,true,6360,SAR
O9-C037-38,,2026-08-22,Riyadh → Generic Border Hub,Dry Van,C037,5135,true,6525,SAR
O9-C037-39,,2026-08-30,Riyadh → Generic Border Hub,Dry Van,C037,5135,true,6395,SAR
O9-C037-40,,2026-07-29,Riyadh → Generic Border Hub,Dry Van,C037,5130,true,6480,SAR
O9-C037-41,,2026-09-05,Riyadh → Generic Border Hub,Dry Van,C037,5010,true,6385,SAR
O9-C037-42,,2026-09-06,Riyadh → Generic Border Hub,Dry Van,C037,5185,true,6425,SAR
O9-C037-43,,2026-07-07,Riyadh → Generic Border Hub,Dry Van,C037,5035,true,6615,SAR
O9-C037-44,,2026-08-10,Riyadh → Generic Border Hub,Dry Van,C037,5140,true,6460,SAR
O9-C037-45,,2026-09-05,Riyadh → Generic Border Hub,Dry Van,C037,5135,false,6455,SAR
O9-C037-46,,2026-07-24,Riyadh → Generic Border Hub,Dry Van,C037,5170,true,6465,SAR
O9-C037-47,,2026-08-29,Riyadh → Generic Border Hub,Dry Van,C037,5180,true,6460,SAR
O9-C037-48,,2026-07-09,Riyadh → Generic Border Hub,Dry Van,C037,5575,true,6490,SAR
O9-C037-49,,2026-08-25,Riyadh → Generic Border Hub,Dry Van,C037,5525,true,6560,SAR
O9-C037-50,,2026-08-11,Riyadh → Generic Border Hub,Dry Van,C037,5440,true,6450,SAR
O9-C037-51,,2026-06-22,Riyadh → Generic Border Hub,Dry Van,C037,5515,true,6555,SAR
O9-C037-52,,2026-08-15,Riyadh → Generic Border Hub,Dry Van,C037,5560,true,6460,SAR
O9-C037-53,,2026-08-26,Riyadh → Generic Border Hub,Dry Van,C037,5320,true,6370,SAR
O9-C037-54,,2026-06-12,Riyadh → Generic Border Hub,Dry Van,C037,5560,true,6540,SAR
O9-C037-55,,2026-08-10,Riyadh → Generic Border Hub,Dry Van,C037,5355,true,6600,SAR
O9-C037-56,,2026-08-17,Riyadh → Generic Border Hub,Dry Van,C037,5505,false,6500,SAR
O9-C037-57,,2026-08-02,Riyadh → Generic Border Hub,Dry Van,C037,5450,true,6530,SAR
O9-C037-58,,2026-08-28,Riyadh → Generic Border Hub,Dry Van,C037,5475,true,6590,SAR
O9-C037-59,,2026-09-01,Riyadh → Generic Border Hub,Dry Van,C037,5610,true,6585,SAR
O9-C037-60,,2026-08-06,Riyadh → Generic Border Hub,Dry Van,C037,5520,true,6485,SAR
O9-C037-61,,2026-08-30,Riyadh → Generic Border Hub,Dry Van,C037,5510,true,6490,SAR
O9-C037-62,,2026-08-13,Riyadh → Generic Border Hub,Dry Van,C037,5575,true,6435,SAR
O9-C037-63,,2026-07-25,Riyadh → Generic Border Hub,Dry Van,C037,5595,true,6505,SAR
O9-C038-0,,2026-07-01,Riyadh → Generic Border Hub,Dry Van,C038,4805,false,6575,SAR
O9-C038-1,,2026-08-27,Riyadh → Generic Border Hub,Dry Van,C038,4780,true,6420,SAR
O9-C038-2,,2026-08-13,Riyadh → Generic Border Hub,Dry Van,C038,4755,false,6480,SAR
O9-C038-3,,2026-07-17,Riyadh → Generic Border Hub,Dry Van,C038,4710,false,6525,SAR
O9-C038-4,,2026-08-17,Riyadh → Generic Border Hub,Dry Van,C038,4810,false,6385,SAR
O9-C038-5,,2026-08-29,Riyadh → Generic Border Hub,Dry Van,C038,4735,false,6380,SAR
O9-C038-6,,2026-07-09,Riyadh → Generic Border Hub,Dry Van,C038,4805,true,6460,SAR
O9-C038-7,,2026-08-25,Riyadh → Generic Border Hub,Dry Van,C038,4665,false,6620,SAR
O9-C038-8,,2026-08-25,Riyadh → Generic Border Hub,Dry Van,C038,4675,false,6350,SAR
O9-C038-9,,2026-06-26,Riyadh → Generic Border Hub,Dry Van,C038,4695,false,6405,SAR
O9-C038-10,,2026-08-20,Riyadh → Generic Border Hub,Dry Van,C038,4765,true,6365,SAR
O9-C038-11,,2026-08-16,Riyadh → Generic Border Hub,Dry Van,C038,4660,true,6580,SAR
O9-C038-12,,2026-07-23,Riyadh → Generic Border Hub,Dry Van,C038,4785,false,6525,SAR
O9-C038-13,,2026-08-18,Riyadh → Generic Border Hub,Dry Van,C038,4680,false,6430,SAR
O9-C038-14,,2026-08-12,Riyadh → Generic Border Hub,Dry Van,C038,4755,false,6390,SAR
O9-C038-15,,2026-08-03,Riyadh → Generic Border Hub,Dry Van,C038,4770,true,6445,SAR
O9-C038-16,,2026-08-07,Riyadh → Generic Border Hub,Dry Van,C038,5035,true,6580,SAR
O9-C038-17,,2026-08-13,Riyadh → Generic Border Hub,Dry Van,C038,5150,true,6350,SAR
O9-C038-18,,2026-08-30,Riyadh → Generic Border Hub,Dry Van,C038,5140,true,6490,SAR
O9-C038-19,,2026-06-13,Riyadh → Generic Border Hub,Dry Van,C038,5110,true,6475,SAR
O9-C038-20,,2026-08-31,Riyadh → Generic Border Hub,Dry Van,C038,5205,true,6415,SAR
O9-C038-21,,2026-08-27,Riyadh → Generic Border Hub,Dry Van,C038,5150,true,6510,SAR
O9-C038-22,,2026-07-02,Riyadh → Generic Border Hub,Dry Van,C038,5055,true,6565,SAR
O9-C038-23,,2026-09-02,Riyadh → Generic Border Hub,Dry Van,C038,5100,true,6470,SAR
O9-C038-24,,2026-08-19,Riyadh → Generic Border Hub,Dry Van,C038,5210,true,6405,SAR
O9-C038-25,,2026-07-02,Riyadh → Generic Border Hub,Dry Van,C038,5060,true,6580,SAR
O9-C038-26,,2026-09-04,Riyadh → Generic Border Hub,Dry Van,C038,5045,true,6360,SAR
O9-C038-27,,2026-08-21,Riyadh → Generic Border Hub,Dry Van,C038,5060,true,6505,SAR
O9-C038-28,,2026-06-20,Riyadh → Generic Border Hub,Dry Van,C038,5195,true,6505,SAR
O9-C038-29,,2026-08-12,Riyadh → Generic Border Hub,Dry Van,C038,5055,true,6610,SAR
O9-C038-30,,2026-09-01,Riyadh → Generic Border Hub,Dry Van,C038,5105,true,6485,SAR
O9-C038-31,,2026-06-23,Riyadh → Generic Border Hub,Dry Van,C038,5155,true,6445,SAR
O9-C038-32,,2026-08-24,Riyadh → Generic Border Hub,Dry Van,C038,5100,true,6400,SAR
O9-C038-33,,2026-08-28,Riyadh → Generic Border Hub,Dry Van,C038,5060,false,6495,SAR
O9-C038-34,,2026-07-30,Riyadh → Generic Border Hub,Dry Van,C038,5055,true,6625,SAR
O9-C038-35,,2026-08-19,Riyadh → Generic Border Hub,Dry Van,C038,5030,true,6510,SAR
O9-C038-36,,2026-08-31,Riyadh → Generic Border Hub,Dry Van,C038,5105,true,6615,SAR
O9-C038-37,,2026-07-06,Riyadh → Generic Border Hub,Dry Van,C038,5175,true,6560,SAR
O9-C038-38,,2026-09-01,Riyadh → Generic Border Hub,Dry Van,C038,5195,false,6425,SAR
O9-C038-39,,2026-09-02,Riyadh → Generic Border Hub,Dry Van,C038,5145,true,6445,SAR
O9-C038-40,,2026-06-20,Riyadh → Generic Border Hub,Dry Van,C038,5070,true,6535,SAR
O9-C038-41,,2026-08-09,Riyadh → Generic Border Hub,Dry Van,C038,5105,true,6495,SAR
O9-C038-42,,2026-08-22,Riyadh → Generic Border Hub,Dry Van,C038,5145,true,6395,SAR
O9-C038-43,,2026-06-12,Riyadh → Generic Border Hub,Dry Van,C038,5140,true,6625,SAR
O9-C038-44,,2026-08-30,Riyadh → Generic Border Hub,Dry Van,C038,5110,true,6485,SAR
O9-C038-45,,2026-08-19,Riyadh → Generic Border Hub,Dry Van,C038,5205,true,6605,SAR
O9-C038-46,,2026-07-08,Riyadh → Generic Border Hub,Dry Van,C038,5140,true,6475,SAR
O9-C038-47,,2026-08-29,Riyadh → Generic Border Hub,Dry Van,C038,5095,true,6620,SAR
O9-C038-48,,2026-06-21,Riyadh → Generic Border Hub,Dry Van,C038,5455,true,6480,SAR
O9-C038-49,,2026-08-27,Riyadh → Generic Border Hub,Dry Van,C038,5645,true,6420,SAR
O9-C038-50,,2026-08-13,Riyadh → Generic Border Hub,Dry Van,C038,5515,true,6505,SAR
O9-C038-51,,2026-06-22,Riyadh → Generic Border Hub,Dry Van,C038,5695,true,6355,SAR
O9-C038-52,,2026-09-05,Riyadh → Generic Border Hub,Dry Van,C038,5515,true,6440,SAR
O9-C038-53,,2026-08-10,Riyadh → Generic Border Hub,Dry Van,C038,5540,true,6400,SAR
O9-C038-54,,2026-07-10,Riyadh → Generic Border Hub,Dry Van,C038,5545,true,6540,SAR
O9-C038-55,,2026-08-10,Riyadh → Generic Border Hub,Dry Van,C038,5585,true,6435,SAR
O9-C038-56,,2026-08-29,Riyadh → Generic Border Hub,Dry Van,C038,5395,true,6450,SAR
O9-C038-57,,2026-07-29,Riyadh → Generic Border Hub,Dry Van,C038,5340,true,6570,SAR
O9-C038-58,,2026-08-26,Riyadh → Generic Border Hub,Dry Van,C038,5450,true,6470,SAR
O9-C038-59,,2026-09-01,Riyadh → Generic Border Hub,Dry Van,C038,5490,true,6390,SAR
O9-C038-60,,2026-07-19,Riyadh → Generic Border Hub,Dry Van,C038,5395,true,6425,SAR
O9-C038-61,,2026-08-14,Riyadh → Generic Border Hub,Dry Van,C038,5380,true,6500,SAR
O9-C038-62,,2026-09-01,Riyadh → Generic Border Hub,Dry Van,C038,5560,false,6375,SAR
O9-C038-63,,2026-07-08,Riyadh → Generic Border Hub,Dry Van,C038,5500,true,6430,SAR
O9-C039-0,,2026-06-12,Riyadh → Generic Border Hub,Dry Van,C039,4745,false,6530,SAR
O9-C039-1,,2026-08-17,Riyadh → Generic Border Hub,Dry Van,C039,4830,true,6370,SAR
O9-C039-2,,2026-08-10,Riyadh → Generic Border Hub,Dry Van,C039,4810,true,6520,SAR
O9-C039-3,,2026-07-16,Riyadh → Generic Border Hub,Dry Van,C039,4770,true,6475,SAR
O9-C039-4,,2026-09-01,Riyadh → Generic Border Hub,Dry Van,C039,4820,true,6625,SAR
O9-C039-5,,2026-08-15,Riyadh → Generic Border Hub,Dry Van,C039,4825,false,6625,SAR
O9-C039-6,,2026-06-17,Riyadh → Generic Border Hub,Dry Van,C039,4745,false,6530,SAR
O9-C039-7,,2026-08-28,Riyadh → Generic Border Hub,Dry Van,C039,4715,false,6570,SAR
O9-C039-8,,2026-08-31,Riyadh → Generic Border Hub,Dry Van,C039,4815,false,6375,SAR
O9-C039-9,,2026-06-30,Riyadh → Generic Border Hub,Dry Van,C039,4780,false,6400,SAR
O9-C039-10,,2026-09-04,Riyadh → Generic Border Hub,Dry Van,C039,4740,false,6395,SAR
O9-C039-11,,2026-08-12,Riyadh → Generic Border Hub,Dry Van,C039,4685,false,6485,SAR
O9-C039-12,,2026-06-16,Riyadh → Generic Border Hub,Dry Van,C039,4725,false,6495,SAR
O9-C039-13,,2026-09-04,Riyadh → Generic Border Hub,Dry Van,C039,4750,false,6640,SAR
O9-C039-14,,2026-08-27,Riyadh → Generic Border Hub,Dry Van,C039,4770,false,6425,SAR
O9-C039-15,,2026-07-09,Riyadh → Generic Border Hub,Dry Van,C039,4795,true,6455,SAR
O9-C039-16,,2026-07-09,Riyadh → Generic Border Hub,Dry Van,C039,5120,true,6445,SAR
O9-C039-17,,2026-08-13,Riyadh → Generic Border Hub,Dry Van,C039,5225,true,6385,SAR
O9-C039-18,,2026-08-28,Riyadh → Generic Border Hub,Dry Van,C039,5210,true,6550,SAR
O9-C039-19,,2026-06-29,Riyadh → Generic Border Hub,Dry Van,C039,5135,true,6450,SAR
O9-C039-20,,2026-08-18,Riyadh → Generic Border Hub,Dry Van,C039,5210,true,6455,SAR
O9-C039-21,,2026-08-24,Riyadh → Generic Border Hub,Dry Van,C039,5145,true,6580,SAR
O9-C039-22,,2026-07-06,Riyadh → Generic Border Hub,Dry Van,C039,5120,true,6585,SAR
O9-C039-23,,2026-08-18,Riyadh → Generic Border Hub,Dry Van,C039,5080,true,6530,SAR
O9-C039-24,,2026-08-21,Riyadh → Generic Border Hub,Dry Van,C039,5180,true,6535,SAR
O9-C039-25,,2026-06-17,Riyadh → Generic Border Hub,Dry Van,C039,5205,true,6450,SAR
O9-C039-26,,2026-08-23,Riyadh → Generic Border Hub,Dry Van,C039,5175,true,6455,SAR
O9-C039-27,,2026-08-22,Riyadh → Generic Border Hub,Dry Van,C039,5095,true,6570,SAR
O9-C039-28,,2026-06-16,Riyadh → Generic Border Hub,Dry Van,C039,5215,true,6590,SAR
O9-C039-29,,2026-08-12,Riyadh → Generic Border Hub,Dry Van,C039,5155,true,6445,SAR
O9-C039-30,,2026-08-11,Riyadh → Generic Border Hub,Dry Van,C039,5100,true,6490,SAR
O9-C039-31,,2026-07-26,Riyadh → Generic Border Hub,Dry Van,C039,5100,true,6470,SAR
O9-C039-32,,2026-08-29,Riyadh → Generic Border Hub,Dry Van,C039,5225,true,6605,SAR
O9-C039-33,,2026-08-25,Riyadh → Generic Border Hub,Dry Van,C039,5120,false,6445,SAR
O9-C039-34,,2026-07-11,Riyadh → Generic Border Hub,Dry Van,C039,5110,true,6635,SAR
O9-C039-35,,2026-08-09,Riyadh → Generic Border Hub,Dry Van,C039,5150,true,6400,SAR
O9-C039-36,,2026-08-13,Riyadh → Generic Border Hub,Dry Van,C039,5120,true,6605,SAR
O9-C039-37,,2026-07-02,Riyadh → Generic Border Hub,Dry Van,C039,5125,true,6475,SAR
O9-C039-38,,2026-08-20,Riyadh → Generic Border Hub,Dry Van,C039,5120,true,6590,SAR
O9-C039-39,,2026-09-01,Riyadh → Generic Border Hub,Dry Van,C039,5140,true,6615,SAR
O9-C039-40,,2026-07-31,Riyadh → Generic Border Hub,Dry Van,C039,5065,true,6360,SAR
O9-C039-41,,2026-08-09,Riyadh → Generic Border Hub,Dry Van,C039,5090,true,6380,SAR
O9-C039-42,,2026-08-17,Riyadh → Generic Border Hub,Dry Van,C039,5070,true,6365,SAR
O9-C039-43,,2026-07-24,Riyadh → Generic Border Hub,Dry Van,C039,5060,true,6610,SAR
O9-C039-44,,2026-08-25,Riyadh → Generic Border Hub,Dry Van,C039,5185,true,6485,SAR
O9-C039-45,,2026-09-04,Riyadh → Generic Border Hub,Dry Van,C039,5165,true,6375,SAR
O9-C039-46,,2026-06-28,Riyadh → Generic Border Hub,Dry Van,C039,5150,true,6425,SAR
O9-C039-47,,2026-09-05,Riyadh → Generic Border Hub,Dry Van,C039,5070,true,6425,SAR
O9-C039-48,,2026-07-14,Riyadh → Generic Border Hub,Dry Van,C039,5365,true,6505,SAR
O9-C039-49,,2026-09-02,Riyadh → Generic Border Hub,Dry Van,C039,5550,true,6565,SAR
O9-C039-50,,2026-08-22,Riyadh → Generic Border Hub,Dry Van,C039,5605,true,6390,SAR
O9-C039-51,,2026-08-02,Riyadh → Generic Border Hub,Dry Van,C039,5480,false,6395,SAR
O9-C039-52,,2026-09-02,Riyadh → Generic Border Hub,Dry Van,C039,5385,true,6585,SAR
O9-C039-53,,2026-09-06,Riyadh → Generic Border Hub,Dry Van,C039,5535,true,6575,SAR
O9-C039-54,,2026-07-25,Riyadh → Generic Border Hub,Dry Van,C039,5695,true,6630,SAR
O9-C039-55,,2026-08-12,Riyadh → Generic Border Hub,Dry Van,C039,5425,true,6565,SAR
O9-C039-56,,2026-08-22,Riyadh → Generic Border Hub,Dry Van,C039,5675,true,6410,SAR
O9-C039-57,,2026-07-02,Riyadh → Generic Border Hub,Dry Van,C039,5445,true,6465,SAR
O9-C039-58,,2026-08-19,Riyadh → Generic Border Hub,Dry Van,C039,5570,true,6525,SAR
O9-C039-59,,2026-08-23,Riyadh → Generic Border Hub,Dry Van,C039,5635,true,6475,SAR
O9-C039-60,,2026-06-28,Riyadh → Generic Border Hub,Dry Van,C039,5545,true,6490,SAR
O9-C039-61,,2026-09-06,Riyadh → Generic Border Hub,Dry Van,C039,5610,true,6485,SAR
O9-C039-62,,2026-08-25,Riyadh → Generic Border Hub,Dry Van,C039,5700,true,6440,SAR
O9-C039-63,,2026-08-02,Riyadh → Generic Border Hub,Dry Van,C039,5660,true,6485,SAR
O9-C040-0,,2026-07-25,Riyadh → Generic Border Hub,Dry Van,C040,4690,true,6610,SAR
O9-C040-1,,2026-08-11,Riyadh → Generic Border Hub,Dry Van,C040,4705,false,6435,SAR
O9-C040-2,,2026-09-01,Riyadh → Generic Border Hub,Dry Van,C040,4750,true,6575,SAR
O9-C040-3,,2026-06-16,Riyadh → Generic Border Hub,Dry Van,C040,4715,false,6540,SAR
O9-C040-4,,2026-08-18,Riyadh → Generic Border Hub,Dry Van,C040,4710,false,6615,SAR
O9-C040-5,,2026-09-03,Riyadh → Generic Border Hub,Dry Van,C040,4670,false,6350,SAR
O9-C040-6,,2026-08-06,Riyadh → Generic Border Hub,Dry Van,C040,4660,false,6560,SAR
O9-C040-7,,2026-08-28,Riyadh → Generic Border Hub,Dry Van,C040,4675,false,6545,SAR
O9-C040-8,,2026-08-28,Riyadh → Generic Border Hub,Dry Van,C040,4680,false,6390,SAR
O9-C040-9,,2026-08-04,Riyadh → Generic Border Hub,Dry Van,C040,4710,false,6540,SAR
O9-C040-10,,2026-08-22,Riyadh → Generic Border Hub,Dry Van,C040,4645,false,6540,SAR
O9-C040-11,,2026-08-16,Riyadh → Generic Border Hub,Dry Van,C040,4745,true,6610,SAR
O9-C040-12,,2026-06-16,Riyadh → Generic Border Hub,Dry Van,C040,4630,true,6520,SAR
O9-C040-13,,2026-08-22,Riyadh → Generic Border Hub,Dry Van,C040,4770,false,6515,SAR
O9-C040-14,,2026-08-23,Riyadh → Generic Border Hub,Dry Van,C040,4760,true,6535,SAR
O9-C040-15,,2026-07-25,Riyadh → Generic Border Hub,Dry Van,C040,4625,false,6465,SAR
O9-C040-16,,2026-07-29,Riyadh → Generic Border Hub,Dry Van,C040,5120,true,6520,SAR
O9-C040-17,,2026-08-13,Riyadh → Generic Border Hub,Dry Van,C040,5020,true,6530,SAR
O9-C040-18,,2026-08-23,Riyadh → Generic Border Hub,Dry Van,C040,5085,true,6500,SAR
O9-C040-19,,2026-06-25,Riyadh → Generic Border Hub,Dry Van,C040,5180,true,6410,SAR
O9-C040-20,,2026-08-13,Riyadh → Generic Border Hub,Dry Van,C040,5040,true,6355,SAR
O9-C040-21,,2026-09-03,Riyadh → Generic Border Hub,Dry Van,C040,5080,true,6580,SAR
O9-C040-22,,2026-07-05,Riyadh → Generic Border Hub,Dry Van,C040,5105,true,6465,SAR
O9-C040-23,,2026-08-13,Riyadh → Generic Border Hub,Dry Van,C040,5095,true,6445,SAR
O9-C040-24,,2026-08-14,Riyadh → Generic Border Hub,Dry Van,C040,5040,true,6350,SAR
O9-C040-25,,2026-07-15,Riyadh → Generic Border Hub,Dry Van,C040,5075,true,6370,SAR
O9-C040-26,,2026-08-20,Riyadh → Generic Border Hub,Dry Van,C040,5165,true,6540,SAR
O9-C040-27,,2026-08-20,Riyadh → Generic Border Hub,Dry Van,C040,5165,false,6530,SAR
O9-C040-28,,2026-06-26,Riyadh → Generic Border Hub,Dry Van,C040,5100,true,6555,SAR
O9-C040-29,,2026-08-23,Riyadh → Generic Border Hub,Dry Van,C040,5010,true,6450,SAR
O9-C040-30,,2026-08-28,Riyadh → Generic Border Hub,Dry Van,C040,5090,true,6435,SAR
O9-C040-31,,2026-06-24,Riyadh → Generic Border Hub,Dry Van,C040,5170,true,6600,SAR
O9-C040-32,,2026-08-15,Riyadh → Generic Border Hub,Dry Van,C040,5060,true,6370,SAR
O9-C040-33,,2026-08-10,Riyadh → Generic Border Hub,Dry Van,C040,5170,true,6580,SAR
O9-C040-34,,2026-06-26,Riyadh → Generic Border Hub,Dry Van,C040,5175,true,6435,SAR
O9-C040-35,,2026-08-26,Riyadh → Generic Border Hub,Dry Van,C040,5025,true,6575,SAR
O9-C040-36,,2026-09-06,Riyadh → Generic Border Hub,Dry Van,C040,5135,true,6390,SAR
O9-C040-37,,2026-06-26,Riyadh → Generic Border Hub,Dry Van,C040,5175,true,6500,SAR
O9-C040-38,,2026-08-09,Riyadh → Generic Border Hub,Dry Van,C040,5050,true,6585,SAR
O9-C040-39,,2026-08-22,Riyadh → Generic Border Hub,Dry Van,C040,5125,false,6355,SAR
O9-C040-40,,2026-06-20,Riyadh → Generic Border Hub,Dry Van,C040,5125,true,6505,SAR
O9-C040-41,,2026-08-16,Riyadh → Generic Border Hub,Dry Van,C040,5020,true,6515,SAR
O9-C040-42,,2026-08-27,Riyadh → Generic Border Hub,Dry Van,C040,5020,true,6530,SAR
O9-C040-43,,2026-07-30,Riyadh → Generic Border Hub,Dry Van,C040,5070,true,6460,SAR
O9-C040-44,,2026-08-30,Riyadh → Generic Border Hub,Dry Van,C040,5015,true,6615,SAR
O9-C040-45,,2026-08-16,Riyadh → Generic Border Hub,Dry Van,C040,5095,true,6535,SAR
O9-C040-46,,2026-07-05,Riyadh → Generic Border Hub,Dry Van,C040,5025,true,6595,SAR
O9-C040-47,,2026-08-12,Riyadh → Generic Border Hub,Dry Van,C040,5020,true,6595,SAR
O9-C040-48,,2026-06-30,Riyadh → Generic Border Hub,Dry Van,C040,5620,true,6545,SAR
O9-C040-49,,2026-08-26,Riyadh → Generic Border Hub,Dry Van,C040,5555,true,6510,SAR
O9-C040-50,,2026-08-29,Riyadh → Generic Border Hub,Dry Van,C040,5655,true,6405,SAR
O9-C040-51,,2026-08-05,Riyadh → Generic Border Hub,Dry Van,C040,5320,true,6570,SAR
O9-C040-52,,2026-08-23,Riyadh → Generic Border Hub,Dry Van,C040,5380,true,6475,SAR
O9-C040-53,,2026-08-18,Riyadh → Generic Border Hub,Dry Van,C040,5635,true,6580,SAR
O9-C040-54,,2026-07-10,Riyadh → Generic Border Hub,Dry Van,C040,5365,true,6465,SAR
O9-C040-55,,2026-08-20,Riyadh → Generic Border Hub,Dry Van,C040,5530,true,6445,SAR
O9-C040-56,,2026-08-10,Riyadh → Generic Border Hub,Dry Van,C040,5630,false,6385,SAR
O9-C040-57,,2026-07-23,Riyadh → Generic Border Hub,Dry Van,C040,5520,true,6475,SAR
O9-C040-58,,2026-08-18,Riyadh → Generic Border Hub,Dry Van,C040,5635,true,6455,SAR
O9-C040-59,,2026-09-01,Riyadh → Generic Border Hub,Dry Van,C040,5345,true,6535,SAR
O9-C040-60,,2026-06-23,Riyadh → Generic Border Hub,Dry Van,C040,5600,true,6485,SAR
O9-C040-61,,2026-08-28,Riyadh → Generic Border Hub,Dry Van,C040,5330,true,6620,SAR
O9-C040-62,,2026-09-06,Riyadh → Generic Border Hub,Dry Van,C040,5335,true,6565,SAR
O9-C040-63,,2026-06-12,Riyadh → Generic Border Hub,Dry Van,C040,5650,true,6470,SAR
O9-C013-0,,2026-07-14,Riyadh → Generic Border Hub,Dry Van,C013,4775,true,6360,SAR
O9-C013-1,,2026-08-21,Riyadh → Generic Border Hub,Dry Van,C013,4780,true,6530,SAR
O9-C013-2,,2026-09-04,Riyadh → Generic Border Hub,Dry Van,C013,4755,false,6370,SAR
O9-C013-3,,2026-07-14,Riyadh → Generic Border Hub,Dry Van,C013,4695,false,6540,SAR
O9-C013-4,,2026-08-19,Riyadh → Generic Border Hub,Dry Van,C013,4670,false,6490,SAR
O9-C013-5,,2026-08-20,Riyadh → Generic Border Hub,Dry Van,C013,4785,false,6415,SAR
O9-C013-6,,2026-07-21,Riyadh → Generic Border Hub,Dry Van,C013,4685,false,6445,SAR
O9-C013-7,,2026-08-15,Riyadh → Generic Border Hub,Dry Van,C013,4790,false,6420,SAR
O9-C013-8,,2026-08-30,Riyadh → Generic Border Hub,Dry Van,C013,4700,false,6450,SAR
O9-C013-9,,2026-07-18,Riyadh → Generic Border Hub,Dry Van,C013,4745,true,6590,SAR
O9-C013-10,,2026-08-10,Riyadh → Generic Border Hub,Dry Van,C013,4775,false,6410,SAR
O9-C013-11,,2026-08-27,Riyadh → Generic Border Hub,Dry Van,C013,4750,false,6425,SAR
O9-C013-12,,2026-07-25,Riyadh → Generic Border Hub,Dry Van,C013,4700,false,6490,SAR
O9-C013-13,,2026-08-28,Riyadh → Generic Border Hub,Dry Van,C013,4630,false,6555,SAR
O9-C013-14,,2026-08-13,Riyadh → Generic Border Hub,Dry Van,C013,4695,true,6515,SAR
O9-C013-15,,2026-06-20,Riyadh → Generic Border Hub,Dry Van,C013,4760,true,6455,SAR
O9-C013-16,,2026-06-15,Riyadh → Generic Border Hub,Dry Van,C013,5180,true,6625,SAR
O9-C013-17,,2026-08-30,Riyadh → Generic Border Hub,Dry Van,C013,5035,true,6350,SAR
O9-C013-18,,2026-09-05,Riyadh → Generic Border Hub,Dry Van,C013,5090,true,6380,SAR
O9-C013-19,,2026-07-11,Riyadh → Generic Border Hub,Dry Van,C013,5140,true,6360,SAR
O9-C013-20,,2026-08-14,Riyadh → Generic Border Hub,Dry Van,C013,5095,true,6605,SAR
O9-C013-21,,2026-08-12,Riyadh → Generic Border Hub,Dry Van,C013,5110,true,6365,SAR
O9-C013-22,,2026-06-30,Riyadh → Generic Border Hub,Dry Van,C013,5190,true,6510,SAR
O9-C013-23,,2026-09-02,Riyadh → Generic Border Hub,Dry Van,C013,5070,true,6380,SAR
O9-C013-24,,2026-09-04,Riyadh → Generic Border Hub,Dry Van,C013,5110,true,6480,SAR
O9-C013-25,,2026-08-02,Riyadh → Generic Border Hub,Dry Van,C013,5175,true,6480,SAR
O9-C013-26,,2026-08-10,Riyadh → Generic Border Hub,Dry Van,C013,5100,true,6505,SAR
O9-C013-27,,2026-08-25,Riyadh → Generic Border Hub,Dry Van,C013,5070,false,6400,SAR
O9-C013-28,,2026-06-28,Riyadh → Generic Border Hub,Dry Van,C013,5070,true,6600,SAR
O9-C013-29,,2026-08-18,Riyadh → Generic Border Hub,Dry Van,C013,5140,true,6480,SAR
O9-C013-30,,2026-08-16,Riyadh → Generic Border Hub,Dry Van,C013,5095,true,6625,SAR
O9-C013-31,,2026-06-21,Riyadh → Generic Border Hub,Dry Van,C013,5175,true,6490,SAR
O9-C013-32,,2026-08-31,Riyadh → Generic Border Hub,Dry Van,C013,5120,true,6440,SAR
O9-C013-33,,2026-08-10,Riyadh → Generic Border Hub,Dry Van,C013,5050,true,6350,SAR
O9-C013-34,,2026-08-03,Riyadh → Generic Border Hub,Dry Van,C013,5115,true,6605,SAR
O9-C013-35,,2026-08-12,Riyadh → Generic Border Hub,Dry Van,C013,5080,true,6395,SAR
O9-C013-36,,2026-08-10,Riyadh → Generic Border Hub,Dry Van,C013,5015,true,6410,SAR
O9-C013-37,,2026-07-15,Riyadh → Generic Border Hub,Dry Van,C013,5070,true,6455,SAR
O9-C013-38,,2026-08-22,Riyadh → Generic Border Hub,Dry Van,C013,5140,true,6420,SAR
O9-C013-39,,2026-08-11,Riyadh → Generic Border Hub,Dry Van,C013,5055,true,6385,SAR
O9-C013-40,,2026-08-01,Riyadh → Generic Border Hub,Dry Van,C013,5035,false,6530,SAR
O9-C013-41,,2026-09-05,Riyadh → Generic Border Hub,Dry Van,C013,5055,true,6555,SAR
O9-C013-42,,2026-08-28,Riyadh → Generic Border Hub,Dry Van,C013,5130,true,6555,SAR
O9-C013-43,,2026-07-11,Riyadh → Generic Border Hub,Dry Van,C013,5015,true,6420,SAR
O9-C013-44,,2026-09-03,Riyadh → Generic Border Hub,Dry Van,C013,5135,true,6590,SAR
O9-C013-45,,2026-08-18,Riyadh → Generic Border Hub,Dry Van,C013,5090,true,6565,SAR
O9-C013-46,,2026-07-23,Riyadh → Generic Border Hub,Dry Van,C013,5165,true,6430,SAR
O9-C013-47,,2026-08-31,Riyadh → Generic Border Hub,Dry Van,C013,5025,true,6575,SAR
O9-C013-48,,2026-07-18,Riyadh → Generic Border Hub,Dry Van,C013,5635,true,6420,SAR
O9-C013-49,,2026-08-29,Riyadh → Generic Border Hub,Dry Van,C013,5655,true,6405,SAR
O9-C013-50,,2026-08-29,Riyadh → Generic Border Hub,Dry Van,C013,5355,true,6515,SAR
O9-C013-51,,2026-08-02,Riyadh → Generic Border Hub,Dry Van,C013,5375,true,6375,SAR
O9-C013-52,,2026-08-10,Riyadh → Generic Border Hub,Dry Van,C013,5550,false,6540,SAR
O9-C013-53,,2026-08-27,Riyadh → Generic Border Hub,Dry Van,C013,5355,true,6400,SAR
O9-C013-54,,2026-06-18,Riyadh → Generic Border Hub,Dry Van,C013,5600,true,6355,SAR
O9-C013-55,,2026-08-31,Riyadh → Generic Border Hub,Dry Van,C013,5320,true,6495,SAR
O9-C013-56,,2026-09-01,Riyadh → Generic Border Hub,Dry Van,C013,5455,true,6585,SAR
O9-C013-57,,2026-08-07,Riyadh → Generic Border Hub,Dry Van,C013,5585,true,6530,SAR
O9-C013-58,,2026-08-18,Riyadh → Generic Border Hub,Dry Van,C013,5340,true,6360,SAR
O9-C013-59,,2026-08-28,Riyadh → Generic Border Hub,Dry Van,C013,5565,true,6500,SAR
O9-C013-60,,2026-06-18,Riyadh → Generic Border Hub,Dry Van,C013,5430,true,6465,SAR
O9-C013-61,,2026-08-25,Riyadh → Generic Border Hub,Dry Van,C013,5480,true,6455,SAR
O9-C013-62,,2026-08-18,Riyadh → Generic Border Hub,Dry Van,C013,5435,true,6505,SAR
O9-C013-63,,2026-07-26,Riyadh → Generic Border Hub,Dry Van,C013,5585,true,6465,SAR
O10-C041-0,,2026-07-07,Jeddah Islamic Port → Jubail,Flatbed,C041,3775,true,4815,SAR
O10-C041-1,,2026-08-19,Jeddah Islamic Port → Jubail,Flatbed,C041,3835,false,4785,SAR
O10-C041-2,,2026-09-01,Jeddah Islamic Port → Jubail,Flatbed,C041,3765,false,4840,SAR
O10-C041-3,,2026-07-12,Jeddah Islamic Port → Jubail,Flatbed,C041,3740,true,4820,SAR
O10-C041-4,,2026-08-11,Jeddah Islamic Port → Jubail,Flatbed,C041,3785,false,4965,SAR
O10-C041-5,,2026-08-25,Jeddah Islamic Port → Jubail,Flatbed,C041,3790,false,4825,SAR
O10-C041-6,,2026-07-11,Jeddah Islamic Port → Jubail,Flatbed,C041,3830,false,4800,SAR
O10-C041-7,,2026-08-11,Jeddah Islamic Port → Jubail,Flatbed,C041,3740,false,4910,SAR
O10-C041-8,,2026-08-10,Jeddah Islamic Port → Jubail,Flatbed,C041,3790,true,4780,SAR
O10-C041-9,,2026-06-15,Jeddah Islamic Port → Jubail,Flatbed,C041,3830,false,4960,SAR
O10-C041-10,,2026-08-10,Jeddah Islamic Port → Jubail,Flatbed,C041,3815,false,4995,SAR
O10-C041-11,,2026-08-11,Jeddah Islamic Port → Jubail,Flatbed,C041,3760,false,4895,SAR
O10-C041-12,,2026-07-10,Jeddah Islamic Port → Jubail,Flatbed,C041,3810,false,4995,SAR
O10-C041-13,,2026-08-24,Jeddah Islamic Port → Jubail,Flatbed,C041,3770,true,4970,SAR
O10-C041-14,,2026-08-14,Jeddah Islamic Port → Jubail,Flatbed,C041,3740,true,4980,SAR
O10-C041-15,,2026-07-26,Jeddah Islamic Port → Jubail,Flatbed,C041,3740,false,4885,SAR
O10-C041-16,,2026-08-02,Jeddah Islamic Port → Jubail,Flatbed,C041,4045,true,4825,SAR
O10-C041-17,,2026-08-17,Jeddah Islamic Port → Jubail,Flatbed,C041,4065,true,4835,SAR
O10-C041-18,,2026-08-12,Jeddah Islamic Port → Jubail,Flatbed,C041,4130,true,4980,SAR
O10-C041-19,,2026-07-23,Jeddah Islamic Port → Jubail,Flatbed,C041,4115,true,4820,SAR
O10-C041-20,,2026-09-04,Jeddah Islamic Port → Jubail,Flatbed,C041,4150,true,4990,SAR
O10-C041-21,,2026-08-10,Jeddah Islamic Port → Jubail,Flatbed,C041,4145,true,4875,SAR
O10-C041-22,,2026-07-19,Jeddah Islamic Port → Jubail,Flatbed,C041,4165,true,4985,SAR
O10-C041-23,,2026-08-17,Jeddah Islamic Port → Jubail,Flatbed,C041,4050,true,4980,SAR
O10-C041-24,,2026-08-12,Jeddah Islamic Port → Jubail,Flatbed,C041,4100,true,4795,SAR
O10-C041-25,,2026-07-30,Jeddah Islamic Port → Jubail,Flatbed,C041,4115,true,4845,SAR
O10-C041-26,,2026-08-19,Jeddah Islamic Port → Jubail,Flatbed,C041,4095,true,4900,SAR
O10-C041-27,,2026-08-16,Jeddah Islamic Port → Jubail,Flatbed,C041,4135,true,4880,SAR
O10-C041-28,,2026-08-04,Jeddah Islamic Port → Jubail,Flatbed,C041,4040,true,4855,SAR
O10-C041-29,,2026-08-16,Jeddah Islamic Port → Jubail,Flatbed,C041,4075,true,4840,SAR
O10-C041-30,,2026-09-04,Jeddah Islamic Port → Jubail,Flatbed,C041,4150,true,4910,SAR
O10-C041-31,,2026-08-04,Jeddah Islamic Port → Jubail,Flatbed,C041,4110,true,4980,SAR
O10-C041-32,,2026-08-27,Jeddah Islamic Port → Jubail,Flatbed,C041,4110,true,4935,SAR
O10-C041-33,,2026-09-02,Jeddah Islamic Port → Jubail,Flatbed,C041,4055,false,4840,SAR
O10-C041-34,,2026-07-22,Jeddah Islamic Port → Jubail,Flatbed,C041,4040,true,4925,SAR
O10-C041-35,,2026-08-17,Jeddah Islamic Port → Jubail,Flatbed,C041,4115,true,4925,SAR
O10-C041-36,,2026-08-12,Jeddah Islamic Port → Jubail,Flatbed,C041,4160,true,4840,SAR
O10-C041-37,,2026-08-07,Jeddah Islamic Port → Jubail,Flatbed,C041,4170,true,4960,SAR
O10-C041-38,,2026-08-23,Jeddah Islamic Port → Jubail,Flatbed,C041,4090,true,4960,SAR
O10-C041-39,,2026-08-17,Jeddah Islamic Port → Jubail,Flatbed,C041,4105,true,4920,SAR
O10-C041-40,,2026-07-30,Jeddah Islamic Port → Jubail,Flatbed,C041,4160,true,4980,SAR
O10-C041-41,,2026-08-19,Jeddah Islamic Port → Jubail,Flatbed,C041,4100,true,4955,SAR
O10-C041-42,,2026-08-15,Jeddah Islamic Port → Jubail,Flatbed,C041,4120,true,4860,SAR
O10-C041-43,,2026-07-25,Jeddah Islamic Port → Jubail,Flatbed,C041,4110,true,4940,SAR
O10-C041-44,,2026-09-01,Jeddah Islamic Port → Jubail,Flatbed,C041,4160,true,4840,SAR
O10-C041-45,,2026-08-17,Jeddah Islamic Port → Jubail,Flatbed,C041,4145,true,4985,SAR
O10-C041-46,,2026-06-15,Jeddah Islamic Port → Jubail,Flatbed,C041,4115,true,4960,SAR
O10-C041-47,,2026-09-04,Jeddah Islamic Port → Jubail,Flatbed,C041,4075,true,4800,SAR
O10-C041-48,,2026-07-23,Jeddah Islamic Port → Jubail,Flatbed,C041,4520,true,4880,SAR
O10-C041-49,,2026-08-24,Jeddah Islamic Port → Jubail,Flatbed,C041,4555,true,4925,SAR
O10-C041-50,,2026-09-05,Jeddah Islamic Port → Jubail,Flatbed,C041,4470,true,4895,SAR
O10-C041-51,,2026-06-24,Jeddah Islamic Port → Jubail,Flatbed,C041,4515,true,4890,SAR
O10-C041-52,,2026-08-23,Jeddah Islamic Port → Jubail,Flatbed,C041,4320,true,4945,SAR
O10-C041-53,,2026-08-24,Jeddah Islamic Port → Jubail,Flatbed,C041,4485,true,5000,SAR
O10-C041-54,,2026-07-27,Jeddah Islamic Port → Jubail,Flatbed,C041,4530,false,4940,SAR
O10-C041-55,,2026-08-10,Jeddah Islamic Port → Jubail,Flatbed,C041,4560,true,4800,SAR
O10-C041-56,,2026-08-15,Jeddah Islamic Port → Jubail,Flatbed,C041,4415,true,4860,SAR
O10-C041-57,,2026-06-26,Jeddah Islamic Port → Jubail,Flatbed,C041,4540,true,4790,SAR
O10-C041-58,,2026-08-17,Jeddah Islamic Port → Jubail,Flatbed,C041,4455,true,4860,SAR
O10-C041-59,,2026-08-16,Jeddah Islamic Port → Jubail,Flatbed,C041,4560,true,4815,SAR
O10-C041-60,,2026-07-09,Jeddah Islamic Port → Jubail,Flatbed,C041,4300,true,4880,SAR
O10-C041-61,,2026-08-28,Jeddah Islamic Port → Jubail,Flatbed,C041,4480,true,4905,SAR
O10-C041-62,,2026-08-27,Jeddah Islamic Port → Jubail,Flatbed,C041,4385,true,4805,SAR
O10-C041-63,,2026-07-21,Jeddah Islamic Port → Jubail,Flatbed,C041,4370,true,4835,SAR
O10-C042-0,,2026-07-05,Jeddah Islamic Port → Jubail,Flatbed,C042,3800,false,4945,SAR
O10-C042-1,,2026-08-30,Jeddah Islamic Port → Jubail,Flatbed,C042,3770,false,4880,SAR
O10-C042-2,,2026-09-03,Jeddah Islamic Port → Jubail,Flatbed,C042,3830,true,4835,SAR
O10-C042-3,,2026-07-29,Jeddah Islamic Port → Jubail,Flatbed,C042,3810,false,4960,SAR
O10-C042-4,,2026-08-13,Jeddah Islamic Port → Jubail,Flatbed,C042,3870,false,4845,SAR
O10-C042-5,,2026-08-18,Jeddah Islamic Port → Jubail,Flatbed,C042,3855,true,4930,SAR
O10-C042-6,,2026-07-08,Jeddah Islamic Port → Jubail,Flatbed,C042,3745,false,4875,SAR
O10-C042-7,,2026-09-01,Jeddah Islamic Port → Jubail,Flatbed,C042,3790,false,4935,SAR
O10-C042-8,,2026-08-27,Jeddah Islamic Port → Jubail,Flatbed,C042,3750,false,4840,SAR
O10-C042-9,,2026-07-02,Jeddah Islamic Port → Jubail,Flatbed,C042,3810,false,4945,SAR
O10-C042-10,,2026-08-30,Jeddah Islamic Port → Jubail,Flatbed,C042,3855,true,4995,SAR
O10-C042-11,,2026-09-05,Jeddah Islamic Port → Jubail,Flatbed,C042,3805,false,4905,SAR
O10-C042-12,,2026-07-31,Jeddah Islamic Port → Jubail,Flatbed,C042,3775,true,4900,SAR
O10-C042-13,,2026-08-31,Jeddah Islamic Port → Jubail,Flatbed,C042,3845,false,4875,SAR
O10-C042-14,,2026-09-05,Jeddah Islamic Port → Jubail,Flatbed,C042,3840,false,4950,SAR
O10-C042-15,,2026-07-29,Jeddah Islamic Port → Jubail,Flatbed,C042,3840,true,4845,SAR
O10-C042-16,,2026-08-01,Jeddah Islamic Port → Jubail,Flatbed,C042,4075,true,4860,SAR
O10-C042-17,,2026-08-09,Jeddah Islamic Port → Jubail,Flatbed,C042,4110,true,4885,SAR
O10-C042-18,,2026-08-22,Jeddah Islamic Port → Jubail,Flatbed,C042,4185,true,4975,SAR
O10-C042-19,,2026-07-26,Jeddah Islamic Port → Jubail,Flatbed,C042,4150,true,4830,SAR
O10-C042-20,,2026-08-18,Jeddah Islamic Port → Jubail,Flatbed,C042,4180,true,4820,SAR
O10-C042-21,,2026-08-17,Jeddah Islamic Port → Jubail,Flatbed,C042,4120,true,4935,SAR
O10-C042-22,,2026-06-26,Jeddah Islamic Port → Jubail,Flatbed,C042,4095,true,4810,SAR
O10-C042-23,,2026-08-22,Jeddah Islamic Port → Jubail,Flatbed,C042,4085,true,4985,SAR
O10-C042-24,,2026-08-31,Jeddah Islamic Port → Jubail,Flatbed,C042,4075,false,4935,SAR
O10-C042-25,,2026-07-29,Jeddah Islamic Port → Jubail,Flatbed,C042,4050,true,4930,SAR
O10-C042-26,,2026-08-30,Jeddah Islamic Port → Jubail,Flatbed,C042,4180,true,4905,SAR
O10-C042-27,,2026-08-12,Jeddah Islamic Port → Jubail,Flatbed,C042,4180,true,4970,SAR
O10-C042-28,,2026-07-20,Jeddah Islamic Port → Jubail,Flatbed,C042,4150,true,4920,SAR
O10-C042-29,,2026-08-23,Jeddah Islamic Port → Jubail,Flatbed,C042,4105,true,4830,SAR
O10-C042-30,,2026-08-25,Jeddah Islamic Port → Jubail,Flatbed,C042,4070,true,4890,SAR
O10-C042-31,,2026-06-12,Jeddah Islamic Port → Jubail,Flatbed,C042,4145,true,5000,SAR
O10-C042-32,,2026-09-05,Jeddah Islamic Port → Jubail,Flatbed,C042,4055,true,4945,SAR
O10-C042-33,,2026-08-15,Jeddah Islamic Port → Jubail,Flatbed,C042,4150,true,4975,SAR
O10-C042-34,,2026-07-18,Jeddah Islamic Port → Jubail,Flatbed,C042,4160,true,4985,SAR
O10-C042-35,,2026-08-18,Jeddah Islamic Port → Jubail,Flatbed,C042,4190,false,4895,SAR
O10-C042-36,,2026-08-13,Jeddah Islamic Port → Jubail,Flatbed,C042,4135,true,4845,SAR
O10-C042-37,,2026-06-23,Jeddah Islamic Port → Jubail,Flatbed,C042,4150,true,4990,SAR
O10-C042-38,,2026-08-23,Jeddah Islamic Port → Jubail,Flatbed,C042,4075,true,4925,SAR
O10-C042-39,,2026-08-20,Jeddah Islamic Port → Jubail,Flatbed,C042,4145,true,4990,SAR
O10-C042-40,,2026-06-27,Jeddah Islamic Port → Jubail,Flatbed,C042,4165,true,4835,SAR
O10-C042-41,,2026-08-31,Jeddah Islamic Port → Jubail,Flatbed,C042,4185,true,4995,SAR
O10-C042-42,,2026-08-25,Jeddah Islamic Port → Jubail,Flatbed,C042,4085,true,4905,SAR
O10-C042-43,,2026-06-18,Jeddah Islamic Port → Jubail,Flatbed,C042,4130,true,4880,SAR
O10-C042-44,,2026-09-06,Jeddah Islamic Port → Jubail,Flatbed,C042,4165,true,4795,SAR
O10-C042-45,,2026-08-16,Jeddah Islamic Port → Jubail,Flatbed,C042,4150,true,4930,SAR
O10-C042-46,,2026-07-03,Jeddah Islamic Port → Jubail,Flatbed,C042,4070,true,4955,SAR
O10-C042-47,,2026-08-13,Jeddah Islamic Port → Jubail,Flatbed,C042,4085,true,4810,SAR
O10-C042-48,,2026-06-13,Jeddah Islamic Port → Jubail,Flatbed,C042,4445,true,4980,SAR
O10-C042-49,,2026-08-22,Jeddah Islamic Port → Jubail,Flatbed,C042,4310,true,4805,SAR
O10-C042-50,,2026-08-20,Jeddah Islamic Port → Jubail,Flatbed,C042,4540,true,5000,SAR
O10-C042-51,,2026-07-27,Jeddah Islamic Port → Jubail,Flatbed,C042,4420,true,4840,SAR
O10-C042-52,,2026-08-30,Jeddah Islamic Port → Jubail,Flatbed,C042,4495,true,4910,SAR
O10-C042-53,,2026-08-09,Jeddah Islamic Port → Jubail,Flatbed,C042,4425,true,4860,SAR
O10-C042-54,,2026-07-05,Jeddah Islamic Port → Jubail,Flatbed,C042,4305,true,4805,SAR
O10-C042-55,,2026-08-29,Jeddah Islamic Port → Jubail,Flatbed,C042,4475,true,4980,SAR
O10-C042-56,,2026-08-13,Jeddah Islamic Port → Jubail,Flatbed,C042,4465,true,4900,SAR
O10-C042-57,,2026-07-14,Jeddah Islamic Port → Jubail,Flatbed,C042,4430,true,4780,SAR
O10-C042-58,,2026-08-10,Jeddah Islamic Port → Jubail,Flatbed,C042,4300,true,4785,SAR
O10-C042-59,,2026-08-09,Jeddah Islamic Port → Jubail,Flatbed,C042,4500,true,4825,SAR
O10-C042-60,,2026-08-01,Jeddah Islamic Port → Jubail,Flatbed,C042,4545,true,4905,SAR
O10-C042-61,,2026-08-23,Jeddah Islamic Port → Jubail,Flatbed,C042,4505,true,4815,SAR
O10-C042-62,,2026-08-26,Jeddah Islamic Port → Jubail,Flatbed,C042,4405,true,4880,SAR
O10-C042-63,,2026-06-29,Jeddah Islamic Port → Jubail,Flatbed,C042,4400,false,4825,SAR
O10-C043-0,,2026-06-20,Jeddah Islamic Port → Jubail,Flatbed,C043,3760,false,4880,SAR
O10-C043-1,,2026-08-26,Jeddah Islamic Port → Jubail,Flatbed,C043,3770,true,5000,SAR
O10-C043-2,,2026-08-12,Jeddah Islamic Port → Jubail,Flatbed,C043,3870,false,4820,SAR
O10-C043-3,,2026-07-23,Jeddah Islamic Port → Jubail,Flatbed,C043,3790,true,4835,SAR
O10-C043-4,,2026-08-10,Jeddah Islamic Port → Jubail,Flatbed,C043,3825,false,4795,SAR
O10-C043-5,,2026-09-01,Jeddah Islamic Port → Jubail,Flatbed,C043,3815,false,4945,SAR
O10-C043-6,,2026-07-21,Jeddah Islamic Port → Jubail,Flatbed,C043,3855,true,4825,SAR
O10-C043-7,,2026-09-06,Jeddah Islamic Port → Jubail,Flatbed,C043,3765,false,4920,SAR
O10-C043-8,,2026-08-18,Jeddah Islamic Port → Jubail,Flatbed,C043,3795,true,4850,SAR
O10-C043-9,,2026-08-05,Jeddah Islamic Port → Jubail,Flatbed,C043,3770,false,4855,SAR
O10-C043-10,,2026-08-18,Jeddah Islamic Port → Jubail,Flatbed,C043,3785,false,4940,SAR
O10-C043-11,,2026-08-28,Jeddah Islamic Port → Jubail,Flatbed,C043,3745,true,4970,SAR
O10-C043-12,,2026-07-18,Jeddah Islamic Port → Jubail,Flatbed,C043,3875,false,4905,SAR
O10-C043-13,,2026-08-17,Jeddah Islamic Port → Jubail,Flatbed,C043,3820,false,4985,SAR
O10-C043-14,,2026-08-26,Jeddah Islamic Port → Jubail,Flatbed,C043,3865,false,4920,SAR
O10-C043-15,,2026-06-21,Jeddah Islamic Port → Jubail,Flatbed,C043,3820,false,4890,SAR
O10-C043-16,,2026-07-24,Jeddah Islamic Port → Jubail,Flatbed,C043,4095,true,4995,SAR
O10-C043-17,,2026-08-11,Jeddah Islamic Port → Jubail,Flatbed,C043,4130,true,4875,SAR
O10-C043-18,,2026-08-25,Jeddah Islamic Port → Jubail,Flatbed,C043,4095,true,4985,SAR
O10-C043-19,,2026-06-26,Jeddah Islamic Port → Jubail,Flatbed,C043,4105,true,4950,SAR
O10-C043-20,,2026-08-30,Jeddah Islamic Port → Jubail,Flatbed,C043,4170,true,4890,SAR
O10-C043-21,,2026-09-05,Jeddah Islamic Port → Jubail,Flatbed,C043,4155,true,4895,SAR
O10-C043-22,,2026-06-17,Jeddah Islamic Port → Jubail,Flatbed,C043,4070,true,4805,SAR
O10-C043-23,,2026-09-06,Jeddah Islamic Port → Jubail,Flatbed,C043,4140,true,4835,SAR
O10-C043-24,,2026-08-27,Jeddah Islamic Port → Jubail,Flatbed,C043,4125,true,4915,SAR
O10-C043-25,,2026-07-14,Jeddah Islamic Port → Jubail,Flatbed,C043,4155,true,4815,SAR
O10-C043-26,,2026-09-01,Jeddah Islamic Port → Jubail,Flatbed,C043,4130,true,4955,SAR
O10-C043-27,,2026-08-25,Jeddah Islamic Port → Jubail,Flatbed,C043,4105,true,4860,SAR
O10-C043-28,,2026-07-29,Jeddah Islamic Port → Jubail,Flatbed,C043,4155,true,4840,SAR
O10-C043-29,,2026-08-26,Jeddah Islamic Port → Jubail,Flatbed,C043,4055,true,4895,SAR
O10-C043-30,,2026-08-13,Jeddah Islamic Port → Jubail,Flatbed,C043,4065,true,4900,SAR
O10-C043-31,,2026-06-30,Jeddah Islamic Port → Jubail,Flatbed,C043,4160,true,4980,SAR
O10-C043-32,,2026-08-20,Jeddah Islamic Port → Jubail,Flatbed,C043,4125,true,4855,SAR
O10-C043-33,,2026-08-28,Jeddah Islamic Port → Jubail,Flatbed,C043,4075,true,4975,SAR
O10-C043-34,,2026-06-12,Jeddah Islamic Port → Jubail,Flatbed,C043,4170,true,4840,SAR
O10-C043-35,,2026-08-30,Jeddah Islamic Port → Jubail,Flatbed,C043,4160,true,4980,SAR
O10-C043-36,,2026-08-16,Jeddah Islamic Port → Jubail,Flatbed,C043,4125,true,4865,SAR
O10-C043-37,,2026-06-27,Jeddah Islamic Port → Jubail,Flatbed,C043,4190,true,4790,SAR
O10-C043-38,,2026-08-18,Jeddah Islamic Port → Jubail,Flatbed,C043,4180,true,4815,SAR
O10-C043-39,,2026-08-24,Jeddah Islamic Port → Jubail,Flatbed,C043,4060,true,4790,SAR
O10-C043-40,,2026-08-02,Jeddah Islamic Port → Jubail,Flatbed,C043,4195,true,4810,SAR
O10-C043-41,,2026-09-01,Jeddah Islamic Port → Jubail,Flatbed,C043,4095,true,4955,SAR
O10-C043-42,,2026-08-13,Jeddah Islamic Port → Jubail,Flatbed,C043,4130,true,4830,SAR
O10-C043-43,,2026-06-26,Jeddah Islamic Port → Jubail,Flatbed,C043,4115,true,4785,SAR
O10-C043-44,,2026-08-22,Jeddah Islamic Port → Jubail,Flatbed,C043,4130,true,4850,SAR
O10-C043-45,,2026-08-30,Jeddah Islamic Port → Jubail,Flatbed,C043,4180,false,4990,SAR
O10-C043-46,,2026-07-22,Jeddah Islamic Port → Jubail,Flatbed,C043,4120,true,4995,SAR
O10-C043-47,,2026-08-09,Jeddah Islamic Port → Jubail,Flatbed,C043,4170,true,4810,SAR
O10-C043-48,,2026-07-10,Jeddah Islamic Port → Jubail,Flatbed,C043,4385,true,4870,SAR
O10-C043-49,,2026-09-02,Jeddah Islamic Port → Jubail,Flatbed,C043,4515,true,4905,SAR
O10-C043-50,,2026-08-24,Jeddah Islamic Port → Jubail,Flatbed,C043,4320,true,4940,SAR
O10-C043-51,,2026-07-28,Jeddah Islamic Port → Jubail,Flatbed,C043,4330,false,5000,SAR
O10-C043-52,,2026-08-11,Jeddah Islamic Port → Jubail,Flatbed,C043,4390,true,4890,SAR
O10-C043-53,,2026-08-27,Jeddah Islamic Port → Jubail,Flatbed,C043,4530,true,4950,SAR
O10-C043-54,,2026-06-27,Jeddah Islamic Port → Jubail,Flatbed,C043,4475,true,4810,SAR
O10-C043-55,,2026-09-03,Jeddah Islamic Port → Jubail,Flatbed,C043,4365,true,4990,SAR
O10-C043-56,,2026-08-10,Jeddah Islamic Port → Jubail,Flatbed,C043,4570,true,4945,SAR
O10-C043-57,,2026-07-31,Jeddah Islamic Port → Jubail,Flatbed,C043,4585,true,4915,SAR
O10-C043-58,,2026-08-12,Jeddah Islamic Port → Jubail,Flatbed,C043,4465,true,4920,SAR
O10-C043-59,,2026-09-05,Jeddah Islamic Port → Jubail,Flatbed,C043,4520,true,4820,SAR
O10-C043-60,,2026-06-25,Jeddah Islamic Port → Jubail,Flatbed,C043,4415,true,4865,SAR
O10-C043-61,,2026-08-27,Jeddah Islamic Port → Jubail,Flatbed,C043,4365,true,4995,SAR
O10-C043-62,,2026-08-18,Jeddah Islamic Port → Jubail,Flatbed,C043,4510,true,4800,SAR
O10-C043-63,,2026-06-17,Jeddah Islamic Port → Jubail,Flatbed,C043,4435,true,4825,SAR
O10-C044-0,,2026-08-04,Jeddah Islamic Port → Jubail,Flatbed,C044,3760,true,4810,SAR
O10-C044-1,,2026-08-14,Jeddah Islamic Port → Jubail,Flatbed,C044,3845,false,4905,SAR
O10-C044-2,,2026-08-14,Jeddah Islamic Port → Jubail,Flatbed,C044,3750,false,4810,SAR
O10-C044-3,,2026-07-09,Jeddah Islamic Port → Jubail,Flatbed,C044,3770,true,4990,SAR
O10-C044-4,,2026-08-26,Jeddah Islamic Port → Jubail,Flatbed,C044,3870,false,4965,SAR
O10-C044-5,,2026-09-04,Jeddah Islamic Port → Jubail,Flatbed,C044,3860,true,4790,SAR
O10-C044-6,,2026-07-20,Jeddah Islamic Port → Jubail,Flatbed,C044,3815,false,4980,SAR
O10-C044-7,,2026-08-14,Jeddah Islamic Port → Jubail,Flatbed,C044,3770,true,4995,SAR
O10-C044-8,,2026-08-28,Jeddah Islamic Port → Jubail,Flatbed,C044,3870,false,4910,SAR
O10-C044-9,,2026-07-12,Jeddah Islamic Port → Jubail,Flatbed,C044,3750,false,4990,SAR
O10-C044-10,,2026-08-14,Jeddah Islamic Port → Jubail,Flatbed,C044,3755,false,4800,SAR
O10-C044-11,,2026-08-30,Jeddah Islamic Port → Jubail,Flatbed,C044,3845,false,4885,SAR
O10-C044-12,,2026-07-12,Jeddah Islamic Port → Jubail,Flatbed,C044,3815,true,4845,SAR
O10-C044-13,,2026-08-27,Jeddah Islamic Port → Jubail,Flatbed,C044,3785,false,4790,SAR
O10-C044-14,,2026-08-23,Jeddah Islamic Port → Jubail,Flatbed,C044,3845,true,4995,SAR
O10-C044-15,,2026-08-06,Jeddah Islamic Port → Jubail,Flatbed,C044,3860,false,4815,SAR
O10-C044-16,,2026-08-06,Jeddah Islamic Port → Jubail,Flatbed,C044,4055,true,4880,SAR
O10-C044-17,,2026-08-23,Jeddah Islamic Port → Jubail,Flatbed,C044,4175,true,4960,SAR
O10-C044-18,,2026-08-26,Jeddah Islamic Port → Jubail,Flatbed,C044,4095,true,4815,SAR
O10-C044-19,,2026-06-25,Jeddah Islamic Port → Jubail,Flatbed,C044,4165,true,4855,SAR
O10-C044-20,,2026-08-14,Jeddah Islamic Port → Jubail,Flatbed,C044,4170,true,4990,SAR
O10-C044-21,,2026-08-14,Jeddah Islamic Port → Jubail,Flatbed,C044,4130,true,4785,SAR
O10-C044-22,,2026-07-11,Jeddah Islamic Port → Jubail,Flatbed,C044,4170,true,4960,SAR
O10-C044-23,,2026-08-13,Jeddah Islamic Port → Jubail,Flatbed,C044,4160,true,4785,SAR
O10-C044-24,,2026-08-24,Jeddah Islamic Port → Jubail,Flatbed,C044,4180,true,4965,SAR
O10-C044-25,,2026-07-05,Jeddah Islamic Port → Jubail,Flatbed,C044,4090,true,4840,SAR
O10-C044-26,,2026-08-28,Jeddah Islamic Port → Jubail,Flatbed,C044,4130,true,4955,SAR
O10-C044-27,,2026-08-30,Jeddah Islamic Port → Jubail,Flatbed,C044,4070,true,4835,SAR
O10-C044-28,,2026-07-28,Jeddah Islamic Port → Jubail,Flatbed,C044,4090,true,4935,SAR
O10-C044-29,,2026-08-29,Jeddah Islamic Port → Jubail,Flatbed,C044,4105,true,4795,SAR
O10-C044-30,,2026-09-03,Jeddah Islamic Port → Jubail,Flatbed,C044,4110,true,4925,SAR
O10-C044-31,,2026-07-17,Jeddah Islamic Port → Jubail,Flatbed,C044,4085,true,4805,SAR
O10-C044-32,,2026-08-11,Jeddah Islamic Port → Jubail,Flatbed,C044,4115,true,4915,SAR
O10-C044-33,,2026-08-11,Jeddah Islamic Port → Jubail,Flatbed,C044,4170,true,4995,SAR
O10-C044-34,,2026-08-07,Jeddah Islamic Port → Jubail,Flatbed,C044,4170,true,4960,SAR
O10-C044-35,,2026-09-02,Jeddah Islamic Port → Jubail,Flatbed,C044,4190,true,4920,SAR
O10-C044-36,,2026-08-23,Jeddah Islamic Port → Jubail,Flatbed,C044,4105,true,4835,SAR
O10-C044-37,,2026-07-20,Jeddah Islamic Port → Jubail,Flatbed,C044,4080,true,4910,SAR
O10-C044-38,,2026-08-28,Jeddah Islamic Port → Jubail,Flatbed,C044,4135,true,4870,SAR
O10-C044-39,,2026-08-11,Jeddah Islamic Port → Jubail,Flatbed,C044,4125,true,4935,SAR
O10-C044-40,,2026-07-11,Jeddah Islamic Port → Jubail,Flatbed,C044,4180,true,4795,SAR
O10-C044-41,,2026-08-16,Jeddah Islamic Port → Jubail,Flatbed,C044,4180,true,4930,SAR
O10-C044-42,,2026-08-31,Jeddah Islamic Port → Jubail,Flatbed,C044,4170,true,4965,SAR
O10-C044-43,,2026-07-19,Jeddah Islamic Port → Jubail,Flatbed,C044,4145,false,4880,SAR
O10-C044-44,,2026-09-05,Jeddah Islamic Port → Jubail,Flatbed,C044,4095,true,4830,SAR
O10-C044-45,,2026-08-19,Jeddah Islamic Port → Jubail,Flatbed,C044,4200,true,4840,SAR
O10-C044-46,,2026-06-10,Jeddah Islamic Port → Jubail,Flatbed,C044,4140,true,4990,SAR
O10-C044-47,,2026-09-03,Jeddah Islamic Port → Jubail,Flatbed,C044,4090,true,4785,SAR
O10-C044-48,,2026-08-07,Jeddah Islamic Port → Jubail,Flatbed,C044,4520,true,4945,SAR
O10-C044-49,,2026-09-01,Jeddah Islamic Port → Jubail,Flatbed,C044,4535,true,4985,SAR
O10-C044-50,,2026-08-23,Jeddah Islamic Port → Jubail,Flatbed,C044,4340,true,4925,SAR
O10-C044-51,,2026-07-01,Jeddah Islamic Port → Jubail,Flatbed,C044,4360,true,4855,SAR
O10-C044-52,,2026-08-11,Jeddah Islamic Port → Jubail,Flatbed,C044,4390,true,4995,SAR
O10-C044-53,,2026-08-30,Jeddah Islamic Port → Jubail,Flatbed,C044,4350,true,4950,SAR
O10-C044-54,,2026-07-15,Jeddah Islamic Port → Jubail,Flatbed,C044,4355,true,4965,SAR
O10-C044-55,,2026-08-31,Jeddah Islamic Port → Jubail,Flatbed,C044,4580,true,4800,SAR
O10-C044-56,,2026-08-10,Jeddah Islamic Port → Jubail,Flatbed,C044,4555,true,4955,SAR
O10-C044-57,,2026-07-22,Jeddah Islamic Port → Jubail,Flatbed,C044,4490,true,4955,SAR
O10-C044-58,,2026-09-04,Jeddah Islamic Port → Jubail,Flatbed,C044,4370,true,4810,SAR
O10-C044-59,,2026-08-16,Jeddah Islamic Port → Jubail,Flatbed,C044,4335,false,4850,SAR
O10-C044-60,,2026-06-18,Jeddah Islamic Port → Jubail,Flatbed,C044,4510,true,4965,SAR
O10-C044-61,,2026-08-09,Jeddah Islamic Port → Jubail,Flatbed,C044,4440,true,4885,SAR
O10-C044-62,,2026-08-16,Jeddah Islamic Port → Jubail,Flatbed,C044,4330,true,4825,SAR
O10-C044-63,,2026-07-03,Jeddah Islamic Port → Jubail,Flatbed,C044,4405,true,4845,SAR
O10-C029-0,,2026-06-29,Jeddah Islamic Port → Jubail,Flatbed,C029,3825,false,4875,SAR
O10-C029-1,,2026-09-02,Jeddah Islamic Port → Jubail,Flatbed,C029,3760,true,4955,SAR
O10-C029-2,,2026-08-21,Jeddah Islamic Port → Jubail,Flatbed,C029,3750,true,4905,SAR
O10-C029-3,,2026-07-03,Jeddah Islamic Port → Jubail,Flatbed,C029,3795,false,4885,SAR
O10-C029-4,,2026-09-03,Jeddah Islamic Port → Jubail,Flatbed,C029,3850,false,4840,SAR
O10-C029-5,,2026-08-14,Jeddah Islamic Port → Jubail,Flatbed,C029,3765,false,4965,SAR
O10-C029-6,,2026-07-27,Jeddah Islamic Port → Jubail,Flatbed,C029,3805,true,4965,SAR
O10-C029-7,,2026-09-06,Jeddah Islamic Port → Jubail,Flatbed,C029,3785,false,4795,SAR
O10-C029-8,,2026-08-28,Jeddah Islamic Port → Jubail,Flatbed,C029,3840,false,4915,SAR
O10-C029-9,,2026-06-25,Jeddah Islamic Port → Jubail,Flatbed,C029,3760,false,4815,SAR
O10-C029-10,,2026-09-04,Jeddah Islamic Port → Jubail,Flatbed,C029,3835,false,4930,SAR
O10-C029-11,,2026-08-24,Jeddah Islamic Port → Jubail,Flatbed,C029,3755,false,4965,SAR
O10-C029-12,,2026-07-15,Jeddah Islamic Port → Jubail,Flatbed,C029,3790,true,4905,SAR
O10-C029-13,,2026-08-12,Jeddah Islamic Port → Jubail,Flatbed,C029,3760,true,4800,SAR
O10-C029-14,,2026-08-18,Jeddah Islamic Port → Jubail,Flatbed,C029,3855,false,4795,SAR
O10-C029-15,,2026-07-22,Jeddah Islamic Port → Jubail,Flatbed,C029,3755,false,4995,SAR
O10-C029-16,,2026-07-08,Jeddah Islamic Port → Jubail,Flatbed,C029,4055,true,4865,SAR
O10-C029-17,,2026-09-02,Jeddah Islamic Port → Jubail,Flatbed,C029,4085,true,4840,SAR
O10-C029-18,,2026-09-05,Jeddah Islamic Port → Jubail,Flatbed,C029,4100,true,4890,SAR
O10-C029-19,,2026-07-02,Jeddah Islamic Port → Jubail,Flatbed,C029,4065,true,4805,SAR
O10-C029-20,,2026-09-01,Jeddah Islamic Port → Jubail,Flatbed,C029,4170,true,4900,SAR
O10-C029-21,,2026-08-25,Jeddah Islamic Port → Jubail,Flatbed,C029,4120,true,4890,SAR
O10-C029-22,,2026-06-25,Jeddah Islamic Port → Jubail,Flatbed,C029,4095,true,4815,SAR
O10-C029-23,,2026-08-10,Jeddah Islamic Port → Jubail,Flatbed,C029,4035,true,4905,SAR
O10-C029-24,,2026-09-06,Jeddah Islamic Port → Jubail,Flatbed,C029,4090,true,4835,SAR
O10-C029-25,,2026-07-03,Jeddah Islamic Port → Jubail,Flatbed,C029,4105,true,5000,SAR
O10-C029-26,,2026-08-09,Jeddah Islamic Port → Jubail,Flatbed,C029,4040,true,4825,SAR
O10-C029-27,,2026-09-05,Jeddah Islamic Port → Jubail,Flatbed,C029,4095,true,4830,SAR
O10-C029-28,,2026-06-28,Jeddah Islamic Port → Jubail,Flatbed,C029,4140,true,4970,SAR
O10-C029-29,,2026-09-05,Jeddah Islamic Port → Jubail,Flatbed,C029,4165,true,4925,SAR
O10-C029-30,,2026-09-03,Jeddah Islamic Port → Jubail,Flatbed,C029,4095,true,4910,SAR
O10-C029-31,,2026-07-07,Jeddah Islamic Port → Jubail,Flatbed,C029,4130,true,4915,SAR
O10-C029-32,,2026-08-27,Jeddah Islamic Port → Jubail,Flatbed,C029,4160,false,4945,SAR
O10-C029-33,,2026-08-15,Jeddah Islamic Port → Jubail,Flatbed,C029,4105,true,4925,SAR
O10-C029-34,,2026-06-29,Jeddah Islamic Port → Jubail,Flatbed,C029,4060,true,4815,SAR
O10-C029-35,,2026-09-03,Jeddah Islamic Port → Jubail,Flatbed,C029,4135,true,4815,SAR
O10-C029-36,,2026-08-17,Jeddah Islamic Port → Jubail,Flatbed,C029,4050,true,4965,SAR
O10-C029-37,,2026-07-04,Jeddah Islamic Port → Jubail,Flatbed,C029,4170,true,4790,SAR
O10-C029-38,,2026-09-01,Jeddah Islamic Port → Jubail,Flatbed,C029,4120,true,4875,SAR
O10-C029-39,,2026-08-14,Jeddah Islamic Port → Jubail,Flatbed,C029,4055,true,4785,SAR
O10-C029-40,,2026-06-20,Jeddah Islamic Port → Jubail,Flatbed,C029,4125,true,4870,SAR
O10-C029-41,,2026-09-04,Jeddah Islamic Port → Jubail,Flatbed,C029,4170,true,4950,SAR
O10-C029-42,,2026-08-26,Jeddah Islamic Port → Jubail,Flatbed,C029,4165,true,4975,SAR
O10-C029-43,,2026-06-14,Jeddah Islamic Port → Jubail,Flatbed,C029,4045,true,4990,SAR
O10-C029-44,,2026-08-10,Jeddah Islamic Port → Jubail,Flatbed,C029,4080,true,4890,SAR
O10-C029-45,,2026-09-06,Jeddah Islamic Port → Jubail,Flatbed,C029,4055,true,4840,SAR
O10-C029-46,,2026-08-05,Jeddah Islamic Port → Jubail,Flatbed,C029,4115,true,4915,SAR
O10-C029-47,,2026-08-29,Jeddah Islamic Port → Jubail,Flatbed,C029,4135,true,4920,SAR
O10-C029-48,,2026-06-30,Jeddah Islamic Port → Jubail,Flatbed,C029,4375,true,4885,SAR
O10-C029-49,,2026-08-24,Jeddah Islamic Port → Jubail,Flatbed,C029,4420,true,4840,SAR
O10-C029-50,,2026-08-15,Jeddah Islamic Port → Jubail,Flatbed,C029,4425,true,4925,SAR
O10-C029-51,,2026-07-26,Jeddah Islamic Port → Jubail,Flatbed,C029,4485,true,4990,SAR
O10-C029-52,,2026-08-22,Jeddah Islamic Port → Jubail,Flatbed,C029,4505,true,4785,SAR
O10-C029-53,,2026-08-17,Jeddah Islamic Port → Jubail,Flatbed,C029,4570,false,4835,SAR
O10-C029-54,,2026-07-19,Jeddah Islamic Port → Jubail,Flatbed,C029,4505,true,4920,SAR
O10-C029-55,,2026-08-19,Jeddah Islamic Port → Jubail,Flatbed,C029,4550,true,4910,SAR
O10-C029-56,,2026-09-04,Jeddah Islamic Port → Jubail,Flatbed,C029,4510,true,4850,SAR
O10-C029-57,,2026-06-14,Jeddah Islamic Port → Jubail,Flatbed,C029,4430,true,4990,SAR
O10-C029-58,,2026-08-29,Jeddah Islamic Port → Jubail,Flatbed,C029,4445,true,4915,SAR
O10-C029-59,,2026-09-06,Jeddah Islamic Port → Jubail,Flatbed,C029,4390,true,4975,SAR
O10-C029-60,,2026-07-06,Jeddah Islamic Port → Jubail,Flatbed,C029,4400,true,4800,SAR
O10-C029-61,,2026-09-02,Jeddah Islamic Port → Jubail,Flatbed,C029,4410,true,4850,SAR
O10-C029-62,,2026-08-14,Jeddah Islamic Port → Jubail,Flatbed,C029,4505,true,4790,SAR
O10-C029-63,,2026-07-03,Jeddah Islamic Port → Jubail,Flatbed,C029,4435,true,4790,SAR
O11-C045-0,,2026-06-09,Tabuk → NEOM Region,Lowbed,C045,2485,true,3400,SAR
O11-C045-1,,2026-08-14,Tabuk → NEOM Region,Lowbed,C045,2550,false,3420,SAR
O11-C045-2,,2026-09-03,Tabuk → NEOM Region,Lowbed,C045,2470,false,3335,SAR
O11-C045-3,,2026-07-16,Tabuk → NEOM Region,Lowbed,C045,2520,false,3310,SAR
O11-C045-4,,2026-08-28,Tabuk → NEOM Region,Lowbed,C045,2495,false,3360,SAR
O11-C045-5,,2026-08-19,Tabuk → NEOM Region,Lowbed,C045,2475,false,3415,SAR
O11-C045-6,,2026-07-22,Tabuk → NEOM Region,Lowbed,C045,2525,true,3335,SAR
O11-C045-7,,2026-08-20,Tabuk → NEOM Region,Lowbed,C045,2495,false,3315,SAR
O11-C045-8,,2026-08-13,Tabuk → NEOM Region,Lowbed,C045,2530,false,3285,SAR
O11-C045-9,,2026-08-05,Tabuk → NEOM Region,Lowbed,C045,2550,true,3300,SAR
O11-C045-10,,2026-08-09,Tabuk → NEOM Region,Lowbed,C045,2525,true,3390,SAR
O11-C045-11,,2026-09-02,Tabuk → NEOM Region,Lowbed,C045,2505,true,3325,SAR
O11-C045-12,,2026-07-13,Tabuk → NEOM Region,Lowbed,C045,2520,false,3335,SAR
O11-C045-13,,2026-08-13,Tabuk → NEOM Region,Lowbed,C045,2535,false,3315,SAR
O11-C045-14,,2026-08-27,Tabuk → NEOM Region,Lowbed,C045,2530,false,3305,SAR
O11-C045-15,,2026-06-12,Tabuk → NEOM Region,Lowbed,C045,2535,false,3385,SAR
O11-C045-16,,2026-06-23,Tabuk → NEOM Region,Lowbed,C045,2730,true,3425,SAR
O11-C045-17,,2026-08-13,Tabuk → NEOM Region,Lowbed,C045,2760,true,3395,SAR
O11-C045-18,,2026-08-21,Tabuk → NEOM Region,Lowbed,C045,2730,true,3350,SAR
O11-C045-19,,2026-07-26,Tabuk → NEOM Region,Lowbed,C045,2735,true,3375,SAR
O11-C045-20,,2026-08-24,Tabuk → NEOM Region,Lowbed,C045,2705,true,3375,SAR
O11-C045-21,,2026-08-27,Tabuk → NEOM Region,Lowbed,C045,2745,true,3325,SAR
O11-C045-22,,2026-06-11,Tabuk → NEOM Region,Lowbed,C045,2720,true,3360,SAR
O11-C045-23,,2026-08-27,Tabuk → NEOM Region,Lowbed,C045,2735,true,3420,SAR
O11-C045-24,,2026-08-12,Tabuk → NEOM Region,Lowbed,C045,2695,true,3295,SAR
O11-C045-25,,2026-07-28,Tabuk → NEOM Region,Lowbed,C045,2730,true,3335,SAR
O11-C045-26,,2026-08-11,Tabuk → NEOM Region,Lowbed,C045,2735,true,3375,SAR
O11-C045-27,,2026-08-15,Tabuk → NEOM Region,Lowbed,C045,2745,true,3290,SAR
O11-C045-28,,2026-06-17,Tabuk → NEOM Region,Lowbed,C045,2725,true,3405,SAR
O11-C045-29,,2026-08-12,Tabuk → NEOM Region,Lowbed,C045,2670,false,3335,SAR
O11-C045-30,,2026-08-18,Tabuk → NEOM Region,Lowbed,C045,2700,true,3420,SAR
O11-C045-31,,2026-06-18,Tabuk → NEOM Region,Lowbed,C045,2700,true,3295,SAR
O11-C045-32,,2026-09-05,Tabuk → NEOM Region,Lowbed,C045,2695,true,3375,SAR
O11-C045-33,,2026-09-01,Tabuk → NEOM Region,Lowbed,C045,2720,true,3375,SAR
O11-C045-34,,2026-06-12,Tabuk → NEOM Region,Lowbed,C045,2695,true,3345,SAR
O11-C045-35,,2026-08-21,Tabuk → NEOM Region,Lowbed,C045,2685,true,3300,SAR
O11-C045-36,,2026-08-29,Tabuk → NEOM Region,Lowbed,C045,2730,true,3420,SAR
O11-C045-37,,2026-07-17,Tabuk → NEOM Region,Lowbed,C045,2695,true,3360,SAR
O11-C045-38,,2026-08-14,Tabuk → NEOM Region,Lowbed,C045,2755,true,3315,SAR
O11-C045-39,,2026-08-25,Tabuk → NEOM Region,Lowbed,C045,2700,true,3320,SAR
O11-C045-40,,2026-07-11,Tabuk → NEOM Region,Lowbed,C045,2670,true,3360,SAR
O11-C045-41,,2026-09-02,Tabuk → NEOM Region,Lowbed,C045,2725,false,3345,SAR
O11-C045-42,,2026-08-09,Tabuk → NEOM Region,Lowbed,C045,2740,true,3400,SAR
O11-C045-43,,2026-07-20,Tabuk → NEOM Region,Lowbed,C045,2745,true,3390,SAR
O11-C045-44,,2026-09-01,Tabuk → NEOM Region,Lowbed,C045,2745,false,3400,SAR
O11-C045-45,,2026-08-23,Tabuk → NEOM Region,Lowbed,C045,2675,true,3310,SAR
O11-C045-46,,2026-07-31,Tabuk → NEOM Region,Lowbed,C045,2760,true,3340,SAR
O11-C045-47,,2026-09-04,Tabuk → NEOM Region,Lowbed,C045,2720,true,3295,SAR
O11-C045-48,,2026-07-02,Tabuk → NEOM Region,Lowbed,C045,2845,true,3360,SAR
O11-C045-49,,2026-08-13,Tabuk → NEOM Region,Lowbed,C045,3005,true,3305,SAR
O11-C045-50,,2026-08-19,Tabuk → NEOM Region,Lowbed,C045,2935,true,3420,SAR
O11-C045-51,,2026-06-26,Tabuk → NEOM Region,Lowbed,C045,2930,true,3290,SAR
O11-C045-52,,2026-09-03,Tabuk → NEOM Region,Lowbed,C045,3010,true,3365,SAR
O11-C045-53,,2026-08-13,Tabuk → NEOM Region,Lowbed,C045,2890,true,3290,SAR
O11-C045-54,,2026-07-30,Tabuk → NEOM Region,Lowbed,C045,2940,true,3330,SAR
O11-C045-55,,2026-09-03,Tabuk → NEOM Region,Lowbed,C045,2960,true,3425,SAR
O11-C045-56,,2026-08-29,Tabuk → NEOM Region,Lowbed,C045,3015,false,3370,SAR
O11-C045-57,,2026-07-11,Tabuk → NEOM Region,Lowbed,C045,2905,true,3360,SAR
O11-C045-58,,2026-08-25,Tabuk → NEOM Region,Lowbed,C045,3000,true,3410,SAR
O11-C045-59,,2026-08-31,Tabuk → NEOM Region,Lowbed,C045,2975,true,3315,SAR
O11-C045-60,,2026-06-21,Tabuk → NEOM Region,Lowbed,C045,2975,true,3375,SAR
O11-C045-61,,2026-09-01,Tabuk → NEOM Region,Lowbed,C045,2890,true,3430,SAR
O11-C045-62,,2026-09-02,Tabuk → NEOM Region,Lowbed,C045,2995,true,3380,SAR
O11-C045-63,,2026-06-18,Tabuk → NEOM Region,Lowbed,C045,2915,false,3415,SAR
O11-C046-0,,2026-06-10,Tabuk → NEOM Region,Lowbed,C046,2520,true,3380,SAR
O11-C046-1,,2026-08-22,Tabuk → NEOM Region,Lowbed,C046,2520,false,3370,SAR
O11-C046-2,,2026-08-18,Tabuk → NEOM Region,Lowbed,C046,2465,false,3300,SAR
O11-C046-3,,2026-08-06,Tabuk → NEOM Region,Lowbed,C046,2465,false,3405,SAR
O11-C046-4,,2026-08-26,Tabuk → NEOM Region,Lowbed,C046,2495,true,3425,SAR
O11-C046-5,,2026-08-25,Tabuk → NEOM Region,Lowbed,C046,2535,true,3345,SAR
O11-C046-6,,2026-07-27,Tabuk → NEOM Region,Lowbed,C046,2465,false,3375,SAR
O11-C046-7,,2026-09-06,Tabuk → NEOM Region,Lowbed,C046,2495,false,3420,SAR
O11-C046-8,,2026-08-16,Tabuk → NEOM Region,Lowbed,C046,2455,false,3285,SAR
O11-C046-9,,2026-07-21,Tabuk → NEOM Region,Lowbed,C046,2540,false,3355,SAR
O11-C046-10,,2026-08-22,Tabuk → NEOM Region,Lowbed,C046,2465,false,3340,SAR
O11-C046-11,,2026-08-20,Tabuk → NEOM Region,Lowbed,C046,2450,false,3420,SAR
O11-C046-12,,2026-06-23,Tabuk → NEOM Region,Lowbed,C046,2525,false,3280,SAR
O11-C046-13,,2026-08-16,Tabuk → NEOM Region,Lowbed,C046,2495,true,3410,SAR
O11-C046-14,,2026-08-26,Tabuk → NEOM Region,Lowbed,C046,2475,true,3310,SAR
O11-C046-15,,2026-07-19,Tabuk → NEOM Region,Lowbed,C046,2455,false,3385,SAR
O11-C046-16,,2026-06-28,Tabuk → NEOM Region,Lowbed,C046,2655,true,3405,SAR
O11-C046-17,,2026-08-09,Tabuk → NEOM Region,Lowbed,C046,2700,true,3355,SAR
O11-C046-18,,2026-08-29,Tabuk → NEOM Region,Lowbed,C046,2710,true,3405,SAR
O11-C046-19,,2026-07-25,Tabuk → NEOM Region,Lowbed,C046,2690,true,3410,SAR
O11-C046-20,,2026-08-12,Tabuk → NEOM Region,Lowbed,C046,2730,true,3385,SAR
O11-C046-21,,2026-08-31,Tabuk → NEOM Region,Lowbed,C046,2705,true,3370,SAR
O11-C046-22,,2026-07-26,Tabuk → NEOM Region,Lowbed,C046,2685,true,3325,SAR
O11-C046-23,,2026-08-27,Tabuk → NEOM Region,Lowbed,C046,2670,true,3415,SAR
O11-C046-24,,2026-08-24,Tabuk → NEOM Region,Lowbed,C046,2710,true,3415,SAR
O11-C046-25,,2026-07-13,Tabuk → NEOM Region,Lowbed,C046,2725,true,3300,SAR
O11-C046-26,,2026-08-27,Tabuk → NEOM Region,Lowbed,C046,2700,true,3335,SAR
O11-C046-27,,2026-09-06,Tabuk → NEOM Region,Lowbed,C046,2695,true,3350,SAR
O11-C046-28,,2026-07-25,Tabuk → NEOM Region,Lowbed,C046,2740,true,3365,SAR
O11-C046-29,,2026-08-24,Tabuk → NEOM Region,Lowbed,C046,2675,true,3330,SAR
O11-C046-30,,2026-08-11,Tabuk → NEOM Region,Lowbed,C046,2725,false,3425,SAR
O11-C046-31,,2026-06-28,Tabuk → NEOM Region,Lowbed,C046,2740,true,3345,SAR
O11-C046-32,,2026-08-30,Tabuk → NEOM Region,Lowbed,C046,2720,true,3370,SAR
O11-C046-33,,2026-08-17,Tabuk → NEOM Region,Lowbed,C046,2710,true,3290,SAR
O11-C046-34,,2026-06-22,Tabuk → NEOM Region,Lowbed,C046,2740,true,3395,SAR
O11-C046-35,,2026-08-26,Tabuk → NEOM Region,Lowbed,C046,2675,true,3405,SAR
O11-C046-36,,2026-08-31,Tabuk → NEOM Region,Lowbed,C046,2705,true,3390,SAR
O11-C046-37,,2026-07-22,Tabuk → NEOM Region,Lowbed,C046,2740,false,3350,SAR
O11-C046-38,,2026-08-12,Tabuk → NEOM Region,Lowbed,C046,2655,true,3350,SAR
O11-C046-39,,2026-09-04,Tabuk → NEOM Region,Lowbed,C046,2720,true,3420,SAR
O11-C046-40,,2026-07-16,Tabuk → NEOM Region,Lowbed,C046,2670,true,3315,SAR
O11-C046-41,,2026-08-10,Tabuk → NEOM Region,Lowbed,C046,2680,true,3300,SAR
O11-C046-42,,2026-08-21,Tabuk → NEOM Region,Lowbed,C046,2690,true,3430,SAR
O11-C046-43,,2026-08-06,Tabuk → NEOM Region,Lowbed,C046,2660,true,3380,SAR
O11-C046-44,,2026-08-21,Tabuk → NEOM Region,Lowbed,C046,2670,true,3365,SAR
O11-C046-45,,2026-08-19,Tabuk → NEOM Region,Lowbed,C046,2675,true,3380,SAR
O11-C046-46,,2026-07-19,Tabuk → NEOM Region,Lowbed,C046,2680,true,3320,SAR
O11-C046-47,,2026-08-09,Tabuk → NEOM Region,Lowbed,C046,2685,true,3410,SAR
O11-C046-48,,2026-08-03,Tabuk → NEOM Region,Lowbed,C046,2905,true,3315,SAR
O11-C046-49,,2026-09-02,Tabuk → NEOM Region,Lowbed,C046,2995,true,3320,SAR
O11-C046-50,,2026-08-17,Tabuk → NEOM Region,Lowbed,C046,2905,true,3320,SAR
O11-C046-51,,2026-06-25,Tabuk → NEOM Region,Lowbed,C046,2870,true,3340,SAR
O11-C046-52,,2026-08-21,Tabuk → NEOM Region,Lowbed,C046,2890,false,3290,SAR
O11-C046-53,,2026-08-14,Tabuk → NEOM Region,Lowbed,C046,2980,true,3310,SAR
O11-C046-54,,2026-07-11,Tabuk → NEOM Region,Lowbed,C046,2855,true,3320,SAR
O11-C046-55,,2026-08-28,Tabuk → NEOM Region,Lowbed,C046,2895,true,3295,SAR
O11-C046-56,,2026-08-09,Tabuk → NEOM Region,Lowbed,C046,2950,true,3400,SAR
O11-C046-57,,2026-07-04,Tabuk → NEOM Region,Lowbed,C046,2815,true,3400,SAR
O11-C046-58,,2026-08-09,Tabuk → NEOM Region,Lowbed,C046,2995,true,3310,SAR
O11-C046-59,,2026-08-15,Tabuk → NEOM Region,Lowbed,C046,2880,true,3285,SAR
O11-C046-60,,2026-07-07,Tabuk → NEOM Region,Lowbed,C046,2955,true,3385,SAR
O11-C046-61,,2026-08-18,Tabuk → NEOM Region,Lowbed,C046,2945,true,3415,SAR
O11-C046-62,,2026-08-10,Tabuk → NEOM Region,Lowbed,C046,2895,true,3390,SAR
O11-C046-63,,2026-07-14,Tabuk → NEOM Region,Lowbed,C046,2880,true,3320,SAR
O11-C047-0,,2026-06-23,Tabuk → NEOM Region,Lowbed,C047,2495,false,3320,SAR
O11-C047-1,,2026-08-25,Tabuk → NEOM Region,Lowbed,C047,2460,true,3340,SAR
O11-C047-2,,2026-08-19,Tabuk → NEOM Region,Lowbed,C047,2510,true,3355,SAR
O11-C047-3,,2026-07-19,Tabuk → NEOM Region,Lowbed,C047,2470,false,3380,SAR
O11-C047-4,,2026-08-11,Tabuk → NEOM Region,Lowbed,C047,2515,false,3290,SAR
O11-C047-5,,2026-08-29,Tabuk → NEOM Region,Lowbed,C047,2515,false,3340,SAR
O11-C047-6,,2026-07-04,Tabuk → NEOM Region,Lowbed,C047,2510,false,3405,SAR
O11-C047-7,,2026-08-19,Tabuk → NEOM Region,Lowbed,C047,2525,false,3430,SAR
O11-C047-8,,2026-08-27,Tabuk → NEOM Region,Lowbed,C047,2515,true,3335,SAR
O11-C047-9,,2026-07-24,Tabuk → NEOM Region,Lowbed,C047,2535,false,3300,SAR
O11-C047-10,,2026-08-15,Tabuk → NEOM Region,Lowbed,C047,2535,true,3420,SAR
O11-C047-11,,2026-08-12,Tabuk → NEOM Region,Lowbed,C047,2510,true,3365,SAR
O11-C047-12,,2026-06-13,Tabuk → NEOM Region,Lowbed,C047,2525,false,3300,SAR
O11-C047-13,,2026-08-23,Tabuk → NEOM Region,Lowbed,C047,2505,false,3415,SAR
O11-C047-14,,2026-08-26,Tabuk → NEOM Region,Lowbed,C047,2455,false,3395,SAR
O11-C047-15,,2026-07-18,Tabuk → NEOM Region,Lowbed,C047,2470,false,3290,SAR
O11-C047-16,,2026-06-27,Tabuk → NEOM Region,Lowbed,C047,2730,true,3360,SAR
O11-C047-17,,2026-08-24,Tabuk → NEOM Region,Lowbed,C047,2660,true,3390,SAR
O11-C047-18,,2026-08-20,Tabuk → NEOM Region,Lowbed,C047,2735,true,3320,SAR
O11-C047-19,,2026-06-14,Tabuk → NEOM Region,Lowbed,C047,2685,true,3425,SAR
O11-C047-20,,2026-09-04,Tabuk → NEOM Region,Lowbed,C047,2650,true,3350,SAR
O11-C047-21,,2026-08-09,Tabuk → NEOM Region,Lowbed,C047,2725,true,3395,SAR
O11-C047-22,,2026-08-05,Tabuk → NEOM Region,Lowbed,C047,2720,true,3405,SAR
O11-C047-23,,2026-08-09,Tabuk → NEOM Region,Lowbed,C047,2725,false,3305,SAR
O11-C047-24,,2026-08-23,Tabuk → NEOM Region,Lowbed,C047,2725,true,3295,SAR
O11-C047-25,,2026-08-07,Tabuk → NEOM Region,Lowbed,C047,2655,true,3425,SAR
O11-C047-26,,2026-08-29,Tabuk → NEOM Region,Lowbed,C047,2665,false,3300,SAR
O11-C047-27,,2026-08-26,Tabuk → NEOM Region,Lowbed,C047,2735,true,3405,SAR
O11-C047-28,,2026-07-22,Tabuk → NEOM Region,Lowbed,C047,2705,true,3415,SAR
O11-C047-29,,2026-09-03,Tabuk → NEOM Region,Lowbed,C047,2695,true,3425,SAR
O11-C047-30,,2026-08-09,Tabuk → NEOM Region,Lowbed,C047,2650,true,3425,SAR
O11-C047-31,,2026-07-02,Tabuk → NEOM Region,Lowbed,C047,2675,true,3310,SAR
O11-C047-32,,2026-09-06,Tabuk → NEOM Region,Lowbed,C047,2700,true,3295,SAR
O11-C047-33,,2026-08-11,Tabuk → NEOM Region,Lowbed,C047,2700,true,3305,SAR
O11-C047-34,,2026-06-12,Tabuk → NEOM Region,Lowbed,C047,2680,true,3280,SAR
O11-C047-35,,2026-08-22,Tabuk → NEOM Region,Lowbed,C047,2700,true,3415,SAR
O11-C047-36,,2026-08-13,Tabuk → NEOM Region,Lowbed,C047,2720,true,3355,SAR
O11-C047-37,,2026-07-10,Tabuk → NEOM Region,Lowbed,C047,2645,true,3385,SAR
O11-C047-38,,2026-08-27,Tabuk → NEOM Region,Lowbed,C047,2700,true,3410,SAR
O11-C047-39,,2026-08-26,Tabuk → NEOM Region,Lowbed,C047,2710,true,3405,SAR
O11-C047-40,,2026-08-01,Tabuk → NEOM Region,Lowbed,C047,2665,true,3340,SAR
O11-C047-41,,2026-08-24,Tabuk → NEOM Region,Lowbed,C047,2660,true,3390,SAR
O11-C047-42,,2026-08-21,Tabuk → NEOM Region,Lowbed,C047,2680,true,3370,SAR
O11-C047-43,,2026-08-06,Tabuk → NEOM Region,Lowbed,C047,2695,true,3305,SAR
O11-C047-44,,2026-08-19,Tabuk → NEOM Region,Lowbed,C047,2710,true,3410,SAR
O11-C047-45,,2026-08-21,Tabuk → NEOM Region,Lowbed,C047,2730,true,3405,SAR
O11-C047-46,,2026-07-01,Tabuk → NEOM Region,Lowbed,C047,2670,true,3415,SAR
O11-C047-47,,2026-09-05,Tabuk → NEOM Region,Lowbed,C047,2730,true,3375,SAR
O11-C047-48,,2026-06-16,Tabuk → NEOM Region,Lowbed,C047,2950,true,3370,SAR
O11-C047-49,,2026-08-15,Tabuk → NEOM Region,Lowbed,C047,2860,true,3350,SAR
O11-C047-50,,2026-09-06,Tabuk → NEOM Region,Lowbed,C047,2980,true,3315,SAR
O11-C047-51,,2026-06-29,Tabuk → NEOM Region,Lowbed,C047,2945,true,3315,SAR
O11-C047-52,,2026-08-10,Tabuk → NEOM Region,Lowbed,C047,2975,true,3305,SAR
O11-C047-53,,2026-08-19,Tabuk → NEOM Region,Lowbed,C047,2865,true,3300,SAR
O11-C047-54,,2026-06-15,Tabuk → NEOM Region,Lowbed,C047,2825,true,3400,SAR
O11-C047-55,,2026-08-29,Tabuk → NEOM Region,Lowbed,C047,2890,true,3390,SAR
O11-C047-56,,2026-08-13,Tabuk → NEOM Region,Lowbed,C047,2935,false,3285,SAR
O11-C047-57,,2026-07-19,Tabuk → NEOM Region,Lowbed,C047,2820,true,3360,SAR
O11-C047-58,,2026-08-31,Tabuk → NEOM Region,Lowbed,C047,2835,true,3305,SAR
O11-C047-59,,2026-08-23,Tabuk → NEOM Region,Lowbed,C047,2910,true,3335,SAR
O11-C047-60,,2026-07-15,Tabuk → NEOM Region,Lowbed,C047,2935,true,3385,SAR
O11-C047-61,,2026-08-21,Tabuk → NEOM Region,Lowbed,C047,2880,true,3290,SAR
O11-C047-62,,2026-08-23,Tabuk → NEOM Region,Lowbed,C047,2980,true,3410,SAR
O11-C047-63,,2026-06-12,Tabuk → NEOM Region,Lowbed,C047,2855,true,3380,SAR
O11-C048-0,,2026-06-23,Tabuk → NEOM Region,Lowbed,C048,2530,true,3385,SAR
O11-C048-1,,2026-08-12,Tabuk → NEOM Region,Lowbed,C048,2500,false,3285,SAR
O11-C048-2,,2026-08-11,Tabuk → NEOM Region,Lowbed,C048,2460,false,3370,SAR
O11-C048-3,,2026-06-20,Tabuk → NEOM Region,Lowbed,C048,2470,false,3375,SAR
O11-C048-4,,2026-08-20,Tabuk → NEOM Region,Lowbed,C048,2505,false,3405,SAR
O11-C048-5,,2026-08-13,Tabuk → NEOM Region,Lowbed,C048,2490,true,3380,SAR
O11-C048-6,,2026-07-20,Tabuk → NEOM Region,Lowbed,C048,2490,false,3325,SAR
O11-C048-7,,2026-08-29,Tabuk → NEOM Region,Lowbed,C048,2450,false,3395,SAR
O11-C048-8,,2026-08-13,Tabuk → NEOM Region,Lowbed,C048,2515,true,3325,SAR
O11-C048-9,,2026-07-12,Tabuk → NEOM Region,Lowbed,C048,2460,true,3320,SAR
O11-C048-10,,2026-08-25,Tabuk → NEOM Region,Lowbed,C048,2530,false,3320,SAR
O11-C048-11,,2026-08-14,Tabuk → NEOM Region,Lowbed,C048,2445,true,3340,SAR
O11-C048-12,,2026-06-15,Tabuk → NEOM Region,Lowbed,C048,2460,false,3420,SAR
O11-C048-13,,2026-08-09,Tabuk → NEOM Region,Lowbed,C048,2530,false,3410,SAR
O11-C048-14,,2026-08-17,Tabuk → NEOM Region,Lowbed,C048,2530,false,3390,SAR
O11-C048-15,,2026-06-16,Tabuk → NEOM Region,Lowbed,C048,2520,false,3290,SAR
O11-C048-16,,2026-07-10,Tabuk → NEOM Region,Lowbed,C048,2690,true,3390,SAR
O11-C048-17,,2026-08-10,Tabuk → NEOM Region,Lowbed,C048,2715,true,3385,SAR
O11-C048-18,,2026-08-23,Tabuk → NEOM Region,Lowbed,C048,2650,true,3350,SAR
O11-C048-19,,2026-07-16,Tabuk → NEOM Region,Lowbed,C048,2690,true,3360,SAR
O11-C048-20,,2026-08-17,Tabuk → NEOM Region,Lowbed,C048,2650,true,3380,SAR
O11-C048-21,,2026-08-23,Tabuk → NEOM Region,Lowbed,C048,2695,true,3295,SAR
O11-C048-22,,2026-08-04,Tabuk → NEOM Region,Lowbed,C048,2735,true,3415,SAR
O11-C048-23,,2026-08-16,Tabuk → NEOM Region,Lowbed,C048,2690,true,3370,SAR
O11-C048-24,,2026-08-15,Tabuk → NEOM Region,Lowbed,C048,2735,true,3350,SAR
O11-C048-25,,2026-06-27,Tabuk → NEOM Region,Lowbed,C048,2685,true,3280,SAR
O11-C048-26,,2026-08-22,Tabuk → NEOM Region,Lowbed,C048,2685,true,3315,SAR
O11-C048-27,,2026-08-29,Tabuk → NEOM Region,Lowbed,C048,2650,true,3335,SAR
O11-C048-28,,2026-07-15,Tabuk → NEOM Region,Lowbed,C048,2705,true,3340,SAR
O11-C048-29,,2026-09-05,Tabuk → NEOM Region,Lowbed,C048,2670,true,3390,SAR
O11-C048-30,,2026-09-04,Tabuk → NEOM Region,Lowbed,C048,2735,true,3325,SAR
O11-C048-31,,2026-07-23,Tabuk → NEOM Region,Lowbed,C048,2690,true,3285,SAR
O11-C048-32,,2026-09-04,Tabuk → NEOM Region,Lowbed,C048,2675,true,3370,SAR
O11-C048-33,,2026-09-05,Tabuk → NEOM Region,Lowbed,C048,2670,false,3390,SAR
O11-C048-34,,2026-07-13,Tabuk → NEOM Region,Lowbed,C048,2655,true,3410,SAR
O11-C048-35,,2026-08-20,Tabuk → NEOM Region,Lowbed,C048,2735,true,3400,SAR
O11-C048-36,,2026-08-23,Tabuk → NEOM Region,Lowbed,C048,2670,true,3370,SAR
O11-C048-37,,2026-07-06,Tabuk → NEOM Region,Lowbed,C048,2735,true,3325,SAR
O11-C048-38,,2026-08-13,Tabuk → NEOM Region,Lowbed,C048,2715,true,3300,SAR
O11-C048-39,,2026-08-28,Tabuk → NEOM Region,Lowbed,C048,2650,true,3345,SAR
O11-C048-40,,2026-06-09,Tabuk → NEOM Region,Lowbed,C048,2730,true,3300,SAR
O11-C048-41,,2026-08-30,Tabuk → NEOM Region,Lowbed,C048,2685,true,3345,SAR
O11-C048-42,,2026-08-29,Tabuk → NEOM Region,Lowbed,C048,2690,true,3415,SAR
O11-C048-43,,2026-07-29,Tabuk → NEOM Region,Lowbed,C048,2725,true,3325,SAR
O11-C048-44,,2026-08-21,Tabuk → NEOM Region,Lowbed,C048,2710,true,3355,SAR
O11-C048-45,,2026-09-03,Tabuk → NEOM Region,Lowbed,C048,2695,true,3310,SAR
O11-C048-46,,2026-06-14,Tabuk → NEOM Region,Lowbed,C048,2665,true,3370,SAR
O11-C048-47,,2026-09-06,Tabuk → NEOM Region,Lowbed,C048,2680,true,3410,SAR
O11-C048-48,,2026-07-07,Tabuk → NEOM Region,Lowbed,C048,2915,true,3330,SAR
O11-C048-49,,2026-09-01,Tabuk → NEOM Region,Lowbed,C048,2900,true,3345,SAR
O11-C048-50,,2026-08-18,Tabuk → NEOM Region,Lowbed,C048,2905,true,3395,SAR
O11-C048-51,,2026-07-21,Tabuk → NEOM Region,Lowbed,C048,2935,true,3425,SAR
O11-C048-52,,2026-09-06,Tabuk → NEOM Region,Lowbed,C048,2945,true,3425,SAR
O11-C048-53,,2026-08-11,Tabuk → NEOM Region,Lowbed,C048,2915,true,3320,SAR
O11-C048-54,,2026-06-20,Tabuk → NEOM Region,Lowbed,C048,2945,true,3370,SAR
O11-C048-55,,2026-08-25,Tabuk → NEOM Region,Lowbed,C048,2890,true,3415,SAR
O11-C048-56,,2026-08-21,Tabuk → NEOM Region,Lowbed,C048,2995,true,3320,SAR
O11-C048-57,,2026-07-25,Tabuk → NEOM Region,Lowbed,C048,2915,true,3315,SAR
O11-C048-58,,2026-08-10,Tabuk → NEOM Region,Lowbed,C048,2865,true,3345,SAR
O11-C048-59,,2026-08-30,Tabuk → NEOM Region,Lowbed,C048,2850,true,3330,SAR
O11-C048-60,,2026-07-22,Tabuk → NEOM Region,Lowbed,C048,2855,true,3395,SAR
O11-C048-61,,2026-08-15,Tabuk → NEOM Region,Lowbed,C048,2850,false,3410,SAR
O11-C048-62,,2026-08-31,Tabuk → NEOM Region,Lowbed,C048,2855,true,3375,SAR
O11-C048-63,,2026-07-20,Tabuk → NEOM Region,Lowbed,C048,2850,true,3300,SAR
O11-C005-0,,2026-06-18,Tabuk → NEOM Region,Lowbed,C005,2460,false,3385,SAR
O11-C005-1,,2026-08-11,Tabuk → NEOM Region,Lowbed,C005,2550,false,3305,SAR
O11-C005-2,,2026-09-03,Tabuk → NEOM Region,Lowbed,C005,2460,false,3420,SAR
O11-C005-3,,2026-06-21,Tabuk → NEOM Region,Lowbed,C005,2535,true,3300,SAR
O11-C005-4,,2026-08-18,Tabuk → NEOM Region,Lowbed,C005,2540,false,3430,SAR
O11-C005-5,,2026-08-28,Tabuk → NEOM Region,Lowbed,C005,2540,true,3420,SAR
O11-C005-6,,2026-06-15,Tabuk → NEOM Region,Lowbed,C005,2485,false,3315,SAR
O11-C005-7,,2026-08-15,Tabuk → NEOM Region,Lowbed,C005,2520,false,3360,SAR
O11-C005-8,,2026-09-02,Tabuk → NEOM Region,Lowbed,C005,2475,true,3325,SAR
O11-C005-9,,2026-07-04,Tabuk → NEOM Region,Lowbed,C005,2500,true,3405,SAR
O11-C005-10,,2026-08-30,Tabuk → NEOM Region,Lowbed,C005,2510,true,3300,SAR
O11-C005-11,,2026-08-18,Tabuk → NEOM Region,Lowbed,C005,2465,false,3320,SAR
O11-C005-12,,2026-08-05,Tabuk → NEOM Region,Lowbed,C005,2500,false,3430,SAR
O11-C005-13,,2026-08-26,Tabuk → NEOM Region,Lowbed,C005,2460,false,3405,SAR
O11-C005-14,,2026-08-13,Tabuk → NEOM Region,Lowbed,C005,2550,false,3385,SAR
O11-C005-15,,2026-06-28,Tabuk → NEOM Region,Lowbed,C005,2520,false,3335,SAR
O11-C005-16,,2026-06-25,Tabuk → NEOM Region,Lowbed,C005,2715,true,3405,SAR
O11-C005-17,,2026-08-26,Tabuk → NEOM Region,Lowbed,C005,2670,false,3355,SAR
O11-C005-18,,2026-08-17,Tabuk → NEOM Region,Lowbed,C005,2665,true,3335,SAR
O11-C005-19,,2026-07-20,Tabuk → NEOM Region,Lowbed,C005,2670,true,3295,SAR
O11-C005-20,,2026-09-02,Tabuk → NEOM Region,Lowbed,C005,2720,true,3375,SAR
O11-C005-21,,2026-08-14,Tabuk → NEOM Region,Lowbed,C005,2695,true,3360,SAR
O11-C005-22,,2026-06-24,Tabuk → NEOM Region,Lowbed,C005,2750,true,3365,SAR
O11-C005-23,,2026-08-18,Tabuk → NEOM Region,Lowbed,C005,2710,true,3300,SAR
O11-C005-24,,2026-09-04,Tabuk → NEOM Region,Lowbed,C005,2680,true,3310,SAR
O11-C005-25,,2026-07-02,Tabuk → NEOM Region,Lowbed,C005,2715,true,3395,SAR
O11-C005-26,,2026-08-31,Tabuk → NEOM Region,Lowbed,C005,2755,true,3340,SAR
O11-C005-27,,2026-08-18,Tabuk → NEOM Region,Lowbed,C005,2750,true,3395,SAR
O11-C005-28,,2026-07-24,Tabuk → NEOM Region,Lowbed,C005,2745,true,3310,SAR
O11-C005-29,,2026-08-26,Tabuk → NEOM Region,Lowbed,C005,2700,true,3360,SAR
O11-C005-30,,2026-08-19,Tabuk → NEOM Region,Lowbed,C005,2695,true,3400,SAR
O11-C005-31,,2026-07-01,Tabuk → NEOM Region,Lowbed,C005,2705,true,3385,SAR
O11-C005-32,,2026-09-05,Tabuk → NEOM Region,Lowbed,C005,2670,true,3410,SAR
O11-C005-33,,2026-08-26,Tabuk → NEOM Region,Lowbed,C005,2720,true,3390,SAR
O11-C005-34,,2026-08-05,Tabuk → NEOM Region,Lowbed,C005,2665,true,3300,SAR
O11-C005-35,,2026-08-28,Tabuk → NEOM Region,Lowbed,C005,2720,true,3395,SAR
O11-C005-36,,2026-08-25,Tabuk → NEOM Region,Lowbed,C005,2750,true,3390,SAR
O11-C005-37,,2026-06-22,Tabuk → NEOM Region,Lowbed,C005,2730,true,3350,SAR
O11-C005-38,,2026-08-13,Tabuk → NEOM Region,Lowbed,C005,2725,true,3430,SAR
O11-C005-39,,2026-08-10,Tabuk → NEOM Region,Lowbed,C005,2665,true,3290,SAR
O11-C005-40,,2026-06-09,Tabuk → NEOM Region,Lowbed,C005,2750,true,3350,SAR
O11-C005-41,,2026-08-16,Tabuk → NEOM Region,Lowbed,C005,2715,true,3285,SAR
O11-C005-42,,2026-08-14,Tabuk → NEOM Region,Lowbed,C005,2695,true,3410,SAR
O11-C005-43,,2026-07-15,Tabuk → NEOM Region,Lowbed,C005,2705,true,3395,SAR
O11-C005-44,,2026-08-22,Tabuk → NEOM Region,Lowbed,C005,2680,true,3355,SAR
O11-C005-45,,2026-08-31,Tabuk → NEOM Region,Lowbed,C005,2725,false,3365,SAR
O11-C005-46,,2026-06-22,Tabuk → NEOM Region,Lowbed,C005,2725,true,3345,SAR
O11-C005-47,,2026-09-02,Tabuk → NEOM Region,Lowbed,C005,2700,true,3415,SAR
O11-C005-48,,2026-07-29,Tabuk → NEOM Region,Lowbed,C005,2950,true,3340,SAR
O11-C005-49,,2026-08-14,Tabuk → NEOM Region,Lowbed,C005,2975,false,3385,SAR
O11-C005-50,,2026-08-19,Tabuk → NEOM Region,Lowbed,C005,2870,true,3340,SAR
O11-C005-51,,2026-07-07,Tabuk → NEOM Region,Lowbed,C005,2975,true,3335,SAR
O11-C005-52,,2026-09-05,Tabuk → NEOM Region,Lowbed,C005,2845,true,3285,SAR
O11-C005-53,,2026-09-04,Tabuk → NEOM Region,Lowbed,C005,2920,true,3315,SAR
O11-C005-54,,2026-07-31,Tabuk → NEOM Region,Lowbed,C005,2945,true,3400,SAR
O11-C005-55,,2026-08-13,Tabuk → NEOM Region,Lowbed,C005,2870,true,3395,SAR
O11-C005-56,,2026-08-23,Tabuk → NEOM Region,Lowbed,C005,2945,true,3290,SAR
O11-C005-57,,2026-06-27,Tabuk → NEOM Region,Lowbed,C005,3000,true,3390,SAR
O11-C005-58,,2026-09-05,Tabuk → NEOM Region,Lowbed,C005,2910,true,3390,SAR
O11-C005-59,,2026-08-18,Tabuk → NEOM Region,Lowbed,C005,3000,true,3410,SAR
O11-C005-60,,2026-06-20,Tabuk → NEOM Region,Lowbed,C005,2830,true,3400,SAR
O11-C005-61,,2026-08-19,Tabuk → NEOM Region,Lowbed,C005,2835,true,3325,SAR
O11-C005-62,,2026-08-22,Tabuk → NEOM Region,Lowbed,C005,2870,true,3380,SAR
O11-C005-63,,2026-07-25,Tabuk → NEOM Region,Lowbed,C005,2990,true,3390,SAR
