load_id,date,customer,business_unit,origin,destination,lane,equipment_type,carrier_id,sell_rate,final_buy_rate,fulfilled,pickup_ontime,delivery_ontime,cancelled,failure_reason,currency
H0-0,2026-09-06,Synthetic Customer 1,Ports,Jeddah Islamic Port,Riyadh,Jeddah Islamic Port → Riyadh,Flatbed,C001,1400,1000,false,false,false,true,Cancelled,SAR
H0-1,2026-09-06,Synthetic Customer 2,Ports,Jeddah Islamic Port,Riyadh,Jeddah Islamic Port → Riyadh,Flatbed,C002,1400,1000,false,false,false,true,Cancelled,SAR
H0-2,2026-09-06,Synthetic Customer 3,Ports,Jeddah Islamic Port,Riyadh,Jeddah Islamic Port → Riyadh,Flatbed,C003,1400,1000,false,false,false,true,Cancelled,SAR
H0-3,2026-09-05,Synthetic Customer 4,Ports,Jeddah Islamic Port,Riyadh,Jeddah Islamic Port → Riyadh,Flatbed,C004,1400,1000,false,false,false,true,Cancelled,SAR
H0-4,2026-09-05,Synthetic Customer 5,Ports,Jeddah Islamic Port,Riyadh,Jeddah Islamic Port → Riyadh,Flatbed,C001,1400,1000,true,true,false,false,,SAR
H0-5,2026-09-05,Synthetic Customer 6,Ports,Jeddah Islamic Port,Riyadh,Jeddah Islamic Port → Riyadh,Flatbed,C002,1400,1000,true,true,false,false,,SAR
H0-6,2026-09-04,Synthetic Customer 7,Ports,Jeddah Islamic Port,Riyadh,Jeddah Islamic Port → Riyadh,Flatbed,C003,1400,1000,true,true,false,false,,SAR
H0-7,2026-09-04,Synthetic Customer 1,Ports,Jeddah Islamic Port,Riyadh,Jeddah Islamic Port → Riyadh,Flatbed,C004,1400,1000,true,true,false,false,,SAR
H0-8,2026-09-04,Synthetic Customer 2,Ports,Jeddah Islamic Port,Riyadh,Jeddah Islamic Port → Riyadh,Flatbed,C001,1400,1000,true,true,true,false,,SAR
H0-9,2026-09-03,Synthetic Customer 3,Ports,Jeddah Islamic Port,Riyadh,Jeddah Islamic Port → Riyadh,Flatbed,C002,1400,1000,true,true,true,false,,SAR
H0-10,2026-09-03,Synthetic Customer 4,Ports,Jeddah Islamic Port,Riyadh,Jeddah Islamic Port → Riyadh,Flatbed,C003,1400,1000,true,true,true,false,,SAR
H0-11,2026-09-03,Synthetic Customer 5,Ports,Jeddah Islamic Port,Riyadh,Jeddah Islamic Port → Riyadh,Flatbed,C004,1400,1000,true,true,true,false,,SAR
H0-12,2026-09-02,Synthetic Customer 6,Ports,Jeddah Islamic Port,Riyadh,Jeddah Islamic Port → Riyadh,Flatbed,C001,1400,1000,true,true,true,false,,SAR
H0-13,2026-09-02,Synthetic Customer 7,Ports,Jeddah Islamic Port,Riyadh,Jeddah Islamic Port → Riyadh,Flatbed,C002,1400,1000,true,true,true,false,,SAR
H0-14,2026-09-02,Synthetic Customer 1,Ports,Jeddah Islamic Port,Riyadh,Jeddah Islamic Port → Riyadh,Flatbed,C003,1400,1000,true,true,true,false,,SAR
H0-15,2026-09-01,Synthetic Customer 2,Ports,Jeddah Islamic Port,Riyadh,Jeddah Islamic Port → Riyadh,Flatbed,C004,1400,1000,true,true,true,false,,SAR
H0-16,2026-09-01,Synthetic Customer 3,Ports,Jeddah Islamic Port,Riyadh,Jeddah Islamic Port → Riyadh,Flatbed,C001,1400,1000,true,true,true,false,,SAR
H0-17,2026-09-01,Synthetic Customer 4,Ports,Jeddah Islamic Port,Riyadh,Jeddah Islamic Port → Riyadh,Flatbed,C002,1400,1000,true,true,true,false,,SAR
H0-18,2026-08-31,Synthetic Customer 5,Ports,Jeddah Islamic Port,Riyadh,Jeddah Islamic Port → Riyadh,Flatbed,C003,1400,1000,true,true,true,false,,SAR
H0-19,2026-08-31,Synthetic Customer 6,Ports,Jeddah Islamic Port,Riyadh,Jeddah Islamic Port → Riyadh,Flatbed,C004,1400,1000,true,true,true,false,,SAR
H0-20,2026-08-30,Synthetic Customer 7,Ports,Jeddah Islamic Port,Riyadh,Jeddah Islamic Port → Riyadh,Flatbed,C001,1400,1000,true,true,true,false,,SAR
H0-21,2026-08-30,Synthetic Customer 1,Ports,Jeddah Islamic Port,Riyadh,Jeddah Islamic Port → Riyadh,Flatbed,C002,1400,1000,true,true,true,false,,SAR
H0-22,2026-08-30,Synthetic Customer 2,Ports,Jeddah Islamic Port,Riyadh,Jeddah Islamic Port → Riyadh,Flatbed,C003,1400,1000,true,true,true,false,,SAR
H0-23,2026-08-29,Synthetic Customer 3,Ports,Jeddah Islamic Port,Riyadh,Jeddah Islamic Port → Riyadh,Flatbed,C004,1400,1000,true,true,true,false,,SAR
H0-24,2026-08-29,Synthetic Customer 4,Ports,Jeddah Islamic Port,Riyadh,Jeddah Islamic Port → Riyadh,Flatbed,C001,1400,1000,true,true,true,false,,SAR
H0-25,2026-08-29,Synthetic Customer 5,Ports,Jeddah Islamic Port,Riyadh,Jeddah Islamic Port → Riyadh,Flatbed,C002,1400,1000,true,true,true,false,,SAR
H0-26,2026-08-28,Synthetic Customer 6,Ports,Jeddah Islamic Port,Riyadh,Jeddah Islamic Port → Riyadh,Flatbed,C003,1400,1000,true,true,true,false,,SAR
H0-27,2026-08-28,Synthetic Customer 7,Ports,Jeddah Islamic Port,Riyadh,Jeddah Islamic Port → Riyadh,Flatbed,C004,1400,1000,true,true,true,false,,SAR
H0-28,2026-08-28,Synthetic Customer 1,Ports,Jeddah Islamic Port,Riyadh,Jeddah Islamic Port → Riyadh,Flatbed,C001,1400,1000,true,true,true,false,,SAR
H0-29,2026-08-27,Synthetic Customer 2,Ports,Jeddah Islamic Port,Riyadh,Jeddah Islamic Port → Riyadh,Flatbed,C002,1400,1000,true,true,true,false,,SAR
H0-30,2026-08-27,Synthetic Customer 3,Ports,Jeddah Islamic Port,Riyadh,Jeddah Islamic Port → Riyadh,Flatbed,C003,1400,1000,true,true,true,false,,SAR
H0-31,2026-08-27,Synthetic Customer 4,Ports,Jeddah Islamic Port,Riyadh,Jeddah Islamic Port → Riyadh,Flatbed,C004,1400,1000,true,true,true,false,,SAR
H0-32,2026-08-26,Synthetic Customer 5,Ports,Jeddah Islamic Port,Riyadh,Jeddah Islamic Port → Riyadh,Flatbed,C001,1400,1000,true,true,true,false,,SAR
H0-33,2026-08-26,Synthetic Customer 6,Ports,Jeddah Islamic Port,Riyadh,Jeddah Islamic Port → Riyadh,Flatbed,C002,1400,1000,true,true,true,false,,SAR
H0-34,2026-08-26,Synthetic Customer 7,Ports,Jeddah Islamic Port,Riyadh,Jeddah Islamic Port → Riyadh,Flatbed,C003,1400,1000,true,true,true,false,,SAR
H0-35,2026-08-25,Synthetic Customer 1,Ports,Jeddah Islamic Port,Riyadh,Jeddah Islamic Port → Riyadh,Flatbed,C004,1400,1000,true,true,true,false,,SAR
H0-36,2026-08-25,Synthetic Customer 2,Ports,Jeddah Islamic Port,Riyadh,Jeddah Islamic Port → Riyadh,Flatbed,C001,1400,1000,true,true,true,false,,SAR
H0-37,2026-08-25,Synthetic Customer 3,Ports,Jeddah Islamic Port,Riyadh,Jeddah Islamic Port → Riyadh,Flatbed,C002,1400,1000,true,true,true,false,,SAR
H0-38,2026-08-24,Synthetic Customer 4,Ports,Jeddah Islamic Port,Riyadh,Jeddah Islamic Port → Riyadh,Flatbed,C003,1400,1000,true,true,true,false,,SAR
H0-39,2026-08-24,Synthetic Customer 5,Ports,Jeddah Islamic Port,Riyadh,Jeddah Islamic Port → Riyadh,Flatbed,C004,1400,1000,true,true,true,false,,SAR
H0-40,2026-08-23,Synthetic Customer 6,Ports,Jeddah Islamic Port,Riyadh,Jeddah Islamic Port → Riyadh,Flatbed,C001,1400,1000,true,true,true,false,,SAR
H0-41,2026-08-23,Synthetic Customer 7,Ports,Jeddah Islamic Port,Riyadh,Jeddah Islamic Port → Riyadh,Flatbed,C002,1400,1000,true,true,true,false,,SAR
H0-42,2026-08-23,Synthetic Customer 1,Ports,Jeddah Islamic Port,Riyadh,Jeddah Islamic Port → Riyadh,Flatbed,C003,1400,1000,true,true,true,false,,SAR
H0-43,2026-08-22,Synthetic Customer 2,Ports,Jeddah Islamic Port,Riyadh,Jeddah Islamic Port → Riyadh,Flatbed,C004,1400,1000,true,true,true,false,,SAR
H0-44,2026-08-22,Synthetic Customer 3,Ports,Jeddah Islamic Port,Riyadh,Jeddah Islamic Port → Riyadh,Flatbed,C001,1400,1000,true,true,true,false,,SAR
H0-45,2026-08-22,Synthetic Customer 4,Ports,Jeddah Islamic Port,Riyadh,Jeddah Islamic Port → Riyadh,Flatbed,C002,1400,1000,true,true,true,false,,SAR
H0-46,2026-08-21,Synthetic Customer 5,Ports,Jeddah Islamic Port,Riyadh,Jeddah Islamic Port → Riyadh,Flatbed,C003,1400,1000,true,true,true,false,,SAR
H0-47,2026-08-21,Synthetic Customer 6,Ports,Jeddah Islamic Port,Riyadh,Jeddah Islamic Port → Riyadh,Flatbed,C004,1400,1000,true,true,true,false,,SAR
H0-48,2026-08-21,Synthetic Customer 7,Ports,Jeddah Islamic Port,Riyadh,Jeddah Islamic Port → Riyadh,Flatbed,C001,1400,1000,true,true,true,false,,SAR
H0-49,2026-08-20,Synthetic Customer 1,Ports,Jeddah Islamic Port,Riyadh,Jeddah Islamic Port → Riyadh,Flatbed,C002,1400,1000,true,true,true,false,,SAR
H0-50,2026-08-20,Synthetic Customer 2,Ports,Jeddah Islamic Port,Riyadh,Jeddah Islamic Port → Riyadh,Flatbed,C003,1400,1000,true,true,true,false,,SAR
H0-51,2026-08-20,Synthetic Customer 3,Ports,Jeddah Islamic Port,Riyadh,Jeddah Islamic Port → Riyadh,Flatbed,C004,1400,1000,true,true,true,false,,SAR
H0-52,2026-08-19,Synthetic Customer 4,Ports,Jeddah Islamic Port,Riyadh,Jeddah Islamic Port → Riyadh,Flatbed,C001,1400,1000,true,true,true,false,,SAR
H0-53,2026-08-19,Synthetic Customer 5,Ports,Jeddah Islamic Port,Riyadh,Jeddah Islamic Port → Riyadh,Flatbed,C002,1400,1000,true,true,true,false,,SAR
H0-54,2026-08-19,Synthetic Customer 6,Ports,Jeddah Islamic Port,Riyadh,Jeddah Islamic Port → Riyadh,Flatbed,C003,1400,1000,true,true,true,false,,SAR
H0-55,2026-08-18,Synthetic Customer 7,Ports,Jeddah Islamic Port,Riyadh,Jeddah Islamic Port → Riyadh,Flatbed,C004,1400,1000,true,true,true,false,,SAR
H0-56,2026-08-18,Synthetic Customer 1,Ports,Jeddah Islamic Port,Riyadh,Jeddah Islamic Port → Riyadh,Flatbed,C001,1400,1000,true,true,true,false,,SAR
H0-57,2026-08-18,Synthetic Customer 2,Ports,Jeddah Islamic Port,Riyadh,Jeddah Islamic Port → Riyadh,Flatbed,C002,1400,1000,true,true,true,false,,SAR
H0-58,2026-08-17,Synthetic Customer 3,Ports,Jeddah Islamic Port,Riyadh,Jeddah Islamic Port → Riyadh,Flatbed,C003,1400,1000,true,true,true,false,,SAR
H0-59,2026-08-17,Synthetic Customer 4,Ports,Jeddah Islamic Port,Riyadh,Jeddah Islamic Port → Riyadh,Flatbed,C004,1400,1000,true,true,true,false,,SAR
H0-60,2026-08-16,Synthetic Customer 5,Ports,Jeddah Islamic Port,Riyadh,Jeddah Islamic Port → Riyadh,Flatbed,C001,1400,1000,true,true,true,false,,SAR
H0-61,2026-08-16,Synthetic Customer 6,Ports,Jeddah Islamic Port,Riyadh,Jeddah Islamic Port → Riyadh,Flatbed,C002,1400,1000,true,true,true,false,,SAR
H0-62,2026-08-16,Synthetic Customer 7,Ports,Jeddah Islamic Port,Riyadh,Jeddah Islamic Port → Riyadh,Flatbed,C003,1400,1000,true,true,true,false,,SAR
H0-63,2026-08-15,Synthetic Customer 1,Ports,Jeddah Islamic Port,Riyadh,Jeddah Islamic Port → Riyadh,Flatbed,C004,1400,1000,true,true,true,false,,SAR
H0-64,2026-08-15,Synthetic Customer 2,Ports,Jeddah Islamic Port,Riyadh,Jeddah Islamic Port → Riyadh,Flatbed,C001,1400,1000,true,true,true,false,,SAR
H0-65,2026-08-15,Synthetic Customer 3,Ports,Jeddah Islamic Port,Riyadh,Jeddah Islamic Port → Riyadh,Flatbed,C002,1400,1000,true,true,true,false,,SAR
H0-66,2026-08-14,Synthetic Customer 4,Ports,Jeddah Islamic Port,Riyadh,Jeddah Islamic Port → Riyadh,Flatbed,C003,1400,1000,true,true,true,false,,SAR
H0-67,2026-08-14,Synthetic Customer 5,Ports,Jeddah Islamic Port,Riyadh,Jeddah Islamic Port → Riyadh,Flatbed,C004,1400,1000,true,true,true,false,,SAR
H0-68,2026-08-14,Synthetic Customer 6,Ports,Jeddah Islamic Port,Riyadh,Jeddah Islamic Port → Riyadh,Flatbed,C001,1400,1000,true,true,true,false,,SAR
H0-69,2026-08-13,Synthetic Customer 7,Ports,Jeddah Islamic Port,Riyadh,Jeddah Islamic Port → Riyadh,Flatbed,C002,1400,1000,true,true,true,false,,SAR
H0-70,2026-08-13,Synthetic Customer 1,Ports,Jeddah Islamic Port,Riyadh,Jeddah Islamic Port → Riyadh,Flatbed,C003,1400,1000,true,true,true,false,,SAR
H0-71,2026-08-13,Synthetic Customer 2,Ports,Jeddah Islamic Port,Riyadh,Jeddah Islamic Port → Riyadh,Flatbed,C004,1400,1000,true,true,true,false,,SAR
H0-72,2026-08-12,Synthetic Customer 3,Ports,Jeddah Islamic Port,Riyadh,Jeddah Islamic Port → Riyadh,Flatbed,C001,1400,1000,true,true,true,false,,SAR
H0-73,2026-08-12,Synthetic Customer 4,Ports,Jeddah Islamic Port,Riyadh,Jeddah Islamic Port → Riyadh,Flatbed,C002,1400,1000,true,true,true,false,,SAR
H0-74,2026-08-12,Synthetic Customer 5,Ports,Jeddah Islamic Port,Riyadh,Jeddah Islamic Port → Riyadh,Flatbed,C003,1400,1000,true,true,true,false,,SAR
H0-75,2026-08-11,Synthetic Customer 6,Ports,Jeddah Islamic Port,Riyadh,Jeddah Islamic Port → Riyadh,Flatbed,C004,1400,1000,true,true,true,false,,SAR
H0-76,2026-08-11,Synthetic Customer 7,Ports,Jeddah Islamic Port,Riyadh,Jeddah Islamic Port → Riyadh,Flatbed,C001,1400,1000,true,true,true,false,,SAR
H0-77,2026-08-11,Synthetic Customer 1,Ports,Jeddah Islamic Port,Riyadh,Jeddah Islamic Port → Riyadh,Flatbed,C002,1400,1000,true,true,true,false,,SAR
H0-78,2026-08-10,Synthetic Customer 2,Ports,Jeddah Islamic Port,Riyadh,Jeddah Islamic Port → Riyadh,Flatbed,C003,1400,1000,true,true,true,false,,SAR
H0-79,2026-08-10,Synthetic Customer 3,Ports,Jeddah Islamic Port,Riyadh,Jeddah Islamic Port → Riyadh,Flatbed,C004,1400,1000,true,true,true,false,,SAR
H0-80,2026-08-09,Synthetic Customer 4,Ports,Jeddah Islamic Port,Riyadh,Jeddah Islamic Port → Riyadh,Flatbed,C001,1400,1000,true,true,true,false,,SAR
H0-81,2026-08-09,Synthetic Customer 5,Ports,Jeddah Islamic Port,Riyadh,Jeddah Islamic Port → Riyadh,Flatbed,C002,1400,1000,true,true,true,false,,SAR
H0-82,2026-08-09,Synthetic Customer 6,Ports,Jeddah Islamic Port,Riyadh,Jeddah Islamic Port → Riyadh,Flatbed,C003,1400,1000,true,true,true,false,,SAR
H0-83,2026-08-08,Synthetic Customer 7,Ports,Jeddah Islamic Port,Riyadh,Jeddah Islamic Port → Riyadh,Flatbed,C004,1400,1000,true,true,true,false,,SAR
H0-84,2026-08-08,Synthetic Customer 1,Ports,Jeddah Islamic Port,Riyadh,Jeddah Islamic Port → Riyadh,Flatbed,C001,1400,1000,true,true,true,false,,SAR
H0-85,2026-08-08,Synthetic Customer 2,Ports,Jeddah Islamic Port,Riyadh,Jeddah Islamic Port → Riyadh,Flatbed,C002,1400,1000,true,true,true,false,,SAR
H0-86,2026-08-07,Synthetic Customer 3,Ports,Jeddah Islamic Port,Riyadh,Jeddah Islamic Port → Riyadh,Flatbed,C003,1400,1000,true,true,true,false,,SAR
H0-87,2026-08-07,Synthetic Customer 4,Ports,Jeddah Islamic Port,Riyadh,Jeddah Islamic Port → Riyadh,Flatbed,C004,1400,1000,true,true,true,false,,SAR
H0-88,2026-08-07,Synthetic Customer 5,Ports,Jeddah Islamic Port,Riyadh,Jeddah Islamic Port → Riyadh,Flatbed,C001,1400,1000,true,true,true,false,,SAR
H0-89,2026-08-06,Synthetic Customer 6,Ports,Jeddah Islamic Port,Riyadh,Jeddah Islamic Port → Riyadh,Flatbed,C002,1400,1000,true,true,true,false,,SAR
H0-90,2026-08-06,Synthetic Customer 7,Ports,Jeddah Islamic Port,Riyadh,Jeddah Islamic Port → Riyadh,Flatbed,C003,1400,1000,true,true,true,false,,SAR
H0-91,2026-08-06,Synthetic Customer 1,Ports,Jeddah Islamic Port,Riyadh,Jeddah Islamic Port → Riyadh,Flatbed,C004,1400,1000,true,true,true,false,,SAR
H0-92,2026-08-05,Synthetic Customer 2,Ports,Jeddah Islamic Port,Riyadh,Jeddah Islamic Port → Riyadh,Flatbed,C001,1400,1000,true,true,true,false,,SAR
H0-93,2026-08-05,Synthetic Customer 3,Ports,Jeddah Islamic Port,Riyadh,Jeddah Islamic Port → Riyadh,Flatbed,C002,1400,1000,true,true,true,false,,SAR
H0-94,2026-08-05,Synthetic Customer 4,Ports,Jeddah Islamic Port,Riyadh,Jeddah Islamic Port → Riyadh,Flatbed,C003,1400,1000,true,true,true,false,,SAR
H0-95,2026-08-04,Synthetic Customer 5,Ports,Jeddah Islamic Port,Riyadh,Jeddah Islamic Port → Riyadh,Flatbed,C004,1400,1000,true,true,true,false,,SAR
H0-96,2026-08-04,Synthetic Customer 6,Ports,Jeddah Islamic Port,Riyadh,Jeddah Islamic Port → Riyadh,Flatbed,C001,1400,1000,true,true,true,false,,SAR
H0-97,2026-08-04,Synthetic Customer 7,Ports,Jeddah Islamic Port,Riyadh,Jeddah Islamic Port → Riyadh,Flatbed,C002,1400,1000,true,true,true,false,,SAR
H0-98,2026-08-03,Synthetic Customer 1,Ports,Jeddah Islamic Port,Riyadh,Jeddah Islamic Port → Riyadh,Flatbed,C003,1400,1000,true,true,true,false,,SAR
H0-99,2026-08-03,Synthetic Customer 2,Ports,Jeddah Islamic Port,Riyadh,Jeddah Islamic Port → Riyadh,Flatbed,C004,1400,1000,true,true,true,false,,SAR
H0-100,2026-08-02,Synthetic Customer 3,Ports,Jeddah Islamic Port,Riyadh,Jeddah Islamic Port → Riyadh,Flatbed,C001,1400,1000,false,false,false,true,Cancelled,SAR
H0-101,2026-08-02,Synthetic Customer 4,Ports,Jeddah Islamic Port,Riyadh,Jeddah Islamic Port → Riyadh,Flatbed,C002,1400,1000,false,false,false,true,Cancelled,SAR
H0-102,2026-08-02,Synthetic Customer 5,Ports,Jeddah Islamic Port,Riyadh,Jeddah Islamic Port → Riyadh,Flatbed,C003,1400,1000,false,false,false,true,Cancelled,SAR
H0-103,2026-08-01,Synthetic Customer 6,Ports,Jeddah Islamic Port,Riyadh,Jeddah Islamic Port → Riyadh,Flatbed,C004,1400,1000,false,false,false,true,Cancelled,SAR
H0-104,2026-08-01,Synthetic Customer 7,Ports,Jeddah Islamic Port,Riyadh,Jeddah Islamic Port → Riyadh,Flatbed,C001,1400,1000,true,true,false,false,,SAR
H0-105,2026-08-01,Synthetic Customer 1,Ports,Jeddah Islamic Port,Riyadh,Jeddah Islamic Port → Riyadh,Flatbed,C002,1400,1000,true,true,false,false,,SAR
H0-106,2026-07-31,Synthetic Customer 2,Ports,Jeddah Islamic Port,Riyadh,Jeddah Islamic Port → Riyadh,Flatbed,C003,1400,1000,true,true,false,false,,SAR
H0-107,2026-07-31,Synthetic Customer 3,Ports,Jeddah Islamic Port,Riyadh,Jeddah Islamic Port → Riyadh,Flatbed,C004,1400,1000,true,true,false,false,,SAR
H0-108,2026-07-31,Synthetic Customer 4,Ports,Jeddah Islamic Port,Riyadh,Jeddah Islamic Port → Riyadh,Flatbed,C001,1400,1000,true,true,true,false,,SAR
H0-109,2026-07-30,Synthetic Customer 5,Ports,Jeddah Islamic Port,Riyadh,Jeddah Islamic Port → Riyadh,Flatbed,C002,1400,1000,true,true,true,false,,SAR
H0-110,2026-07-30,Synthetic Customer 6,Ports,Jeddah Islamic Port,Riyadh,Jeddah Islamic Port → Riyadh,Flatbed,C003,1400,1000,true,true,true,false,,SAR
H0-111,2026-07-30,Synthetic Customer 7,Ports,Jeddah Islamic Port,Riyadh,Jeddah Islamic Port → Riyadh,Flatbed,C004,1400,1000,true,true,true,false,,SAR
H0-112,2026-07-29,Synthetic Customer 1,Ports,Jeddah Islamic Port,Riyadh,Jeddah Islamic Port → Riyadh,Flatbed,C001,1400,1000,true,true,true,false,,SAR
H0-113,2026-07-29,Synthetic Customer 2,Ports,Jeddah Islamic Port,Riyadh,Jeddah Islamic Port → Riyadh,Flatbed,C002,1400,1000,true,true,true,false,,SAR
H0-114,2026-07-29,Synthetic Customer 3,Ports,Jeddah Islamic Port,Riyadh,Jeddah Islamic Port → Riyadh,Flatbed,C003,1400,1000,true,true,true,false,,SAR
H0-115,2026-07-28,Synthetic Customer 4,Ports,Jeddah Islamic Port,Riyadh,Jeddah Islamic Port → Riyadh,Flatbed,C004,1400,1000,true,true,true,false,,SAR
H0-116,2026-07-28,Synthetic Customer 5,Ports,Jeddah Islamic Port,Riyadh,Jeddah Islamic Port → Riyadh,Flatbed,C001,1400,1000,true,true,true,false,,SAR
H0-117,2026-07-28,Synthetic Customer 6,Ports,Jeddah Islamic Port,Riyadh,Jeddah Islamic Port → Riyadh,Flatbed,C002,1400,1000,true,true,true,false,,SAR
H0-118,2026-07-27,Synthetic Customer 7,Ports,Jeddah Islamic Port,Riyadh,Jeddah Islamic Port → Riyadh,Flatbed,C003,1400,1000,true,true,true,false,,SAR
H0-119,2026-07-27,Synthetic Customer 1,Ports,Jeddah Islamic Port,Riyadh,Jeddah Islamic Port → Riyadh,Flatbed,C004,1400,1000,true,true,true,false,,SAR
H0-120,2026-07-26,Synthetic Customer 2,Ports,Jeddah Islamic Port,Riyadh,Jeddah Islamic Port → Riyadh,Flatbed,C001,1400,1000,true,true,true,false,,SAR
H0-121,2026-07-26,Synthetic Customer 3,Ports,Jeddah Islamic Port,Riyadh,Jeddah Islamic Port → Riyadh,Flatbed,C002,1400,1000,true,true,true,false,,SAR
H0-122,2026-07-26,Synthetic Customer 4,Ports,Jeddah Islamic Port,Riyadh,Jeddah Islamic Port → Riyadh,Flatbed,C003,1400,1000,true,true,true,false,,SAR
H0-123,2026-07-25,Synthetic Customer 5,Ports,Jeddah Islamic Port,Riyadh,Jeddah Islamic Port → Riyadh,Flatbed,C004,1400,1000,true,true,true,false,,SAR
H0-124,2026-07-25,Synthetic Customer 6,Ports,Jeddah Islamic Port,Riyadh,Jeddah Islamic Port → Riyadh,Flatbed,C001,1400,1000,true,true,true,false,,SAR
H0-125,2026-07-25,Synthetic Customer 7,Ports,Jeddah Islamic Port,Riyadh,Jeddah Islamic Port → Riyadh,Flatbed,C002,1400,1000,true,true,true,false,,SAR
H0-126,2026-07-24,Synthetic Customer 1,Ports,Jeddah Islamic Port,Riyadh,Jeddah Islamic Port → Riyadh,Flatbed,C003,1400,1000,true,true,true,false,,SAR
H0-127,2026-07-24,Synthetic Customer 2,Ports,Jeddah Islamic Port,Riyadh,Jeddah Islamic Port → Riyadh,Flatbed,C004,1400,1000,true,true,true,false,,SAR
H0-128,2026-07-24,Synthetic Customer 3,Ports,Jeddah Islamic Port,Riyadh,Jeddah Islamic Port → Riyadh,Flatbed,C001,1400,1000,true,true,true,false,,SAR
H0-129,2026-07-23,Synthetic Customer 4,Ports,Jeddah Islamic Port,Riyadh,Jeddah Islamic Port → Riyadh,Flatbed,C002,1400,1000,true,true,true,false,,SAR
H0-130,2026-07-23,Synthetic Customer 5,Ports,Jeddah Islamic Port,Riyadh,Jeddah Islamic Port → Riyadh,Flatbed,C003,1400,1000,true,true,true,false,,SAR
H0-131,2026-07-23,Synthetic Customer 6,Ports,Jeddah Islamic Port,Riyadh,Jeddah Islamic Port → Riyadh,Flatbed,C004,1400,1000,true,true,true,false,,SAR
H0-132,2026-07-22,Synthetic Customer 7,Ports,Jeddah Islamic Port,Riyadh,Jeddah Islamic Port → Riyadh,Flatbed,C001,1400,1000,true,true,true,false,,SAR
H0-133,2026-07-22,Synthetic Customer 1,Ports,Jeddah Islamic Port,Riyadh,Jeddah Islamic Port → Riyadh,Flatbed,C002,1400,1000,true,true,true,false,,SAR
H0-134,2026-07-22,Synthetic Customer 2,Ports,Jeddah Islamic Port,Riyadh,Jeddah Islamic Port → Riyadh,Flatbed,C003,1400,1000,true,true,true,false,,SAR
H0-135,2026-07-21,Synthetic Customer 3,Ports,Jeddah Islamic Port,Riyadh,Jeddah Islamic Port → Riyadh,Flatbed,C004,1400,1000,true,true,true,false,,SAR
H0-136,2026-07-21,Synthetic Customer 4,Ports,Jeddah Islamic Port,Riyadh,Jeddah Islamic Port → Riyadh,Flatbed,C001,1400,1000,true,true,true,false,,SAR
H0-137,2026-07-21,Synthetic Customer 5,Ports,Jeddah Islamic Port,Riyadh,Jeddah Islamic Port → Riyadh,Flatbed,C002,1400,1000,true,true,true,false,,SAR
H0-138,2026-07-20,Synthetic Customer 6,Ports,Jeddah Islamic Port,Riyadh,Jeddah Islamic Port → Riyadh,Flatbed,C003,1400,1000,true,true,true,false,,SAR
H0-139,2026-07-20,Synthetic Customer 7,Ports,Jeddah Islamic Port,Riyadh,Jeddah Islamic Port → Riyadh,Flatbed,C004,1400,1000,true,true,true,false,,SAR
H0-140,2026-07-19,Synthetic Customer 1,Ports,Jeddah Islamic Port,Riyadh,Jeddah Islamic Port → Riyadh,Flatbed,C001,1400,1000,true,true,true,false,,SAR
H0-141,2026-07-19,Synthetic Customer 2,Ports,Jeddah Islamic Port,Riyadh,Jeddah Islamic Port → Riyadh,Flatbed,C002,1400,1000,true,true,true,false,,SAR
H0-142,2026-07-19,Synthetic Customer 3,Ports,Jeddah Islamic Port,Riyadh,Jeddah Islamic Port → Riyadh,Flatbed,C003,1400,1000,true,true,true,false,,SAR
H0-143,2026-07-18,Synthetic Customer 4,Ports,Jeddah Islamic Port,Riyadh,Jeddah Islamic Port → Riyadh,Flatbed,C004,1400,1000,true,true,true,false,,SAR
H0-144,2026-07-18,Synthetic Customer 5,Ports,Jeddah Islamic Port,Riyadh,Jeddah Islamic Port → Riyadh,Flatbed,C001,1400,1000,true,true,true,false,,SAR
H0-145,2026-07-18,Synthetic Customer 6,Ports,Jeddah Islamic Port,Riyadh,Jeddah Islamic Port → Riyadh,Flatbed,C002,1400,1000,true,true,true,false,,SAR
H0-146,2026-07-17,Synthetic Customer 7,Ports,Jeddah Islamic Port,Riyadh,Jeddah Islamic Port → Riyadh,Flatbed,C003,1400,1000,true,true,true,false,,SAR
H0-147,2026-07-17,Synthetic Customer 1,Ports,Jeddah Islamic Port,Riyadh,Jeddah Islamic Port → Riyadh,Flatbed,C004,1400,1000,true,true,true,false,,SAR
H0-148,2026-07-17,Synthetic Customer 2,Ports,Jeddah Islamic Port,Riyadh,Jeddah Islamic Port → Riyadh,Flatbed,C001,1400,1000,true,true,true,false,,SAR
H0-149,2026-07-16,Synthetic Customer 3,Ports,Jeddah Islamic Port,Riyadh,Jeddah Islamic Port → Riyadh,Flatbed,C002,1400,1000,true,true,true,false,,SAR
H0-150,2026-07-16,Synthetic Customer 4,Ports,Jeddah Islamic Port,Riyadh,Jeddah Islamic Port → Riyadh,Flatbed,C003,1400,1000,true,true,true,false,,SAR
H0-151,2026-07-16,Synthetic Customer 5,Ports,Jeddah Islamic Port,Riyadh,Jeddah Islamic Port → Riyadh,Flatbed,C004,1400,1000,true,true,true,false,,SAR
H0-152,2026-07-15,Synthetic Customer 6,Ports,Jeddah Islamic Port,Riyadh,Jeddah Islamic Port → Riyadh,Flatbed,C001,1400,1000,true,true,true,false,,SAR
H0-153,2026-07-15,Synthetic Customer 7,Ports,Jeddah Islamic Port,Riyadh,Jeddah Islamic Port → Riyadh,Flatbed,C002,1400,1000,true,true,true,false,,SAR
H0-154,2026-07-15,Synthetic Customer 1,Ports,Jeddah Islamic Port,Riyadh,Jeddah Islamic Port → Riyadh,Flatbed,C003,1400,1000,true,true,true,false,,SAR
H0-155,2026-07-14,Synthetic Customer 2,Ports,Jeddah Islamic Port,Riyadh,Jeddah Islamic Port → Riyadh,Flatbed,C004,1400,1000,true,true,true,false,,SAR
H0-156,2026-07-14,Synthetic Customer 3,Ports,Jeddah Islamic Port,Riyadh,Jeddah Islamic Port → Riyadh,Flatbed,C001,1400,1000,true,true,true,false,,SAR
H0-157,2026-07-14,Synthetic Customer 4,Ports,Jeddah Islamic Port,Riyadh,Jeddah Islamic Port → Riyadh,Flatbed,C002,1400,1000,true,true,true,false,,SAR
H0-158,2026-07-13,Synthetic Customer 5,Ports,Jeddah Islamic Port,Riyadh,Jeddah Islamic Port → Riyadh,Flatbed,C003,1400,1000,true,true,true,false,,SAR
H0-159,2026-07-13,Synthetic Customer 6,Ports,Jeddah Islamic Port,Riyadh,Jeddah Islamic Port → Riyadh,Flatbed,C004,1400,1000,true,true,true,false,,SAR
H0-160,2026-07-12,Synthetic Customer 7,Ports,Jeddah Islamic Port,Riyadh,Jeddah Islamic Port → Riyadh,Flatbed,C001,1400,1000,true,true,true,false,,SAR
H0-161,2026-07-12,Synthetic Customer 1,Ports,Jeddah Islamic Port,Riyadh,Jeddah Islamic Port → Riyadh,Flatbed,C002,1400,1000,true,true,true,false,,SAR
H0-162,2026-07-12,Synthetic Customer 2,Ports,Jeddah Islamic Port,Riyadh,Jeddah Islamic Port → Riyadh,Flatbed,C003,1400,1000,true,true,true,false,,SAR
H0-163,2026-07-11,Synthetic Customer 3,Ports,Jeddah Islamic Port,Riyadh,Jeddah Islamic Port → Riyadh,Flatbed,C004,1400,1000,true,true,true,false,,SAR
H0-164,2026-07-11,Synthetic Customer 4,Ports,Jeddah Islamic Port,Riyadh,Jeddah Islamic Port → Riyadh,Flatbed,C001,1400,1000,true,true,true,false,,SAR
H0-165,2026-07-10,Synthetic Customer 5,Ports,Jeddah Islamic Port,Riyadh,Jeddah Islamic Port → Riyadh,Flatbed,C002,1400,1000,true,true,true,false,,SAR
H0-166,2026-07-10,Synthetic Customer 6,Ports,Jeddah Islamic Port,Riyadh,Jeddah Islamic Port → Riyadh,Flatbed,C003,1400,1000,true,true,true,false,,SAR
H0-167,2026-07-10,Synthetic Customer 7,Ports,Jeddah Islamic Port,Riyadh,Jeddah Islamic Port → Riyadh,Flatbed,C004,1400,1000,true,true,true,false,,SAR
H0-168,2026-07-09,Synthetic Customer 1,Ports,Jeddah Islamic Port,Riyadh,Jeddah Islamic Port → Riyadh,Flatbed,C001,1400,1000,true,true,true,false,,SAR
H0-169,2026-07-09,Synthetic Customer 2,Ports,Jeddah Islamic Port,Riyadh,Jeddah Islamic Port → Riyadh,Flatbed,C002,1400,1000,true,true,true,false,,SAR
H0-170,2026-07-08,Synthetic Customer 3,Ports,Jeddah Islamic Port,Riyadh,Jeddah Islamic Port → Riyadh,Flatbed,C003,1400,1000,true,true,true,false,,SAR
H0-171,2026-07-08,Synthetic Customer 4,Ports,Jeddah Islamic Port,Riyadh,Jeddah Islamic Port → Riyadh,Flatbed,C004,1400,1000,true,true,true,false,,SAR
H0-172,2026-07-07,Synthetic Customer 5,Ports,Jeddah Islamic Port,Riyadh,Jeddah Islamic Port → Riyadh,Flatbed,C001,1400,1000,true,true,true,false,,SAR
H0-173,2026-07-07,Synthetic Customer 6,Ports,Jeddah Islamic Port,Riyadh,Jeddah Islamic Port → Riyadh,Flatbed,C002,1400,1000,true,true,true,false,,SAR
H0-174,2026-07-07,Synthetic Customer 7,Ports,Jeddah Islamic Port,Riyadh,Jeddah Islamic Port → Riyadh,Flatbed,C003,1400,1000,true,true,true,false,,SAR
H0-175,2026-07-06,Synthetic Customer 1,Ports,Jeddah Islamic Port,Riyadh,Jeddah Islamic Port → Riyadh,Flatbed,C004,1400,1000,true,true,true,false,,SAR
H0-176,2026-07-06,Synthetic Customer 2,Ports,Jeddah Islamic Port,Riyadh,Jeddah Islamic Port → Riyadh,Flatbed,C001,1400,1000,true,true,true,false,,SAR
H0-177,2026-07-05,Synthetic Customer 3,Ports,Jeddah Islamic Port,Riyadh,Jeddah Islamic Port → Riyadh,Flatbed,C002,1400,1000,true,true,true,false,,SAR
H0-178,2026-07-05,Synthetic Customer 4,Ports,Jeddah Islamic Port,Riyadh,Jeddah Islamic Port → Riyadh,Flatbed,C003,1400,1000,true,true,true,false,,SAR
H0-179,2026-07-04,Synthetic Customer 5,Ports,Jeddah Islamic Port,Riyadh,Jeddah Islamic Port → Riyadh,Flatbed,C004,1400,1000,true,true,true,false,,SAR
H0-180,2026-07-04,Synthetic Customer 6,Ports,Jeddah Islamic Port,Riyadh,Jeddah Islamic Port → Riyadh,Flatbed,C001,1400,1000,true,true,true,false,,SAR
H0-181,2026-07-04,Synthetic Customer 7,Ports,Jeddah Islamic Port,Riyadh,Jeddah Islamic Port → Riyadh,Flatbed,C002,1400,1000,true,true,true,false,,SAR
H0-182,2026-07-03,Synthetic Customer 1,Ports,Jeddah Islamic Port,Riyadh,Jeddah Islamic Port → Riyadh,Flatbed,C003,1400,1000,true,true,true,false,,SAR
H0-183,2026-07-03,Synthetic Customer 2,Ports,Jeddah Islamic Port,Riyadh,Jeddah Islamic Port → Riyadh,Flatbed,C004,1400,1000,true,true,true,false,,SAR
H0-184,2026-07-02,Synthetic Customer 3,Ports,Jeddah Islamic Port,Riyadh,Jeddah Islamic Port → Riyadh,Flatbed,C001,1400,1000,true,true,true,false,,SAR
H0-185,2026-07-02,Synthetic Customer 4,Ports,Jeddah Islamic Port,Riyadh,Jeddah Islamic Port → Riyadh,Flatbed,C002,1400,1000,true,true,true,false,,SAR
H0-186,2026-07-01,Synthetic Customer 5,Ports,Jeddah Islamic Port,Riyadh,Jeddah Islamic Port → Riyadh,Flatbed,C003,1400,1000,true,true,true,false,,SAR
H0-187,2026-07-01,Synthetic Customer 6,Ports,Jeddah Islamic Port,Riyadh,Jeddah Islamic Port → Riyadh,Flatbed,C004,1400,1000,true,true,true,false,,SAR
H0-188,2026-07-01,Synthetic Customer 7,Ports,Jeddah Islamic Port,Riyadh,Jeddah Islamic Port → Riyadh,Flatbed,C001,1400,1000,true,true,true,false,,SAR
H0-189,2026-06-30,Synthetic Customer 1,Ports,Jeddah Islamic Port,Riyadh,Jeddah Islamic Port → Riyadh,Flatbed,C002,1400,1000,true,true,true,false,,SAR
H0-190,2026-06-30,Synthetic Customer 2,Ports,Jeddah Islamic Port,Riyadh,Jeddah Islamic Port → Riyadh,Flatbed,C003,1400,1000,true,true,true,false,,SAR
H0-191,2026-06-29,Synthetic Customer 3,Ports,Jeddah Islamic Port,Riyadh,Jeddah Islamic Port → Riyadh,Flatbed,C004,1400,1000,true,true,true,false,,SAR
H0-192,2026-06-29,Synthetic Customer 4,Ports,Jeddah Islamic Port,Riyadh,Jeddah Islamic Port → Riyadh,Flatbed,C001,1400,1000,true,true,true,false,,SAR
H0-193,2026-06-28,Synthetic Customer 5,Ports,Jeddah Islamic Port,Riyadh,Jeddah Islamic Port → Riyadh,Flatbed,C002,1400,1000,true,true,true,false,,SAR
H0-194,2026-06-28,Synthetic Customer 6,Ports,Jeddah Islamic Port,Riyadh,Jeddah Islamic Port → Riyadh,Flatbed,C003,1400,1000,true,true,true,false,,SAR
H0-195,2026-06-28,Synthetic Customer 7,Ports,Jeddah Islamic Port,Riyadh,Jeddah Islamic Port → Riyadh,Flatbed,C004,1400,1000,true,true,true,false,,SAR
H0-196,2026-06-27,Synthetic Customer 1,Ports,Jeddah Islamic Port,Riyadh,Jeddah Islamic Port → Riyadh,Flatbed,C001,1400,1000,true,true,true,false,,SAR
H0-197,2026-06-27,Synthetic Customer 2,Ports,Jeddah Islamic Port,Riyadh,Jeddah Islamic Port → Riyadh,Flatbed,C002,1400,1000,true,true,true,false,,SAR
H0-198,2026-06-26,Synthetic Customer 3,Ports,Jeddah Islamic Port,Riyadh,Jeddah Islamic Port → Riyadh,Flatbed,C003,1400,1000,true,true,true,false,,SAR
H0-199,2026-06-26,Synthetic Customer 4,Ports,Jeddah Islamic Port,Riyadh,Jeddah Islamic Port → Riyadh,Flatbed,C004,1400,1000,true,true,true,false,,SAR
H0-200,2026-06-25,Synthetic Customer 5,Ports,Jeddah Islamic Port,Riyadh,Jeddah Islamic Port → Riyadh,Flatbed,C001,1400,1000,false,false,false,true,Cancelled,SAR
H0-201,2026-06-25,Synthetic Customer 6,Ports,Jeddah Islamic Port,Riyadh,Jeddah Islamic Port → Riyadh,Flatbed,C002,1400,1000,false,false,false,true,Cancelled,SAR
H0-202,2026-06-25,Synthetic Customer 7,Ports,Jeddah Islamic Port,Riyadh,Jeddah Islamic Port → Riyadh,Flatbed,C003,1400,1000,false,false,false,true,Cancelled,SAR
H0-203,2026-06-24,Synthetic Customer 1,Ports,Jeddah Islamic Port,Riyadh,Jeddah Islamic Port → Riyadh,Flatbed,C004,1400,1000,false,false,false,true,Cancelled,SAR
H0-204,2026-06-24,Synthetic Customer 2,Ports,Jeddah Islamic Port,Riyadh,Jeddah Islamic Port → Riyadh,Flatbed,C001,1400,1000,true,true,false,false,,SAR
H0-205,2026-06-23,Synthetic Customer 3,Ports,Jeddah Islamic Port,Riyadh,Jeddah Islamic Port → Riyadh,Flatbed,C002,1400,1000,true,true,false,false,,SAR
H0-206,2026-06-23,Synthetic Customer 4,Ports,Jeddah Islamic Port,Riyadh,Jeddah Islamic Port → Riyadh,Flatbed,C003,1400,1000,true,true,false,false,,SAR
H0-207,2026-06-23,Synthetic Customer 5,Ports,Jeddah Islamic Port,Riyadh,Jeddah Islamic Port → Riyadh,Flatbed,C004,1400,1000,true,true,false,false,,SAR
H0-208,2026-06-22,Synthetic Customer 6,Ports,Jeddah Islamic Port,Riyadh,Jeddah Islamic Port → Riyadh,Flatbed,C001,1400,1000,true,true,true,false,,SAR
H0-209,2026-06-22,Synthetic Customer 7,Ports,Jeddah Islamic Port,Riyadh,Jeddah Islamic Port → Riyadh,Flatbed,C002,1400,1000,true,true,true,false,,SAR
H0-210,2026-06-21,Synthetic Customer 1,Ports,Jeddah Islamic Port,Riyadh,Jeddah Islamic Port → Riyadh,Flatbed,C003,1400,1000,true,true,true,false,,SAR
H0-211,2026-06-21,Synthetic Customer 2,Ports,Jeddah Islamic Port,Riyadh,Jeddah Islamic Port → Riyadh,Flatbed,C004,1400,1000,true,true,true,false,,SAR
H0-212,2026-06-20,Synthetic Customer 3,Ports,Jeddah Islamic Port,Riyadh,Jeddah Islamic Port → Riyadh,Flatbed,C001,1400,1000,true,true,true,false,,SAR
H0-213,2026-06-20,Synthetic Customer 4,Ports,Jeddah Islamic Port,Riyadh,Jeddah Islamic Port → Riyadh,Flatbed,C002,1400,1000,true,true,true,false,,SAR
H0-214,2026-06-20,Synthetic Customer 5,Ports,Jeddah Islamic Port,Riyadh,Jeddah Islamic Port → Riyadh,Flatbed,C003,1400,1000,true,true,true,false,,SAR
H0-215,2026-06-19,Synthetic Customer 6,Ports,Jeddah Islamic Port,Riyadh,Jeddah Islamic Port → Riyadh,Flatbed,C004,1400,1000,true,true,true,false,,SAR
H0-216,2026-06-19,Synthetic Customer 7,Ports,Jeddah Islamic Port,Riyadh,Jeddah Islamic Port → Riyadh,Flatbed,C001,1400,1000,true,true,true,false,,SAR
H0-217,2026-06-18,Synthetic Customer 1,Ports,Jeddah Islamic Port,Riyadh,Jeddah Islamic Port → Riyadh,Flatbed,C002,1400,1000,true,true,true,false,,SAR
H0-218,2026-06-18,Synthetic Customer 2,Ports,Jeddah Islamic Port,Riyadh,Jeddah Islamic Port → Riyadh,Flatbed,C003,1400,1000,true,true,true,false,,SAR
H0-219,2026-06-17,Synthetic Customer 3,Ports,Jeddah Islamic Port,Riyadh,Jeddah Islamic Port → Riyadh,Flatbed,C004,1400,1000,true,true,true,false,,SAR
H0-220,2026-06-17,Synthetic Customer 4,Ports,Jeddah Islamic Port,Riyadh,Jeddah Islamic Port → Riyadh,Flatbed,C001,1400,1000,true,true,true,false,,SAR
H0-221,2026-06-17,Synthetic Customer 5,Ports,Jeddah Islamic Port,Riyadh,Jeddah Islamic Port → Riyadh,Flatbed,C002,1400,1000,true,true,true,false,,SAR
H0-222,2026-06-16,Synthetic Customer 6,Ports,Jeddah Islamic Port,Riyadh,Jeddah Islamic Port → Riyadh,Flatbed,C003,1400,1000,true,true,true,false,,SAR
H0-223,2026-06-16,Synthetic Customer 7,Ports,Jeddah Islamic Port,Riyadh,Jeddah Islamic Port → Riyadh,Flatbed,C004,1400,1000,true,true,true,false,,SAR
H0-224,2026-06-15,Synthetic Customer 1,Ports,Jeddah Islamic Port,Riyadh,Jeddah Islamic Port → Riyadh,Flatbed,C001,1400,1000,true,true,true,false,,SAR
H0-225,2026-06-15,Synthetic Customer 2,Ports,Jeddah Islamic Port,Riyadh,Jeddah Islamic Port → Riyadh,Flatbed,C002,1400,1000,true,true,true,false,,SAR
H0-226,2026-06-14,Synthetic Customer 3,Ports,Jeddah Islamic Port,Riyadh,Jeddah Islamic Port → Riyadh,Flatbed,C003,1400,1000,true,true,true,false,,SAR
H0-227,2026-06-14,Synthetic Customer 4,Ports,Jeddah Islamic Port,Riyadh,Jeddah Islamic Port → Riyadh,Flatbed,C004,1400,1000,true,true,true,false,,SAR
H0-228,2026-06-14,Synthetic Customer 5,Ports,Jeddah Islamic Port,Riyadh,Jeddah Islamic Port → Riyadh,Flatbed,C001,1400,1000,true,true,true,false,,SAR
H0-229,2026-06-13,Synthetic Customer 6,Ports,Jeddah Islamic Port,Riyadh,Jeddah Islamic Port → Riyadh,Flatbed,C002,1400,1000,true,true,true,false,,SAR
H0-230,2026-06-13,Synthetic Customer 7,Ports,Jeddah Islamic Port,Riyadh,Jeddah Islamic Port → Riyadh,Flatbed,C003,1400,1000,true,true,true,false,,SAR
H0-231,2026-06-12,Synthetic Customer 1,Ports,Jeddah Islamic Port,Riyadh,Jeddah Islamic Port → Riyadh,Flatbed,C004,1400,1000,true,true,true,false,,SAR
H0-232,2026-06-12,Synthetic Customer 2,Ports,Jeddah Islamic Port,Riyadh,Jeddah Islamic Port → Riyadh,Flatbed,C001,1400,1000,true,true,true,false,,SAR
H0-233,2026-06-11,Synthetic Customer 3,Ports,Jeddah Islamic Port,Riyadh,Jeddah Islamic Port → Riyadh,Flatbed,C002,1400,1000,true,true,true,false,,SAR
H0-234,2026-06-11,Synthetic Customer 4,Ports,Jeddah Islamic Port,Riyadh,Jeddah Islamic Port → Riyadh,Flatbed,C003,1400,1000,true,true,true,false,,SAR
H0-235,2026-06-11,Synthetic Customer 5,Ports,Jeddah Islamic Port,Riyadh,Jeddah Islamic Port → Riyadh,Flatbed,C004,1400,1000,true,true,true,false,,SAR
H0-236,2026-06-10,Synthetic Customer 6,Ports,Jeddah Islamic Port,Riyadh,Jeddah Islamic Port → Riyadh,Flatbed,C001,1400,1000,true,true,true,false,,SAR
H0-237,2026-06-10,Synthetic Customer 7,Ports,Jeddah Islamic Port,Riyadh,Jeddah Islamic Port → Riyadh,Flatbed,C002,1400,1000,true,true,true,false,,SAR
H0-238,2026-06-09,Synthetic Customer 1,Ports,Jeddah Islamic Port,Riyadh,Jeddah Islamic Port → Riyadh,Flatbed,C003,1400,1000,true,true,true,false,,SAR
H0-239,2026-06-09,Synthetic Customer 2,Ports,Jeddah Islamic Port,Riyadh,Jeddah Islamic Port → Riyadh,Flatbed,C004,1400,1000,true,true,true,false,,SAR
H1-0,2026-09-06,Synthetic Customer 1,Projects,Jubail,Tabuk,Jubail → Tabuk,Lowbed,C005,4000,1000,false,false,false,true,Unfilled specialized capacity,SAR
H1-1,2026-09-06,Synthetic Customer 2,Projects,Jubail,Tabuk,Jubail → Tabuk,Lowbed,C006,4000,1000,false,false,false,true,Unfilled specialized capacity,SAR
H1-2,2026-09-05,Synthetic Customer 3,Projects,Jubail,Tabuk,Jubail → Tabuk,Lowbed,C007,4000,1000,false,false,false,true,Unfilled specialized capacity,SAR
H1-3,2026-09-04,Synthetic Customer 4,Projects,Jubail,Tabuk,Jubail → Tabuk,Lowbed,C008,4000,1000,false,false,false,true,Unfilled specialized capacity,SAR
H1-4,2026-09-03,Synthetic Customer 5,Projects,Jubail,Tabuk,Jubail → Tabuk,Lowbed,C005,4000,1000,true,true,false,false,,SAR
H1-5,2026-09-03,Synthetic Customer 6,Projects,Jubail,Tabuk,Jubail → Tabuk,Lowbed,C006,4000,1000,true,true,false,false,,SAR
H1-6,2026-09-02,Synthetic Customer 7,Projects,Jubail,Tabuk,Jubail → Tabuk,Lowbed,C007,4000,1000,false,true,false,false,Unfilled specialized capacity,SAR
H1-7,2026-09-01,Synthetic Customer 1,Projects,Jubail,Tabuk,Jubail → Tabuk,Lowbed,C008,4000,1000,true,true,false,false,,SAR
H1-8,2026-08-31,Synthetic Customer 2,Projects,Jubail,Tabuk,Jubail → Tabuk,Lowbed,C005,4000,1000,true,true,true,false,,SAR
H1-9,2026-08-31,Synthetic Customer 3,Projects,Jubail,Tabuk,Jubail → Tabuk,Lowbed,C006,4000,1000,false,true,true,false,Unfilled specialized capacity,SAR
H1-10,2026-08-30,Synthetic Customer 4,Projects,Jubail,Tabuk,Jubail → Tabuk,Lowbed,C007,4000,1000,true,true,true,false,,SAR
H1-11,2026-08-29,Synthetic Customer 5,Projects,Jubail,Tabuk,Jubail → Tabuk,Lowbed,C008,4000,1000,true,true,true,false,,SAR
H1-12,2026-08-28,Synthetic Customer 6,Projects,Jubail,Tabuk,Jubail → Tabuk,Lowbed,C005,4000,1000,false,true,true,false,Unfilled specialized capacity,SAR
H1-13,2026-08-28,Synthetic Customer 7,Projects,Jubail,Tabuk,Jubail → Tabuk,Lowbed,C006,4000,1000,true,true,true,false,,SAR
H1-14,2026-08-27,Synthetic Customer 1,Projects,Jubail,Tabuk,Jubail → Tabuk,Lowbed,C007,4000,1000,true,true,true,false,,SAR
H1-15,2026-08-26,Synthetic Customer 2,Projects,Jubail,Tabuk,Jubail → Tabuk,Lowbed,C008,4000,1000,false,true,true,false,Unfilled specialized capacity,SAR
H1-16,2026-08-25,Synthetic Customer 3,Projects,Jubail,Tabuk,Jubail → Tabuk,Lowbed,C005,4000,1000,true,true,true,false,,SAR
H1-17,2026-08-25,Synthetic Customer 4,Projects,Jubail,Tabuk,Jubail → Tabuk,Lowbed,C006,4000,1000,true,true,true,false,,SAR
H1-18,2026-08-24,Synthetic Customer 5,Projects,Jubail,Tabuk,Jubail → Tabuk,Lowbed,C007,4000,1000,false,true,true,false,Unfilled specialized capacity,SAR
H1-19,2026-08-23,Synthetic Customer 6,Projects,Jubail,Tabuk,Jubail → Tabuk,Lowbed,C008,4000,1000,true,true,true,false,,SAR
H1-20,2026-08-22,Synthetic Customer 7,Projects,Jubail,Tabuk,Jubail → Tabuk,Lowbed,C005,4000,1000,true,true,true,false,,SAR
H1-21,2026-08-22,Synthetic Customer 1,Projects,Jubail,Tabuk,Jubail → Tabuk,Lowbed,C006,4000,1000,false,true,true,false,Unfilled specialized capacity,SAR
H1-22,2026-08-21,Synthetic Customer 2,Projects,Jubail,Tabuk,Jubail → Tabuk,Lowbed,C007,4000,1000,true,true,true,false,,SAR
H1-23,2026-08-20,Synthetic Customer 3,Projects,Jubail,Tabuk,Jubail → Tabuk,Lowbed,C008,4000,1000,true,true,true,false,,SAR
H1-24,2026-08-19,Synthetic Customer 4,Projects,Jubail,Tabuk,Jubail → Tabuk,Lowbed,C005,4000,1000,false,true,true,false,Unfilled specialized capacity,SAR
H1-25,2026-08-19,Synthetic Customer 5,Projects,Jubail,Tabuk,Jubail → Tabuk,Lowbed,C006,4000,1000,true,true,true,false,,SAR
H1-26,2026-08-18,Synthetic Customer 6,Projects,Jubail,Tabuk,Jubail → Tabuk,Lowbed,C007,4000,1000,true,true,true,false,,SAR
H1-27,2026-08-17,Synthetic Customer 7,Projects,Jubail,Tabuk,Jubail → Tabuk,Lowbed,C008,4000,1000,false,true,true,false,Unfilled specialized capacity,SAR
H1-28,2026-08-16,Synthetic Customer 1,Projects,Jubail,Tabuk,Jubail → Tabuk,Lowbed,C005,4000,1000,true,true,true,false,,SAR
H1-29,2026-08-16,Synthetic Customer 2,Projects,Jubail,Tabuk,Jubail → Tabuk,Lowbed,C006,4000,1000,true,true,true,false,,SAR
H1-30,2026-08-15,Synthetic Customer 3,Projects,Jubail,Tabuk,Jubail → Tabuk,Lowbed,C007,4000,1000,false,true,true,false,Unfilled specialized capacity,SAR
H1-31,2026-08-14,Synthetic Customer 4,Projects,Jubail,Tabuk,Jubail → Tabuk,Lowbed,C008,4000,1000,true,true,true,false,,SAR
H1-32,2026-08-13,Synthetic Customer 5,Projects,Jubail,Tabuk,Jubail → Tabuk,Lowbed,C005,4000,1000,true,true,true,false,,SAR
H1-33,2026-08-13,Synthetic Customer 6,Projects,Jubail,Tabuk,Jubail → Tabuk,Lowbed,C006,4000,1000,false,true,true,false,Unfilled specialized capacity,SAR
H1-34,2026-08-12,Synthetic Customer 7,Projects,Jubail,Tabuk,Jubail → Tabuk,Lowbed,C007,4000,1000,true,true,true,false,,SAR
H1-35,2026-08-11,Synthetic Customer 1,Projects,Jubail,Tabuk,Jubail → Tabuk,Lowbed,C008,4000,1000,true,true,true,false,,SAR
H1-36,2026-08-10,Synthetic Customer 2,Projects,Jubail,Tabuk,Jubail → Tabuk,Lowbed,C005,4000,1000,false,true,true,false,Unfilled specialized capacity,SAR
H1-37,2026-08-10,Synthetic Customer 3,Projects,Jubail,Tabuk,Jubail → Tabuk,Lowbed,C006,4000,1000,true,true,true,false,,SAR
H1-38,2026-08-09,Synthetic Customer 4,Projects,Jubail,Tabuk,Jubail → Tabuk,Lowbed,C007,4000,1000,true,true,true,false,,SAR
H1-39,2026-08-08,Synthetic Customer 5,Projects,Jubail,Tabuk,Jubail → Tabuk,Lowbed,C008,4000,1000,false,true,true,false,Unfilled specialized capacity,SAR
H1-40,2026-08-07,Synthetic Customer 6,Projects,Jubail,Tabuk,Jubail → Tabuk,Lowbed,C005,4000,1000,true,true,true,false,,SAR
H1-41,2026-08-07,Synthetic Customer 7,Projects,Jubail,Tabuk,Jubail → Tabuk,Lowbed,C006,4000,1000,true,true,true,false,,SAR
H1-42,2026-08-06,Synthetic Customer 1,Projects,Jubail,Tabuk,Jubail → Tabuk,Lowbed,C007,4000,1000,false,true,true,false,Unfilled specialized capacity,SAR
H1-43,2026-08-05,Synthetic Customer 2,Projects,Jubail,Tabuk,Jubail → Tabuk,Lowbed,C008,4000,1000,true,true,true,false,,SAR
H1-44,2026-08-04,Synthetic Customer 3,Projects,Jubail,Tabuk,Jubail → Tabuk,Lowbed,C005,4000,1000,true,true,true,false,,SAR
H1-45,2026-08-04,Synthetic Customer 4,Projects,Jubail,Tabuk,Jubail → Tabuk,Lowbed,C006,4000,1000,false,true,true,false,Unfilled specialized capacity,SAR
H1-46,2026-08-03,Synthetic Customer 5,Projects,Jubail,Tabuk,Jubail → Tabuk,Lowbed,C007,4000,1000,true,true,true,false,,SAR
H1-47,2026-08-02,Synthetic Customer 6,Projects,Jubail,Tabuk,Jubail → Tabuk,Lowbed,C008,4000,1000,true,true,true,false,,SAR
H1-48,2026-08-01,Synthetic Customer 7,Projects,Jubail,Tabuk,Jubail → Tabuk,Lowbed,C005,4000,1000,false,true,true,false,Unfilled specialized capacity,SAR
H1-49,2026-08-01,Synthetic Customer 1,Projects,Jubail,Tabuk,Jubail → Tabuk,Lowbed,C006,4000,1000,true,true,true,false,,SAR
H1-50,2026-07-31,Synthetic Customer 2,Projects,Jubail,Tabuk,Jubail → Tabuk,Lowbed,C007,4000,1000,true,true,true,false,,SAR
H1-51,2026-07-30,Synthetic Customer 3,Projects,Jubail,Tabuk,Jubail → Tabuk,Lowbed,C008,4000,1000,false,true,true,false,Unfilled specialized capacity,SAR
H1-52,2026-07-29,Synthetic Customer 4,Projects,Jubail,Tabuk,Jubail → Tabuk,Lowbed,C005,4000,1000,true,true,true,false,,SAR
H1-53,2026-07-29,Synthetic Customer 5,Projects,Jubail,Tabuk,Jubail → Tabuk,Lowbed,C006,4000,1000,true,true,true,false,,SAR
H1-54,2026-07-28,Synthetic Customer 6,Projects,Jubail,Tabuk,Jubail → Tabuk,Lowbed,C007,4000,1000,false,true,true,false,Unfilled specialized capacity,SAR
H1-55,2026-07-27,Synthetic Customer 7,Projects,Jubail,Tabuk,Jubail → Tabuk,Lowbed,C008,4000,1000,true,true,true,false,,SAR
H1-56,2026-07-26,Synthetic Customer 1,Projects,Jubail,Tabuk,Jubail → Tabuk,Lowbed,C005,4000,1000,true,true,true,false,,SAR
H1-57,2026-07-26,Synthetic Customer 2,Projects,Jubail,Tabuk,Jubail → Tabuk,Lowbed,C006,4000,1000,false,true,true,false,Unfilled specialized capacity,SAR
H1-58,2026-07-25,Synthetic Customer 3,Projects,Jubail,Tabuk,Jubail → Tabuk,Lowbed,C007,4000,1000,true,true,true,false,,SAR
H1-59,2026-07-24,Synthetic Customer 4,Projects,Jubail,Tabuk,Jubail → Tabuk,Lowbed,C008,4000,1000,true,true,true,false,,SAR
H1-60,2026-07-23,Synthetic Customer 5,Projects,Jubail,Tabuk,Jubail → Tabuk,Lowbed,C005,4000,1000,false,true,true,false,Unfilled specialized capacity,SAR
H1-61,2026-07-23,Synthetic Customer 6,Projects,Jubail,Tabuk,Jubail → Tabuk,Lowbed,C006,4000,1000,true,true,true,false,,SAR
H1-62,2026-07-22,Synthetic Customer 7,Projects,Jubail,Tabuk,Jubail → Tabuk,Lowbed,C007,4000,1000,true,true,true,false,,SAR
H1-63,2026-07-21,Synthetic Customer 1,Projects,Jubail,Tabuk,Jubail → Tabuk,Lowbed,C008,4000,1000,false,true,true,false,Unfilled specialized capacity,SAR
H1-64,2026-07-20,Synthetic Customer 2,Projects,Jubail,Tabuk,Jubail → Tabuk,Lowbed,C005,4000,1000,true,true,true,false,,SAR
H1-65,2026-07-20,Synthetic Customer 3,Projects,Jubail,Tabuk,Jubail → Tabuk,Lowbed,C006,4000,1000,true,true,true,false,,SAR
H1-66,2026-07-19,Synthetic Customer 4,Projects,Jubail,Tabuk,Jubail → Tabuk,Lowbed,C007,4000,1000,false,true,true,false,Unfilled specialized capacity,SAR
H1-67,2026-07-18,Synthetic Customer 5,Projects,Jubail,Tabuk,Jubail → Tabuk,Lowbed,C008,4000,1000,true,true,true,false,,SAR
H1-68,2026-07-17,Synthetic Customer 6,Projects,Jubail,Tabuk,Jubail → Tabuk,Lowbed,C005,4000,1000,true,true,true,false,,SAR
H1-69,2026-07-17,Synthetic Customer 7,Projects,Jubail,Tabuk,Jubail → Tabuk,Lowbed,C006,4000,1000,false,true,true,false,Unfilled specialized capacity,SAR
H1-70,2026-07-16,Synthetic Customer 1,Projects,Jubail,Tabuk,Jubail → Tabuk,Lowbed,C007,4000,1000,true,true,true,false,,SAR
H1-71,2026-07-15,Synthetic Customer 2,Projects,Jubail,Tabuk,Jubail → Tabuk,Lowbed,C008,4000,1000,true,true,true,false,,SAR
H1-72,2026-07-14,Synthetic Customer 3,Projects,Jubail,Tabuk,Jubail → Tabuk,Lowbed,C005,4000,1000,false,true,true,false,Unfilled specialized capacity,SAR
H1-73,2026-07-14,Synthetic Customer 4,Projects,Jubail,Tabuk,Jubail → Tabuk,Lowbed,C006,4000,1000,true,true,true,false,,SAR
H1-74,2026-07-13,Synthetic Customer 5,Projects,Jubail,Tabuk,Jubail → Tabuk,Lowbed,C007,4000,1000,true,true,true,false,,SAR
H1-75,2026-07-12,Synthetic Customer 6,Projects,Jubail,Tabuk,Jubail → Tabuk,Lowbed,C008,4000,1000,false,true,true,false,Unfilled specialized capacity,SAR
H1-76,2026-07-11,Synthetic Customer 7,Projects,Jubail,Tabuk,Jubail → Tabuk,Lowbed,C005,4000,1000,true,true,true,false,,SAR
H1-77,2026-07-11,Synthetic Customer 1,Projects,Jubail,Tabuk,Jubail → Tabuk,Lowbed,C006,4000,1000,true,true,true,false,,SAR
H1-78,2026-07-10,Synthetic Customer 2,Projects,Jubail,Tabuk,Jubail → Tabuk,Lowbed,C007,4000,1000,false,true,true,false,Unfilled specialized capacity,SAR
H1-79,2026-07-09,Synthetic Customer 3,Projects,Jubail,Tabuk,Jubail → Tabuk,Lowbed,C008,4000,1000,true,true,true,false,,SAR
H1-80,2026-07-08,Synthetic Customer 4,Projects,Jubail,Tabuk,Jubail → Tabuk,Lowbed,C005,4000,1000,true,true,true,false,,SAR
H1-81,2026-07-08,Synthetic Customer 5,Projects,Jubail,Tabuk,Jubail → Tabuk,Lowbed,C006,4000,1000,false,true,true,false,Unfilled specialized capacity,SAR
H1-82,2026-07-07,Synthetic Customer 6,Projects,Jubail,Tabuk,Jubail → Tabuk,Lowbed,C007,4000,1000,true,true,true,false,,SAR
H1-83,2026-07-06,Synthetic Customer 7,Projects,Jubail,Tabuk,Jubail → Tabuk,Lowbed,C008,4000,1000,true,true,true,false,,SAR
H1-84,2026-07-05,Synthetic Customer 1,Projects,Jubail,Tabuk,Jubail → Tabuk,Lowbed,C005,4000,1000,false,true,true,false,Unfilled specialized capacity,SAR
H1-85,2026-07-05,Synthetic Customer 2,Projects,Jubail,Tabuk,Jubail → Tabuk,Lowbed,C006,4000,1000,true,true,true,false,,SAR
H1-86,2026-07-04,Synthetic Customer 3,Projects,Jubail,Tabuk,Jubail → Tabuk,Lowbed,C007,4000,1000,true,true,true,false,,SAR
H1-87,2026-07-03,Synthetic Customer 4,Projects,Jubail,Tabuk,Jubail → Tabuk,Lowbed,C008,4000,1000,false,true,true,false,Unfilled specialized capacity,SAR
H1-88,2026-07-02,Synthetic Customer 5,Projects,Jubail,Tabuk,Jubail → Tabuk,Lowbed,C005,4000,1000,true,true,true,false,,SAR
H1-89,2026-07-02,Synthetic Customer 6,Projects,Jubail,Tabuk,Jubail → Tabuk,Lowbed,C006,4000,1000,true,true,true,false,,SAR
H1-90,2026-07-01,Synthetic Customer 7,Projects,Jubail,Tabuk,Jubail → Tabuk,Lowbed,C007,4000,1000,false,true,true,false,Unfilled specialized capacity,SAR
H1-91,2026-06-30,Synthetic Customer 1,Projects,Jubail,Tabuk,Jubail → Tabuk,Lowbed,C008,4000,1000,true,true,true,false,,SAR
H1-92,2026-06-29,Synthetic Customer 2,Projects,Jubail,Tabuk,Jubail → Tabuk,Lowbed,C005,4000,1000,true,true,true,false,,SAR
H1-93,2026-06-29,Synthetic Customer 3,Projects,Jubail,Tabuk,Jubail → Tabuk,Lowbed,C006,4000,1000,false,true,true,false,Unfilled specialized capacity,SAR
H1-94,2026-06-28,Synthetic Customer 4,Projects,Jubail,Tabuk,Jubail → Tabuk,Lowbed,C007,4000,1000,true,true,true,false,,SAR
H1-95,2026-06-27,Synthetic Customer 5,Projects,Jubail,Tabuk,Jubail → Tabuk,Lowbed,C008,4000,1000,true,true,true,false,,SAR
H1-96,2026-06-26,Synthetic Customer 6,Projects,Jubail,Tabuk,Jubail → Tabuk,Lowbed,C005,4000,1000,false,true,true,false,Unfilled specialized capacity,SAR
H1-97,2026-06-26,Synthetic Customer 7,Projects,Jubail,Tabuk,Jubail → Tabuk,Lowbed,C006,4000,1000,true,true,true,false,,SAR
H1-98,2026-06-25,Synthetic Customer 1,Projects,Jubail,Tabuk,Jubail → Tabuk,Lowbed,C007,4000,1000,true,true,true,false,,SAR
H1-99,2026-06-24,Synthetic Customer 2,Projects,Jubail,Tabuk,Jubail → Tabuk,Lowbed,C008,4000,1000,false,true,true,false,Unfilled specialized capacity,SAR
H1-100,2026-06-23,Synthetic Customer 3,Projects,Jubail,Tabuk,Jubail → Tabuk,Lowbed,C005,4000,1000,false,false,false,true,Unfilled specialized capacity,SAR
H1-101,2026-06-23,Synthetic Customer 4,Projects,Jubail,Tabuk,Jubail → Tabuk,Lowbed,C006,4000,1000,false,false,false,true,Unfilled specialized capacity,SAR
H1-102,2026-06-22,Synthetic Customer 5,Projects,Jubail,Tabuk,Jubail → Tabuk,Lowbed,C007,4000,1000,false,false,false,true,Unfilled specialized capacity,SAR
H1-103,2026-06-21,Synthetic Customer 6,Projects,Jubail,Tabuk,Jubail → Tabuk,Lowbed,C008,4000,1000,false,false,false,true,Unfilled specialized capacity,SAR
H1-104,2026-06-20,Synthetic Customer 7,Projects,Jubail,Tabuk,Jubail → Tabuk,Lowbed,C005,4000,1000,true,true,false,false,,SAR
H1-105,2026-06-20,Synthetic Customer 1,Projects,Jubail,Tabuk,Jubail → Tabuk,Lowbed,C006,4000,1000,false,true,false,false,Unfilled specialized capacity,SAR
H1-106,2026-06-19,Synthetic Customer 2,Projects,Jubail,Tabuk,Jubail → Tabuk,Lowbed,C007,4000,1000,true,true,false,false,,SAR
H1-107,2026-06-18,Synthetic Customer 3,Projects,Jubail,Tabuk,Jubail → Tabuk,Lowbed,C008,4000,1000,true,true,false,false,,SAR
H1-108,2026-06-17,Synthetic Customer 4,Projects,Jubail,Tabuk,Jubail → Tabuk,Lowbed,C005,4000,1000,false,true,true,false,Unfilled specialized capacity,SAR
H1-109,2026-06-17,Synthetic Customer 5,Projects,Jubail,Tabuk,Jubail → Tabuk,Lowbed,C006,4000,1000,true,true,true,false,,SAR
H1-110,2026-06-16,Synthetic Customer 6,Projects,Jubail,Tabuk,Jubail → Tabuk,Lowbed,C007,4000,1000,true,true,true,false,,SAR
H1-111,2026-06-15,Synthetic Customer 7,Projects,Jubail,Tabuk,Jubail → Tabuk,Lowbed,C008,4000,1000,false,true,true,false,Unfilled specialized capacity,SAR
H1-112,2026-06-14,Synthetic Customer 1,Projects,Jubail,Tabuk,Jubail → Tabuk,Lowbed,C005,4000,1000,true,true,true,false,,SAR
H1-113,2026-06-14,Synthetic Customer 2,Projects,Jubail,Tabuk,Jubail → Tabuk,Lowbed,C006,4000,1000,true,true,true,false,,SAR
H1-114,2026-06-13,Synthetic Customer 3,Projects,Jubail,Tabuk,Jubail → Tabuk,Lowbed,C007,4000,1000,false,true,true,false,Unfilled specialized capacity,SAR
H1-115,2026-06-12,Synthetic Customer 4,Projects,Jubail,Tabuk,Jubail → Tabuk,Lowbed,C008,4000,1000,true,true,true,false,,SAR
H1-116,2026-06-11,Synthetic Customer 5,Projects,Jubail,Tabuk,Jubail → Tabuk,Lowbed,C005,4000,1000,true,true,true,false,,SAR
H1-117,2026-06-11,Synthetic Customer 6,Projects,Jubail,Tabuk,Jubail → Tabuk,Lowbed,C006,4000,1000,false,true,true,false,Unfilled specialized capacity,SAR
H1-118,2026-06-10,Synthetic Customer 7,Projects,Jubail,Tabuk,Jubail → Tabuk,Lowbed,C007,4000,1000,true,true,true,false,,SAR
H1-119,2026-06-09,Synthetic Customer 1,Projects,Jubail,Tabuk,Jubail → Tabuk,Lowbed,C008,4000,1000,true,true,true,false,,SAR
H2-0,2026-09-06,Synthetic Customer 1,Domestic,Dammam,Riyadh,Dammam → Riyadh,Reefer,C009,1050,1000,false,false,false,true,Cancelled,SAR
H2-1,2026-09-06,Synthetic Customer 2,Domestic,Dammam,Riyadh,Dammam → Riyadh,Reefer,C010,1050,1000,false,false,false,true,Cancelled,SAR
H2-2,2026-09-05,Synthetic Customer 3,Domestic,Dammam,Riyadh,Dammam → Riyadh,Reefer,C011,1050,1000,false,false,false,true,Cancelled,SAR
H2-3,2026-09-04,Synthetic Customer 4,Domestic,Dammam,Riyadh,Dammam → Riyadh,Reefer,C012,1050,1000,false,false,false,true,Cancelled,SAR
H2-4,2026-09-04,Synthetic Customer 5,Domestic,Dammam,Riyadh,Dammam → Riyadh,Reefer,C009,1050,1000,true,true,false,false,,SAR
H2-5,2026-09-03,Synthetic Customer 6,Domestic,Dammam,Riyadh,Dammam → Riyadh,Reefer,C010,1050,1000,true,true,false,false,,SAR
H2-6,2026-09-02,Synthetic Customer 7,Domestic,Dammam,Riyadh,Dammam → Riyadh,Reefer,C011,1050,1000,true,true,false,false,,SAR
H2-7,2026-09-02,Synthetic Customer 1,Domestic,Dammam,Riyadh,Dammam → Riyadh,Reefer,C012,1050,1000,true,true,false,false,,SAR
H2-8,2026-09-01,Synthetic Customer 2,Domestic,Dammam,Riyadh,Dammam → Riyadh,Reefer,C009,1050,1000,true,true,true,false,,SAR
H2-9,2026-08-31,Synthetic Customer 3,Domestic,Dammam,Riyadh,Dammam → Riyadh,Reefer,C010,1050,1000,true,true,true,false,,SAR
H2-10,2026-08-31,Synthetic Customer 4,Domestic,Dammam,Riyadh,Dammam → Riyadh,Reefer,C011,1050,1000,true,true,true,false,,SAR
H2-11,2026-08-30,Synthetic Customer 5,Domestic,Dammam,Riyadh,Dammam → Riyadh,Reefer,C012,1050,1000,true,true,true,false,,SAR
H2-12,2026-08-29,Synthetic Customer 6,Domestic,Dammam,Riyadh,Dammam → Riyadh,Reefer,C009,1050,1000,true,true,true,false,,SAR
H2-13,2026-08-29,Synthetic Customer 7,Domestic,Dammam,Riyadh,Dammam → Riyadh,Reefer,C010,1050,1000,true,true,true,false,,SAR
H2-14,2026-08-28,Synthetic Customer 1,Domestic,Dammam,Riyadh,Dammam → Riyadh,Reefer,C011,1050,1000,true,true,true,false,,SAR
H2-15,2026-08-27,Synthetic Customer 2,Domestic,Dammam,Riyadh,Dammam → Riyadh,Reefer,C012,1050,1000,true,true,true,false,,SAR
H2-16,2026-08-27,Synthetic Customer 3,Domestic,Dammam,Riyadh,Dammam → Riyadh,Reefer,C009,1050,1000,true,true,true,false,,SAR
H2-17,2026-08-26,Synthetic Customer 4,Domestic,Dammam,Riyadh,Dammam → Riyadh,Reefer,C010,1050,1000,true,true,true,false,,SAR
H2-18,2026-08-25,Synthetic Customer 5,Domestic,Dammam,Riyadh,Dammam → Riyadh,Reefer,C011,1050,1000,true,true,true,false,,SAR
H2-19,2026-08-25,Synthetic Customer 6,Domestic,Dammam,Riyadh,Dammam → Riyadh,Reefer,C012,1050,1000,true,true,true,false,,SAR
H2-20,2026-08-24,Synthetic Customer 7,Domestic,Dammam,Riyadh,Dammam → Riyadh,Reefer,C009,1050,1000,true,true,true,false,,SAR
H2-21,2026-08-23,Synthetic Customer 1,Domestic,Dammam,Riyadh,Dammam → Riyadh,Reefer,C010,1050,1000,true,true,true,false,,SAR
H2-22,2026-08-23,Synthetic Customer 2,Domestic,Dammam,Riyadh,Dammam → Riyadh,Reefer,C011,1050,1000,true,true,true,false,,SAR
H2-23,2026-08-22,Synthetic Customer 3,Domestic,Dammam,Riyadh,Dammam → Riyadh,Reefer,C012,1050,1000,true,true,true,false,,SAR
H2-24,2026-08-21,Synthetic Customer 4,Domestic,Dammam,Riyadh,Dammam → Riyadh,Reefer,C009,1050,1000,true,true,true,false,,SAR
H2-25,2026-08-21,Synthetic Customer 5,Domestic,Dammam,Riyadh,Dammam → Riyadh,Reefer,C010,1050,1000,true,true,true,false,,SAR
H2-26,2026-08-20,Synthetic Customer 6,Domestic,Dammam,Riyadh,Dammam → Riyadh,Reefer,C011,1050,1000,true,true,true,false,,SAR
H2-27,2026-08-19,Synthetic Customer 7,Domestic,Dammam,Riyadh,Dammam → Riyadh,Reefer,C012,1050,1000,true,true,true,false,,SAR
H2-28,2026-08-19,Synthetic Customer 1,Domestic,Dammam,Riyadh,Dammam → Riyadh,Reefer,C009,1050,1000,true,true,true,false,,SAR
H2-29,2026-08-18,Synthetic Customer 2,Domestic,Dammam,Riyadh,Dammam → Riyadh,Reefer,C010,1050,1000,true,true,true,false,,SAR
H2-30,2026-08-17,Synthetic Customer 3,Domestic,Dammam,Riyadh,Dammam → Riyadh,Reefer,C011,1050,1000,true,true,true,false,,SAR
H2-31,2026-08-17,Synthetic Customer 4,Domestic,Dammam,Riyadh,Dammam → Riyadh,Reefer,C012,1050,1000,true,true,true,false,,SAR
H2-32,2026-08-16,Synthetic Customer 5,Domestic,Dammam,Riyadh,Dammam → Riyadh,Reefer,C009,1050,1000,true,true,true,false,,SAR
H2-33,2026-08-15,Synthetic Customer 6,Domestic,Dammam,Riyadh,Dammam → Riyadh,Reefer,C010,1050,1000,true,true,true,false,,SAR
H2-34,2026-08-15,Synthetic Customer 7,Domestic,Dammam,Riyadh,Dammam → Riyadh,Reefer,C011,1050,1000,true,true,true,false,,SAR
H2-35,2026-08-14,Synthetic Customer 1,Domestic,Dammam,Riyadh,Dammam → Riyadh,Reefer,C012,1050,1000,true,true,true,false,,SAR
H2-36,2026-08-13,Synthetic Customer 2,Domestic,Dammam,Riyadh,Dammam → Riyadh,Reefer,C009,1050,1000,true,true,true,false,,SAR
H2-37,2026-08-13,Synthetic Customer 3,Domestic,Dammam,Riyadh,Dammam → Riyadh,Reefer,C010,1050,1000,true,true,true,false,,SAR
H2-38,2026-08-12,Synthetic Customer 4,Domestic,Dammam,Riyadh,Dammam → Riyadh,Reefer,C011,1050,1000,true,true,true,false,,SAR
H2-39,2026-08-11,Synthetic Customer 5,Domestic,Dammam,Riyadh,Dammam → Riyadh,Reefer,C012,1050,1000,true,true,true,false,,SAR
H2-40,2026-08-11,Synthetic Customer 6,Domestic,Dammam,Riyadh,Dammam → Riyadh,Reefer,C009,1050,1000,true,true,true,false,,SAR
H2-41,2026-08-10,Synthetic Customer 7,Domestic,Dammam,Riyadh,Dammam → Riyadh,Reefer,C010,1050,1000,true,true,true,false,,SAR
H2-42,2026-08-09,Synthetic Customer 1,Domestic,Dammam,Riyadh,Dammam → Riyadh,Reefer,C011,1050,1000,true,true,true,false,,SAR
H2-43,2026-08-08,Synthetic Customer 2,Domestic,Dammam,Riyadh,Dammam → Riyadh,Reefer,C012,1050,1000,true,true,true,false,,SAR
H2-44,2026-08-08,Synthetic Customer 3,Domestic,Dammam,Riyadh,Dammam → Riyadh,Reefer,C009,1050,1000,true,true,true,false,,SAR
H2-45,2026-08-07,Synthetic Customer 4,Domestic,Dammam,Riyadh,Dammam → Riyadh,Reefer,C010,1050,1000,true,true,true,false,,SAR
H2-46,2026-08-06,Synthetic Customer 5,Domestic,Dammam,Riyadh,Dammam → Riyadh,Reefer,C011,1050,1000,true,true,true,false,,SAR
H2-47,2026-08-06,Synthetic Customer 6,Domestic,Dammam,Riyadh,Dammam → Riyadh,Reefer,C012,1050,1000,true,true,true,false,,SAR
H2-48,2026-08-05,Synthetic Customer 7,Domestic,Dammam,Riyadh,Dammam → Riyadh,Reefer,C009,1050,1000,true,true,true,false,,SAR
H2-49,2026-08-04,Synthetic Customer 1,Domestic,Dammam,Riyadh,Dammam → Riyadh,Reefer,C010,1050,1000,true,true,true,false,,SAR
H2-50,2026-08-04,Synthetic Customer 2,Domestic,Dammam,Riyadh,Dammam → Riyadh,Reefer,C011,1050,1000,true,true,true,false,,SAR
H2-51,2026-08-03,Synthetic Customer 3,Domestic,Dammam,Riyadh,Dammam → Riyadh,Reefer,C012,1050,1000,true,true,true,false,,SAR
H2-52,2026-08-02,Synthetic Customer 4,Domestic,Dammam,Riyadh,Dammam → Riyadh,Reefer,C009,1050,1000,true,true,true,false,,SAR
H2-53,2026-08-02,Synthetic Customer 5,Domestic,Dammam,Riyadh,Dammam → Riyadh,Reefer,C010,1050,1000,true,true,true,false,,SAR
H2-54,2026-08-01,Synthetic Customer 6,Domestic,Dammam,Riyadh,Dammam → Riyadh,Reefer,C011,1050,1000,true,true,true,false,,SAR
H2-55,2026-07-31,Synthetic Customer 7,Domestic,Dammam,Riyadh,Dammam → Riyadh,Reefer,C012,1050,1000,true,true,true,false,,SAR
H2-56,2026-07-31,Synthetic Customer 1,Domestic,Dammam,Riyadh,Dammam → Riyadh,Reefer,C009,1050,1000,true,true,true,false,,SAR
H2-57,2026-07-30,Synthetic Customer 2,Domestic,Dammam,Riyadh,Dammam → Riyadh,Reefer,C010,1050,1000,true,true,true,false,,SAR
H2-58,2026-07-29,Synthetic Customer 3,Domestic,Dammam,Riyadh,Dammam → Riyadh,Reefer,C011,1050,1000,true,true,true,false,,SAR
H2-59,2026-07-29,Synthetic Customer 4,Domestic,Dammam,Riyadh,Dammam → Riyadh,Reefer,C012,1050,1000,true,true,true,false,,SAR
H2-60,2026-07-28,Synthetic Customer 5,Domestic,Dammam,Riyadh,Dammam → Riyadh,Reefer,C009,1050,1000,true,true,true,false,,SAR
H2-61,2026-07-27,Synthetic Customer 6,Domestic,Dammam,Riyadh,Dammam → Riyadh,Reefer,C010,1050,1000,true,true,true,false,,SAR
H2-62,2026-07-27,Synthetic Customer 7,Domestic,Dammam,Riyadh,Dammam → Riyadh,Reefer,C011,1050,1000,true,true,true,false,,SAR
H2-63,2026-07-26,Synthetic Customer 1,Domestic,Dammam,Riyadh,Dammam → Riyadh,Reefer,C012,1050,1000,true,true,true,false,,SAR
H2-64,2026-07-25,Synthetic Customer 2,Domestic,Dammam,Riyadh,Dammam → Riyadh,Reefer,C009,1050,1000,true,true,true,false,,SAR
H2-65,2026-07-25,Synthetic Customer 3,Domestic,Dammam,Riyadh,Dammam → Riyadh,Reefer,C010,1050,1000,true,true,true,false,,SAR
H2-66,2026-07-24,Synthetic Customer 4,Domestic,Dammam,Riyadh,Dammam → Riyadh,Reefer,C011,1050,1000,true,true,true,false,,SAR
H2-67,2026-07-23,Synthetic Customer 5,Domestic,Dammam,Riyadh,Dammam → Riyadh,Reefer,C012,1050,1000,true,true,true,false,,SAR
H2-68,2026-07-23,Synthetic Customer 6,Domestic,Dammam,Riyadh,Dammam → Riyadh,Reefer,C009,1050,1000,true,true,true,false,,SAR
H2-69,2026-07-22,Synthetic Customer 7,Domestic,Dammam,Riyadh,Dammam → Riyadh,Reefer,C010,1050,1000,true,true,true,false,,SAR
H2-70,2026-07-21,Synthetic Customer 1,Domestic,Dammam,Riyadh,Dammam → Riyadh,Reefer,C011,1050,1000,true,true,true,false,,SAR
H2-71,2026-07-21,Synthetic Customer 2,Domestic,Dammam,Riyadh,Dammam → Riyadh,Reefer,C012,1050,1000,true,true,true,false,,SAR
H2-72,2026-07-20,Synthetic Customer 3,Domestic,Dammam,Riyadh,Dammam → Riyadh,Reefer,C009,1050,1000,true,true,true,false,,SAR
H2-73,2026-07-19,Synthetic Customer 4,Domestic,Dammam,Riyadh,Dammam → Riyadh,Reefer,C010,1050,1000,true,true,true,false,,SAR
H2-74,2026-07-19,Synthetic Customer 5,Domestic,Dammam,Riyadh,Dammam → Riyadh,Reefer,C011,1050,1000,true,true,true,false,,SAR
H2-75,2026-07-18,Synthetic Customer 6,Domestic,Dammam,Riyadh,Dammam → Riyadh,Reefer,C012,1050,1000,true,true,true,false,,SAR
H2-76,2026-07-17,Synthetic Customer 7,Domestic,Dammam,Riyadh,Dammam → Riyadh,Reefer,C009,1050,1000,true,true,true,false,,SAR
H2-77,2026-07-17,Synthetic Customer 1,Domestic,Dammam,Riyadh,Dammam → Riyadh,Reefer,C010,1050,1000,true,true,true,false,,SAR
H2-78,2026-07-16,Synthetic Customer 2,Domestic,Dammam,Riyadh,Dammam → Riyadh,Reefer,C011,1050,1000,true,true,true,false,,SAR
H2-79,2026-07-15,Synthetic Customer 3,Domestic,Dammam,Riyadh,Dammam → Riyadh,Reefer,C012,1050,1000,true,true,true,false,,SAR
H2-80,2026-07-15,Synthetic Customer 4,Domestic,Dammam,Riyadh,Dammam → Riyadh,Reefer,C009,1050,1000,true,true,true,false,,SAR
H2-81,2026-07-14,Synthetic Customer 5,Domestic,Dammam,Riyadh,Dammam → Riyadh,Reefer,C010,1050,1000,true,true,true,false,,SAR
H2-82,2026-07-13,Synthetic Customer 6,Domestic,Dammam,Riyadh,Dammam → Riyadh,Reefer,C011,1050,1000,true,true,true,false,,SAR
H2-83,2026-06-09,Synthetic Customer 7,Domestic,Dammam,Riyadh,Dammam → Riyadh,Reefer,C012,1050,1000,true,true,true,false,,SAR
H3-0,2026-09-06,Synthetic Customer 1,Domestic,Riyadh,Jeddah,Riyadh → Jeddah,Dry Van,C013,1400,1000,false,false,false,true,Cancelled,SAR
H3-1,2026-09-06,Synthetic Customer 2,Domestic,Riyadh,Jeddah,Riyadh → Jeddah,Dry Van,C014,1400,1000,false,false,false,true,Cancelled,SAR
H3-2,2026-09-05,Synthetic Customer 3,Domestic,Riyadh,Jeddah,Riyadh → Jeddah,Dry Van,C015,1400,1000,false,false,false,true,Cancelled,SAR
H3-3,2026-09-04,Synthetic Customer 4,Domestic,Riyadh,Jeddah,Riyadh → Jeddah,Dry Van,C016,1400,1000,false,false,false,true,Cancelled,SAR
H3-4,2026-09-04,Synthetic Customer 5,Domestic,Riyadh,Jeddah,Riyadh → Jeddah,Dry Van,C013,1400,1000,true,true,false,false,,SAR
H3-5,2026-09-03,Synthetic Customer 6,Domestic,Riyadh,Jeddah,Riyadh → Jeddah,Dry Van,C014,1400,1000,true,true,false,false,,SAR
H3-6,2026-09-02,Synthetic Customer 7,Domestic,Riyadh,Jeddah,Riyadh → Jeddah,Dry Van,C015,1400,1000,true,true,false,false,,SAR
H3-7,2026-09-02,Synthetic Customer 1,Domestic,Riyadh,Jeddah,Riyadh → Jeddah,Dry Van,C016,1400,1000,true,true,false,false,,SAR
H3-8,2026-09-01,Synthetic Customer 2,Domestic,Riyadh,Jeddah,Riyadh → Jeddah,Dry Van,C013,1400,1000,true,true,true,false,,SAR
H3-9,2026-08-31,Synthetic Customer 3,Domestic,Riyadh,Jeddah,Riyadh → Jeddah,Dry Van,C014,1400,1000,true,true,true,false,,SAR
H3-10,2026-08-31,Synthetic Customer 4,Domestic,Riyadh,Jeddah,Riyadh → Jeddah,Dry Van,C015,1400,1000,true,true,true,false,,SAR
H3-11,2026-08-30,Synthetic Customer 5,Domestic,Riyadh,Jeddah,Riyadh → Jeddah,Dry Van,C016,1400,1000,true,true,true,false,,SAR
H3-12,2026-08-29,Synthetic Customer 6,Domestic,Riyadh,Jeddah,Riyadh → Jeddah,Dry Van,C013,1400,1000,true,true,true,false,,SAR
H3-13,2026-08-29,Synthetic Customer 7,Domestic,Riyadh,Jeddah,Riyadh → Jeddah,Dry Van,C014,1400,1000,true,true,true,false,,SAR
H3-14,2026-08-28,Synthetic Customer 1,Domestic,Riyadh,Jeddah,Riyadh → Jeddah,Dry Van,C015,1400,1000,true,true,true,false,,SAR
H3-15,2026-08-27,Synthetic Customer 2,Domestic,Riyadh,Jeddah,Riyadh → Jeddah,Dry Van,C016,1400,1000,true,true,true,false,,SAR
H3-16,2026-08-27,Synthetic Customer 3,Domestic,Riyadh,Jeddah,Riyadh → Jeddah,Dry Van,C013,1400,1000,true,true,true,false,,SAR
H3-17,2026-08-26,Synthetic Customer 4,Domestic,Riyadh,Jeddah,Riyadh → Jeddah,Dry Van,C014,1400,1000,true,true,true,false,,SAR
H3-18,2026-08-25,Synthetic Customer 5,Domestic,Riyadh,Jeddah,Riyadh → Jeddah,Dry Van,C015,1400,1000,true,true,true,false,,SAR
H3-19,2026-08-25,Synthetic Customer 6,Domestic,Riyadh,Jeddah,Riyadh → Jeddah,Dry Van,C016,1400,1000,true,true,true,false,,SAR
H3-20,2026-08-24,Synthetic Customer 7,Domestic,Riyadh,Jeddah,Riyadh → Jeddah,Dry Van,C013,1400,1000,true,true,true,false,,SAR
H3-21,2026-08-23,Synthetic Customer 1,Domestic,Riyadh,Jeddah,Riyadh → Jeddah,Dry Van,C014,1400,1000,true,true,true,false,,SAR
H3-22,2026-08-23,Synthetic Customer 2,Domestic,Riyadh,Jeddah,Riyadh → Jeddah,Dry Van,C015,1400,1000,true,true,true,false,,SAR
H3-23,2026-08-22,Synthetic Customer 3,Domestic,Riyadh,Jeddah,Riyadh → Jeddah,Dry Van,C016,1400,1000,true,true,true,false,,SAR
H3-24,2026-08-21,Synthetic Customer 4,Domestic,Riyadh,Jeddah,Riyadh → Jeddah,Dry Van,C013,1400,1000,true,true,true,false,,SAR
H3-25,2026-08-21,Synthetic Customer 5,Domestic,Riyadh,Jeddah,Riyadh → Jeddah,Dry Van,C014,1400,1000,true,true,true,false,,SAR
H3-26,2026-08-20,Synthetic Customer 6,Domestic,Riyadh,Jeddah,Riyadh → Jeddah,Dry Van,C015,1400,1000,true,true,true,false,,SAR
H3-27,2026-08-19,Synthetic Customer 7,Domestic,Riyadh,Jeddah,Riyadh → Jeddah,Dry Van,C016,1400,1000,true,true,true,false,,SAR
H3-28,2026-08-19,Synthetic Customer 1,Domestic,Riyadh,Jeddah,Riyadh → Jeddah,Dry Van,C013,1400,1000,true,true,true,false,,SAR
H3-29,2026-08-18,Synthetic Customer 2,Domestic,Riyadh,Jeddah,Riyadh → Jeddah,Dry Van,C014,1400,1000,true,true,true,false,,SAR
H3-30,2026-08-17,Synthetic Customer 3,Domestic,Riyadh,Jeddah,Riyadh → Jeddah,Dry Van,C015,1400,1000,true,true,true,false,,SAR
H3-31,2026-08-17,Synthetic Customer 4,Domestic,Riyadh,Jeddah,Riyadh → Jeddah,Dry Van,C016,1400,1000,true,true,true,false,,SAR
H3-32,2026-08-16,Synthetic Customer 5,Domestic,Riyadh,Jeddah,Riyadh → Jeddah,Dry Van,C013,1400,1000,true,true,true,false,,SAR
H3-33,2026-08-15,Synthetic Customer 6,Domestic,Riyadh,Jeddah,Riyadh → Jeddah,Dry Van,C014,1400,1000,true,true,true,false,,SAR
H3-34,2026-08-15,Synthetic Customer 7,Domestic,Riyadh,Jeddah,Riyadh → Jeddah,Dry Van,C015,1400,1000,true,true,true,false,,SAR
H3-35,2026-08-14,Synthetic Customer 1,Domestic,Riyadh,Jeddah,Riyadh → Jeddah,Dry Van,C016,1400,1000,true,true,true,false,,SAR
H3-36,2026-08-13,Synthetic Customer 2,Domestic,Riyadh,Jeddah,Riyadh → Jeddah,Dry Van,C013,1400,1000,true,true,true,false,,SAR
H3-37,2026-08-13,Synthetic Customer 3,Domestic,Riyadh,Jeddah,Riyadh → Jeddah,Dry Van,C014,1400,1000,true,true,true,false,,SAR
H3-38,2026-08-12,Synthetic Customer 4,Domestic,Riyadh,Jeddah,Riyadh → Jeddah,Dry Van,C015,1400,1000,true,true,true,false,,SAR
H3-39,2026-08-11,Synthetic Customer 5,Domestic,Riyadh,Jeddah,Riyadh → Jeddah,Dry Van,C016,1400,1000,true,true,true,false,,SAR
H3-40,2026-08-11,Synthetic Customer 6,Domestic,Riyadh,Jeddah,Riyadh → Jeddah,Dry Van,C013,1400,1000,true,true,true,false,,SAR
H3-41,2026-08-10,Synthetic Customer 7,Domestic,Riyadh,Jeddah,Riyadh → Jeddah,Dry Van,C014,1400,1000,true,true,true,false,,SAR
H3-42,2026-08-09,Synthetic Customer 1,Domestic,Riyadh,Jeddah,Riyadh → Jeddah,Dry Van,C015,1400,1000,true,true,true,false,,SAR
H3-43,2026-08-08,Synthetic Customer 2,Domestic,Riyadh,Jeddah,Riyadh → Jeddah,Dry Van,C016,1400,1000,true,true,true,false,,SAR
H3-44,2026-08-08,Synthetic Customer 3,Domestic,Riyadh,Jeddah,Riyadh → Jeddah,Dry Van,C013,1400,1000,true,true,true,false,,SAR
H3-45,2026-08-07,Synthetic Customer 4,Domestic,Riyadh,Jeddah,Riyadh → Jeddah,Dry Van,C014,1400,1000,true,true,true,false,,SAR
H3-46,2026-08-06,Synthetic Customer 5,Domestic,Riyadh,Jeddah,Riyadh → Jeddah,Dry Van,C015,1400,1000,true,true,true,false,,SAR
H3-47,2026-08-06,Synthetic Customer 6,Domestic,Riyadh,Jeddah,Riyadh → Jeddah,Dry Van,C016,1400,1000,true,true,true,false,,SAR
H3-48,2026-08-05,Synthetic Customer 7,Domestic,Riyadh,Jeddah,Riyadh → Jeddah,Dry Van,C013,1400,1000,true,true,true,false,,SAR
H3-49,2026-08-04,Synthetic Customer 1,Domestic,Riyadh,Jeddah,Riyadh → Jeddah,Dry Van,C014,1400,1000,true,true,true,false,,SAR
H3-50,2026-08-04,Synthetic Customer 2,Domestic,Riyadh,Jeddah,Riyadh → Jeddah,Dry Van,C015,1400,1000,true,true,true,false,,SAR
H3-51,2026-08-03,Synthetic Customer 3,Domestic,Riyadh,Jeddah,Riyadh → Jeddah,Dry Van,C016,1400,1000,true,true,true,false,,SAR
H3-52,2026-08-02,Synthetic Customer 4,Domestic,Riyadh,Jeddah,Riyadh → Jeddah,Dry Van,C013,1400,1000,true,true,true,false,,SAR
H3-53,2026-08-02,Synthetic Customer 5,Domestic,Riyadh,Jeddah,Riyadh → Jeddah,Dry Van,C014,1400,1000,true,true,true,false,,SAR
H3-54,2026-08-01,Synthetic Customer 6,Domestic,Riyadh,Jeddah,Riyadh → Jeddah,Dry Van,C015,1400,1000,true,true,true,false,,SAR
H3-55,2026-07-31,Synthetic Customer 7,Domestic,Riyadh,Jeddah,Riyadh → Jeddah,Dry Van,C016,1400,1000,true,true,true,false,,SAR
H3-56,2026-07-31,Synthetic Customer 1,Domestic,Riyadh,Jeddah,Riyadh → Jeddah,Dry Van,C013,1400,1000,true,true,true,false,,SAR
H3-57,2026-07-30,Synthetic Customer 2,Domestic,Riyadh,Jeddah,Riyadh → Jeddah,Dry Van,C014,1400,1000,true,true,true,false,,SAR
H3-58,2026-07-29,Synthetic Customer 3,Domestic,Riyadh,Jeddah,Riyadh → Jeddah,Dry Van,C015,1400,1000,true,true,true,false,,SAR
H3-59,2026-07-29,Synthetic Customer 4,Domestic,Riyadh,Jeddah,Riyadh → Jeddah,Dry Van,C016,1400,1000,true,true,true,false,,SAR
H3-60,2026-07-28,Synthetic Customer 5,Domestic,Riyadh,Jeddah,Riyadh → Jeddah,Dry Van,C013,1400,1000,true,true,true,false,,SAR
H3-61,2026-07-27,Synthetic Customer 6,Domestic,Riyadh,Jeddah,Riyadh → Jeddah,Dry Van,C014,1400,1000,true,true,true,false,,SAR
H3-62,2026-07-27,Synthetic Customer 7,Domestic,Riyadh,Jeddah,Riyadh → Jeddah,Dry Van,C015,1400,1000,true,true,true,false,,SAR
H3-63,2026-07-26,Synthetic Customer 1,Domestic,Riyadh,Jeddah,Riyadh → Jeddah,Dry Van,C016,1400,1000,true,true,true,false,,SAR
H3-64,2026-07-25,Synthetic Customer 2,Domestic,Riyadh,Jeddah,Riyadh → Jeddah,Dry Van,C013,1400,1000,true,true,true,false,,SAR
H3-65,2026-07-25,Synthetic Customer 3,Domestic,Riyadh,Jeddah,Riyadh → Jeddah,Dry Van,C014,1400,1000,true,true,true,false,,SAR
H3-66,2026-07-24,Synthetic Customer 4,Domestic,Riyadh,Jeddah,Riyadh → Jeddah,Dry Van,C015,1400,1000,true,true,true,false,,SAR
H3-67,2026-07-23,Synthetic Customer 5,Domestic,Riyadh,Jeddah,Riyadh → Jeddah,Dry Van,C016,1400,1000,true,true,true,false,,SAR
H3-68,2026-07-23,Synthetic Customer 6,Domestic,Riyadh,Jeddah,Riyadh → Jeddah,Dry Van,C013,1400,1000,true,true,true,false,,SAR
H3-69,2026-07-22,Synthetic Customer 7,Domestic,Riyadh,Jeddah,Riyadh → Jeddah,Dry Van,C014,1400,1000,true,true,true,false,,SAR
H3-70,2026-07-21,Synthetic Customer 1,Domestic,Riyadh,Jeddah,Riyadh → Jeddah,Dry Van,C015,1400,1000,true,true,true,false,,SAR
H3-71,2026-07-21,Synthetic Customer 2,Domestic,Riyadh,Jeddah,Riyadh → Jeddah,Dry Van,C016,1400,1000,true,true,true,false,,SAR
H3-72,2026-07-20,Synthetic Customer 3,Domestic,Riyadh,Jeddah,Riyadh → Jeddah,Dry Van,C013,1400,1000,true,true,true,false,,SAR
H3-73,2026-07-19,Synthetic Customer 4,Domestic,Riyadh,Jeddah,Riyadh → Jeddah,Dry Van,C014,1400,1000,true,true,true,false,,SAR
H3-74,2026-07-19,Synthetic Customer 5,Domestic,Riyadh,Jeddah,Riyadh → Jeddah,Dry Van,C015,1400,1000,true,true,true,false,,SAR
H3-75,2026-07-18,Synthetic Customer 6,Domestic,Riyadh,Jeddah,Riyadh → Jeddah,Dry Van,C016,1400,1000,true,true,true,false,,SAR
H3-76,2026-07-17,Synthetic Customer 7,Domestic,Riyadh,Jeddah,Riyadh → Jeddah,Dry Van,C013,1400,1000,true,true,true,false,,SAR
H3-77,2026-07-17,Synthetic Customer 1,Domestic,Riyadh,Jeddah,Riyadh → Jeddah,Dry Van,C014,1400,1000,true,true,true,false,,SAR
H3-78,2026-07-16,Synthetic Customer 2,Domestic,Riyadh,Jeddah,Riyadh → Jeddah,Dry Van,C015,1400,1000,true,true,true,false,,SAR
H3-79,2026-07-15,Synthetic Customer 3,Domestic,Riyadh,Jeddah,Riyadh → Jeddah,Dry Van,C016,1400,1000,true,true,true,false,,SAR
H3-80,2026-07-15,Synthetic Customer 4,Domestic,Riyadh,Jeddah,Riyadh → Jeddah,Dry Van,C013,1400,1000,true,true,true,false,,SAR
H3-81,2026-07-14,Synthetic Customer 5,Domestic,Riyadh,Jeddah,Riyadh → Jeddah,Dry Van,C014,1400,1000,true,true,true,false,,SAR
H3-82,2026-07-13,Synthetic Customer 6,Domestic,Riyadh,Jeddah,Riyadh → Jeddah,Dry Van,C015,1400,1000,true,true,true,false,,SAR
H3-83,2026-06-09,Synthetic Customer 7,Domestic,Riyadh,Jeddah,Riyadh → Jeddah,Dry Van,C016,1400,1000,true,true,true,false,,SAR
H4-0,2026-09-06,Synthetic Customer 1,Domestic,Jeddah,Jubail,Jeddah → Jubail,Flatbed,C017,1400,1000,false,false,false,true,Cancelled,SAR
H4-1,2026-09-06,Synthetic Customer 2,Domestic,Jeddah,Jubail,Jeddah → Jubail,Flatbed,C018,1400,1000,false,false,false,true,Cancelled,SAR
H4-2,2026-09-05,Synthetic Customer 3,Domestic,Jeddah,Jubail,Jeddah → Jubail,Flatbed,C019,1400,1000,false,false,false,true,Cancelled,SAR
H4-3,2026-09-04,Synthetic Customer 4,Domestic,Jeddah,Jubail,Jeddah → Jubail,Flatbed,C020,1400,1000,false,false,false,true,Cancelled,SAR
H4-4,2026-09-04,Synthetic Customer 5,Domestic,Jeddah,Jubail,Jeddah → Jubail,Flatbed,C017,1400,1000,true,true,true,false,,SAR
H4-5,2026-09-03,Synthetic Customer 6,Domestic,Jeddah,Jubail,Jeddah → Jubail,Flatbed,C018,1400,1000,true,true,true,false,,SAR
H4-6,2026-09-02,Synthetic Customer 7,Domestic,Jeddah,Jubail,Jeddah → Jubail,Flatbed,C019,1400,1000,true,true,true,false,,SAR
H4-7,2026-09-02,Synthetic Customer 1,Domestic,Jeddah,Jubail,Jeddah → Jubail,Flatbed,C020,1400,1000,true,true,true,false,,SAR
H4-8,2026-09-01,Synthetic Customer 2,Domestic,Jeddah,Jubail,Jeddah → Jubail,Flatbed,C017,1400,1000,true,true,true,false,,SAR
H4-9,2026-08-31,Synthetic Customer 3,Domestic,Jeddah,Jubail,Jeddah → Jubail,Flatbed,C018,1400,1000,true,true,true,false,,SAR
H4-10,2026-08-31,Synthetic Customer 4,Domestic,Jeddah,Jubail,Jeddah → Jubail,Flatbed,C019,1400,1000,true,true,true,false,,SAR
H4-11,2026-08-30,Synthetic Customer 5,Domestic,Jeddah,Jubail,Jeddah → Jubail,Flatbed,C020,1400,1000,true,true,true,false,,SAR
H4-12,2026-08-29,Synthetic Customer 6,Domestic,Jeddah,Jubail,Jeddah → Jubail,Flatbed,C017,1400,1000,true,true,true,false,,SAR
H4-13,2026-08-29,Synthetic Customer 7,Domestic,Jeddah,Jubail,Jeddah → Jubail,Flatbed,C018,1400,1000,true,true,true,false,,SAR
H4-14,2026-08-28,Synthetic Customer 1,Domestic,Jeddah,Jubail,Jeddah → Jubail,Flatbed,C019,1400,1000,true,true,true,false,,SAR
H4-15,2026-08-27,Synthetic Customer 2,Domestic,Jeddah,Jubail,Jeddah → Jubail,Flatbed,C020,1400,1000,true,true,true,false,,SAR
H4-16,2026-08-27,Synthetic Customer 3,Domestic,Jeddah,Jubail,Jeddah → Jubail,Flatbed,C017,1400,1000,true,true,true,false,,SAR
H4-17,2026-08-26,Synthetic Customer 4,Domestic,Jeddah,Jubail,Jeddah → Jubail,Flatbed,C018,1400,1000,true,true,true,false,,SAR
H4-18,2026-08-25,Synthetic Customer 5,Domestic,Jeddah,Jubail,Jeddah → Jubail,Flatbed,C019,1400,1000,true,true,true,false,,SAR
H4-19,2026-08-25,Synthetic Customer 6,Domestic,Jeddah,Jubail,Jeddah → Jubail,Flatbed,C020,1400,1000,true,true,true,false,,SAR
H4-20,2026-08-24,Synthetic Customer 7,Domestic,Jeddah,Jubail,Jeddah → Jubail,Flatbed,C017,1400,1000,true,false,false,false,,SAR
H4-21,2026-08-23,Synthetic Customer 1,Domestic,Jeddah,Jubail,Jeddah → Jubail,Flatbed,C018,1400,1000,true,false,false,false,,SAR
H4-22,2026-08-23,Synthetic Customer 2,Domestic,Jeddah,Jubail,Jeddah → Jubail,Flatbed,C019,1400,1000,true,false,false,false,,SAR
H4-23,2026-08-22,Synthetic Customer 3,Domestic,Jeddah,Jubail,Jeddah → Jubail,Flatbed,C020,1400,1000,true,false,false,false,,SAR
H4-24,2026-08-21,Synthetic Customer 4,Domestic,Jeddah,Jubail,Jeddah → Jubail,Flatbed,C017,1400,1000,true,true,true,false,,SAR
H4-25,2026-08-21,Synthetic Customer 5,Domestic,Jeddah,Jubail,Jeddah → Jubail,Flatbed,C018,1400,1000,true,true,true,false,,SAR
H4-26,2026-08-20,Synthetic Customer 6,Domestic,Jeddah,Jubail,Jeddah → Jubail,Flatbed,C019,1400,1000,true,true,true,false,,SAR
H4-27,2026-08-19,Synthetic Customer 7,Domestic,Jeddah,Jubail,Jeddah → Jubail,Flatbed,C020,1400,1000,true,true,true,false,,SAR
H4-28,2026-08-19,Synthetic Customer 1,Domestic,Jeddah,Jubail,Jeddah → Jubail,Flatbed,C017,1400,1000,false,true,true,true,Cancelled,SAR
H4-29,2026-08-18,Synthetic Customer 2,Domestic,Jeddah,Jubail,Jeddah → Jubail,Flatbed,C018,1400,1000,false,true,true,true,Cancelled,SAR
H4-30,2026-08-17,Synthetic Customer 3,Domestic,Jeddah,Jubail,Jeddah → Jubail,Flatbed,C019,1400,1000,false,true,true,true,Cancelled,SAR
H4-31,2026-08-17,Synthetic Customer 4,Domestic,Jeddah,Jubail,Jeddah → Jubail,Flatbed,C020,1400,1000,false,true,true,true,Cancelled,SAR
H4-32,2026-08-16,Synthetic Customer 5,Domestic,Jeddah,Jubail,Jeddah → Jubail,Flatbed,C017,1400,1000,true,true,true,false,,SAR
H4-33,2026-08-15,Synthetic Customer 6,Domestic,Jeddah,Jubail,Jeddah → Jubail,Flatbed,C018,1400,1000,true,true,true,false,,SAR
H4-34,2026-08-15,Synthetic Customer 7,Domestic,Jeddah,Jubail,Jeddah → Jubail,Flatbed,C019,1400,1000,true,true,true,false,,SAR
H4-35,2026-08-14,Synthetic Customer 1,Domestic,Jeddah,Jubail,Jeddah → Jubail,Flatbed,C020,1400,1000,true,true,true,false,,SAR
H4-36,2026-08-13,Synthetic Customer 2,Domestic,Jeddah,Jubail,Jeddah → Jubail,Flatbed,C017,1400,1000,true,true,true,false,,SAR
H4-37,2026-08-13,Synthetic Customer 3,Domestic,Jeddah,Jubail,Jeddah → Jubail,Flatbed,C018,1400,1000,true,true,true,false,,SAR
H4-38,2026-08-12,Synthetic Customer 4,Domestic,Jeddah,Jubail,Jeddah → Jubail,Flatbed,C019,1400,1000,true,true,true,false,,SAR
H4-39,2026-08-11,Synthetic Customer 5,Domestic,Jeddah,Jubail,Jeddah → Jubail,Flatbed,C020,1400,1000,true,true,true,false,,SAR
H4-40,2026-08-11,Synthetic Customer 6,Domestic,Jeddah,Jubail,Jeddah → Jubail,Flatbed,C017,1400,1000,true,false,false,false,,SAR
H4-41,2026-08-10,Synthetic Customer 7,Domestic,Jeddah,Jubail,Jeddah → Jubail,Flatbed,C018,1400,1000,true,false,false,false,,SAR
H4-42,2026-08-09,Synthetic Customer 1,Domestic,Jeddah,Jubail,Jeddah → Jubail,Flatbed,C019,1400,1000,true,false,false,false,,SAR
H4-43,2026-08-08,Synthetic Customer 2,Domestic,Jeddah,Jubail,Jeddah → Jubail,Flatbed,C020,1400,1000,true,false,false,false,,SAR
H4-44,2026-08-08,Synthetic Customer 3,Domestic,Jeddah,Jubail,Jeddah → Jubail,Flatbed,C017,1400,1000,true,true,true,false,,SAR
H4-45,2026-08-07,Synthetic Customer 4,Domestic,Jeddah,Jubail,Jeddah → Jubail,Flatbed,C018,1400,1000,true,true,true,false,,SAR
H4-46,2026-08-06,Synthetic Customer 5,Domestic,Jeddah,Jubail,Jeddah → Jubail,Flatbed,C019,1400,1000,true,true,true,false,,SAR
H4-47,2026-08-06,Synthetic Customer 6,Domestic,Jeddah,Jubail,Jeddah → Jubail,Flatbed,C020,1400,1000,true,true,true,false,,SAR
H4-48,2026-08-05,Synthetic Customer 7,Domestic,Jeddah,Jubail,Jeddah → Jubail,Flatbed,C017,1400,1000,true,true,true,false,,SAR
H4-49,2026-08-04,Synthetic Customer 1,Domestic,Jeddah,Jubail,Jeddah → Jubail,Flatbed,C018,1400,1000,true,true,true,false,,SAR
H4-50,2026-08-04,Synthetic Customer 2,Domestic,Jeddah,Jubail,Jeddah → Jubail,Flatbed,C019,1400,1000,true,true,true,false,,SAR
H4-51,2026-08-03,Synthetic Customer 3,Domestic,Jeddah,Jubail,Jeddah → Jubail,Flatbed,C020,1400,1000,true,true,true,false,,SAR
H4-52,2026-08-02,Synthetic Customer 4,Domestic,Jeddah,Jubail,Jeddah → Jubail,Flatbed,C017,1400,1000,true,true,true,false,,SAR
H4-53,2026-08-02,Synthetic Customer 5,Domestic,Jeddah,Jubail,Jeddah → Jubail,Flatbed,C018,1400,1000,true,true,true,false,,SAR
H4-54,2026-08-01,Synthetic Customer 6,Domestic,Jeddah,Jubail,Jeddah → Jubail,Flatbed,C019,1400,1000,true,true,true,false,,SAR
H4-55,2026-07-31,Synthetic Customer 7,Domestic,Jeddah,Jubail,Jeddah → Jubail,Flatbed,C020,1400,1000,true,true,true,false,,SAR
H4-56,2026-07-31,Synthetic Customer 1,Domestic,Jeddah,Jubail,Jeddah → Jubail,Flatbed,C017,1400,1000,false,true,true,true,Cancelled,SAR
H4-57,2026-07-30,Synthetic Customer 2,Domestic,Jeddah,Jubail,Jeddah → Jubail,Flatbed,C018,1400,1000,false,true,true,true,Cancelled,SAR
H4-58,2026-07-29,Synthetic Customer 3,Domestic,Jeddah,Jubail,Jeddah → Jubail,Flatbed,C019,1400,1000,false,true,true,true,Cancelled,SAR
H4-59,2026-07-29,Synthetic Customer 4,Domestic,Jeddah,Jubail,Jeddah → Jubail,Flatbed,C020,1400,1000,false,true,true,true,Cancelled,SAR
H4-60,2026-07-28,Synthetic Customer 5,Domestic,Jeddah,Jubail,Jeddah → Jubail,Flatbed,C017,1400,1000,true,false,false,false,,SAR
H4-61,2026-07-27,Synthetic Customer 6,Domestic,Jeddah,Jubail,Jeddah → Jubail,Flatbed,C018,1400,1000,true,false,false,false,,SAR
H4-62,2026-07-27,Synthetic Customer 7,Domestic,Jeddah,Jubail,Jeddah → Jubail,Flatbed,C019,1400,1000,true,false,false,false,,SAR
H4-63,2026-07-26,Synthetic Customer 1,Domestic,Jeddah,Jubail,Jeddah → Jubail,Flatbed,C020,1400,1000,true,false,false,false,,SAR
H4-64,2026-07-25,Synthetic Customer 2,Domestic,Jeddah,Jubail,Jeddah → Jubail,Flatbed,C017,1400,1000,true,true,true,false,,SAR
H4-65,2026-07-25,Synthetic Customer 3,Domestic,Jeddah,Jubail,Jeddah → Jubail,Flatbed,C018,1400,1000,true,true,true,false,,SAR
H4-66,2026-07-24,Synthetic Customer 4,Domestic,Jeddah,Jubail,Jeddah → Jubail,Flatbed,C019,1400,1000,true,true,true,false,,SAR
H4-67,2026-07-23,Synthetic Customer 5,Domestic,Jeddah,Jubail,Jeddah → Jubail,Flatbed,C020,1400,1000,true,true,true,false,,SAR
H4-68,2026-07-23,Synthetic Customer 6,Domestic,Jeddah,Jubail,Jeddah → Jubail,Flatbed,C017,1400,1000,true,true,true,false,,SAR
H4-69,2026-07-22,Synthetic Customer 7,Domestic,Jeddah,Jubail,Jeddah → Jubail,Flatbed,C018,1400,1000,true,true,true,false,,SAR
H4-70,2026-07-21,Synthetic Customer 1,Domestic,Jeddah,Jubail,Jeddah → Jubail,Flatbed,C019,1400,1000,true,true,true,false,,SAR
H4-71,2026-07-21,Synthetic Customer 2,Domestic,Jeddah,Jubail,Jeddah → Jubail,Flatbed,C020,1400,1000,true,true,true,false,,SAR
H4-72,2026-07-20,Synthetic Customer 3,Domestic,Jeddah,Jubail,Jeddah → Jubail,Flatbed,C017,1400,1000,true,true,true,false,,SAR
H4-73,2026-07-19,Synthetic Customer 4,Domestic,Jeddah,Jubail,Jeddah → Jubail,Flatbed,C018,1400,1000,true,true,true,false,,SAR
H4-74,2026-07-19,Synthetic Customer 5,Domestic,Jeddah,Jubail,Jeddah → Jubail,Flatbed,C019,1400,1000,true,true,true,false,,SAR
H4-75,2026-07-18,Synthetic Customer 6,Domestic,Jeddah,Jubail,Jeddah → Jubail,Flatbed,C020,1400,1000,true,true,true,false,,SAR
H4-76,2026-07-17,Synthetic Customer 7,Domestic,Jeddah,Jubail,Jeddah → Jubail,Flatbed,C017,1400,1000,true,true,true,false,,SAR
H4-77,2026-07-17,Synthetic Customer 1,Domestic,Jeddah,Jubail,Jeddah → Jubail,Flatbed,C018,1400,1000,true,true,true,false,,SAR
H4-78,2026-07-16,Synthetic Customer 2,Domestic,Jeddah,Jubail,Jeddah → Jubail,Flatbed,C019,1400,1000,true,true,true,false,,SAR
H4-79,2026-07-15,Synthetic Customer 3,Domestic,Jeddah,Jubail,Jeddah → Jubail,Flatbed,C020,1400,1000,true,true,true,false,,SAR
H4-80,2026-07-15,Synthetic Customer 4,Domestic,Jeddah,Jubail,Jeddah → Jubail,Flatbed,C017,1400,1000,true,false,false,false,,SAR
H4-81,2026-07-14,Synthetic Customer 5,Domestic,Jeddah,Jubail,Jeddah → Jubail,Flatbed,C018,1400,1000,true,false,false,false,,SAR
H4-82,2026-07-13,Synthetic Customer 6,Domestic,Jeddah,Jubail,Jeddah → Jubail,Flatbed,C019,1400,1000,true,false,false,false,,SAR
H4-83,2026-06-09,Synthetic Customer 7,Domestic,Jeddah,Jubail,Jeddah → Jubail,Flatbed,C020,1400,1000,true,false,false,false,,SAR
H5-0,2026-09-06,Synthetic Customer 1,Domestic,Riyadh,Dammam,Riyadh → Dammam,Dry Van,C021,1400,1000,false,false,false,true,Cancelled,SAR
H5-1,2026-09-06,Synthetic Customer 2,Domestic,Riyadh,Dammam,Riyadh → Dammam,Dry Van,C022,1400,1000,false,false,false,true,Cancelled,SAR
H5-2,2026-09-05,Synthetic Customer 3,Domestic,Riyadh,Dammam,Riyadh → Dammam,Dry Van,C023,1400,1000,false,false,false,true,Cancelled,SAR
H5-3,2026-09-04,Synthetic Customer 4,Domestic,Riyadh,Dammam,Riyadh → Dammam,Dry Van,C024,1400,1000,false,false,false,true,Cancelled,SAR
H5-4,2026-09-04,Synthetic Customer 5,Domestic,Riyadh,Dammam,Riyadh → Dammam,Dry Van,C021,1400,1000,true,true,false,false,,SAR
H5-5,2026-09-03,Synthetic Customer 6,Domestic,Riyadh,Dammam,Riyadh → Dammam,Dry Van,C022,1400,1000,true,true,false,false,,SAR
H5-6,2026-09-02,Synthetic Customer 7,Domestic,Riyadh,Dammam,Riyadh → Dammam,Dry Van,C023,1400,1000,true,true,false,false,,SAR
H5-7,2026-09-02,Synthetic Customer 1,Domestic,Riyadh,Dammam,Riyadh → Dammam,Dry Van,C024,1400,1000,true,true,false,false,,SAR
H5-8,2026-09-01,Synthetic Customer 2,Domestic,Riyadh,Dammam,Riyadh → Dammam,Dry Van,C021,1400,1000,true,true,true,false,,SAR
H5-9,2026-08-31,Synthetic Customer 3,Domestic,Riyadh,Dammam,Riyadh → Dammam,Dry Van,C022,1400,1000,true,true,true,false,,SAR
H5-10,2026-08-31,Synthetic Customer 4,Domestic,Riyadh,Dammam,Riyadh → Dammam,Dry Van,C023,1400,1000,true,true,true,false,,SAR
H5-11,2026-08-30,Synthetic Customer 5,Domestic,Riyadh,Dammam,Riyadh → Dammam,Dry Van,C024,1400,1000,true,true,true,false,,SAR
H5-12,2026-08-29,Synthetic Customer 6,Domestic,Riyadh,Dammam,Riyadh → Dammam,Dry Van,C021,1400,1000,true,true,true,false,,SAR
H5-13,2026-08-29,Synthetic Customer 7,Domestic,Riyadh,Dammam,Riyadh → Dammam,Dry Van,C022,1400,1000,true,true,true,false,,SAR
H5-14,2026-08-28,Synthetic Customer 1,Domestic,Riyadh,Dammam,Riyadh → Dammam,Dry Van,C023,1400,1000,true,true,true,false,,SAR
H5-15,2026-08-27,Synthetic Customer 2,Domestic,Riyadh,Dammam,Riyadh → Dammam,Dry Van,C024,1400,1000,true,true,true,false,,SAR
H5-16,2026-08-27,Synthetic Customer 3,Domestic,Riyadh,Dammam,Riyadh → Dammam,Dry Van,C021,1400,1000,true,true,true,false,,SAR
H5-17,2026-08-26,Synthetic Customer 4,Domestic,Riyadh,Dammam,Riyadh → Dammam,Dry Van,C022,1400,1000,true,true,true,false,,SAR
H5-18,2026-08-25,Synthetic Customer 5,Domestic,Riyadh,Dammam,Riyadh → Dammam,Dry Van,C023,1400,1000,true,true,true,false,,SAR
H5-19,2026-08-25,Synthetic Customer 6,Domestic,Riyadh,Dammam,Riyadh → Dammam,Dry Van,C024,1400,1000,true,true,true,false,,SAR
H5-20,2026-08-24,Synthetic Customer 7,Domestic,Riyadh,Dammam,Riyadh → Dammam,Dry Van,C021,1400,1000,true,true,true,false,,SAR
H5-21,2026-08-23,Synthetic Customer 1,Domestic,Riyadh,Dammam,Riyadh → Dammam,Dry Van,C022,1400,1000,true,true,true,false,,SAR
H5-22,2026-08-23,Synthetic Customer 2,Domestic,Riyadh,Dammam,Riyadh → Dammam,Dry Van,C023,1400,1000,true,true,true,false,,SAR
H5-23,2026-08-22,Synthetic Customer 3,Domestic,Riyadh,Dammam,Riyadh → Dammam,Dry Van,C024,1400,1000,true,true,true,false,,SAR
H5-24,2026-08-21,Synthetic Customer 4,Domestic,Riyadh,Dammam,Riyadh → Dammam,Dry Van,C021,1400,1000,true,true,true,false,,SAR
H5-25,2026-08-21,Synthetic Customer 5,Domestic,Riyadh,Dammam,Riyadh → Dammam,Dry Van,C022,1400,1000,true,true,true,false,,SAR
H5-26,2026-08-20,Synthetic Customer 6,Domestic,Riyadh,Dammam,Riyadh → Dammam,Dry Van,C023,1400,1000,true,true,true,false,,SAR
H5-27,2026-08-19,Synthetic Customer 7,Domestic,Riyadh,Dammam,Riyadh → Dammam,Dry Van,C024,1400,1000,true,true,true,false,,SAR
H5-28,2026-08-19,Synthetic Customer 1,Domestic,Riyadh,Dammam,Riyadh → Dammam,Dry Van,C021,1400,1000,true,true,true,false,,SAR
H5-29,2026-08-18,Synthetic Customer 2,Domestic,Riyadh,Dammam,Riyadh → Dammam,Dry Van,C022,1400,1000,true,true,true,false,,SAR
H5-30,2026-08-17,Synthetic Customer 3,Domestic,Riyadh,Dammam,Riyadh → Dammam,Dry Van,C023,1400,1000,true,true,true,false,,SAR
H5-31,2026-08-17,Synthetic Customer 4,Domestic,Riyadh,Dammam,Riyadh → Dammam,Dry Van,C024,1400,1000,true,true,true,false,,SAR
H5-32,2026-08-16,Synthetic Customer 5,Domestic,Riyadh,Dammam,Riyadh → Dammam,Dry Van,C021,1400,1000,true,true,true,false,,SAR
H5-33,2026-08-15,Synthetic Customer 6,Domestic,Riyadh,Dammam,Riyadh → Dammam,Dry Van,C022,1400,1000,true,true,true,false,,SAR
H5-34,2026-08-15,Synthetic Customer 7,Domestic,Riyadh,Dammam,Riyadh → Dammam,Dry Van,C023,1400,1000,true,true,true,false,,SAR
H5-35,2026-08-14,Synthetic Customer 1,Domestic,Riyadh,Dammam,Riyadh → Dammam,Dry Van,C024,1400,1000,true,true,true,false,,SAR
H5-36,2026-08-13,Synthetic Customer 2,Domestic,Riyadh,Dammam,Riyadh → Dammam,Dry Van,C021,1400,1000,true,true,true,false,,SAR
H5-37,2026-08-13,Synthetic Customer 3,Domestic,Riyadh,Dammam,Riyadh → Dammam,Dry Van,C022,1400,1000,true,true,true,false,,SAR
H5-38,2026-08-12,Synthetic Customer 4,Domestic,Riyadh,Dammam,Riyadh → Dammam,Dry Van,C023,1400,1000,true,true,true,false,,SAR
H5-39,2026-08-11,Synthetic Customer 5,Domestic,Riyadh,Dammam,Riyadh → Dammam,Dry Van,C024,1400,1000,true,true,true,false,,SAR
H5-40,2026-08-11,Synthetic Customer 6,Domestic,Riyadh,Dammam,Riyadh → Dammam,Dry Van,C021,1400,1000,true,true,true,false,,SAR
H5-41,2026-08-10,Synthetic Customer 7,Domestic,Riyadh,Dammam,Riyadh → Dammam,Dry Van,C022,1400,1000,true,true,true,false,,SAR
H5-42,2026-08-09,Synthetic Customer 1,Domestic,Riyadh,Dammam,Riyadh → Dammam,Dry Van,C023,1400,1000,true,true,true,false,,SAR
H5-43,2026-08-08,Synthetic Customer 2,Domestic,Riyadh,Dammam,Riyadh → Dammam,Dry Van,C024,1400,1000,true,true,true,false,,SAR
H5-44,2026-08-08,Synthetic Customer 3,Domestic,Riyadh,Dammam,Riyadh → Dammam,Dry Van,C021,1400,1000,true,true,true,false,,SAR
H5-45,2026-08-07,Synthetic Customer 4,Domestic,Riyadh,Dammam,Riyadh → Dammam,Dry Van,C022,1400,1000,true,true,true,false,,SAR
H5-46,2026-08-06,Synthetic Customer 5,Domestic,Riyadh,Dammam,Riyadh → Dammam,Dry Van,C023,1400,1000,true,true,true,false,,SAR
H5-47,2026-08-06,Synthetic Customer 6,Domestic,Riyadh,Dammam,Riyadh → Dammam,Dry Van,C024,1400,1000,true,true,true,false,,SAR
H5-48,2026-08-05,Synthetic Customer 7,Domestic,Riyadh,Dammam,Riyadh → Dammam,Dry Van,C021,1400,1000,true,true,true,false,,SAR
H5-49,2026-08-04,Synthetic Customer 1,Domestic,Riyadh,Dammam,Riyadh → Dammam,Dry Van,C022,1400,1000,true,true,true,false,,SAR
H5-50,2026-08-04,Synthetic Customer 2,Domestic,Riyadh,Dammam,Riyadh → Dammam,Dry Van,C023,1400,1000,true,true,true,false,,SAR
H5-51,2026-08-03,Synthetic Customer 3,Domestic,Riyadh,Dammam,Riyadh → Dammam,Dry Van,C024,1400,1000,true,true,true,false,,SAR
H5-52,2026-08-02,Synthetic Customer 4,Domestic,Riyadh,Dammam,Riyadh → Dammam,Dry Van,C021,1400,1000,true,true,true,false,,SAR
H5-53,2026-08-02,Synthetic Customer 5,Domestic,Riyadh,Dammam,Riyadh → Dammam,Dry Van,C022,1400,1000,true,true,true,false,,SAR
H5-54,2026-08-01,Synthetic Customer 6,Domestic,Riyadh,Dammam,Riyadh → Dammam,Dry Van,C023,1400,1000,true,true,true,false,,SAR
H5-55,2026-07-31,Synthetic Customer 7,Domestic,Riyadh,Dammam,Riyadh → Dammam,Dry Van,C024,1400,1000,true,true,true,false,,SAR
H5-56,2026-07-31,Synthetic Customer 1,Domestic,Riyadh,Dammam,Riyadh → Dammam,Dry Van,C021,1400,1000,true,true,true,false,,SAR
H5-57,2026-07-30,Synthetic Customer 2,Domestic,Riyadh,Dammam,Riyadh → Dammam,Dry Van,C022,1400,1000,true,true,true,false,,SAR
H5-58,2026-07-29,Synthetic Customer 3,Domestic,Riyadh,Dammam,Riyadh → Dammam,Dry Van,C023,1400,1000,true,true,true,false,,SAR
H5-59,2026-07-29,Synthetic Customer 4,Domestic,Riyadh,Dammam,Riyadh → Dammam,Dry Van,C024,1400,1000,true,true,true,false,,SAR
H5-60,2026-07-28,Synthetic Customer 5,Domestic,Riyadh,Dammam,Riyadh → Dammam,Dry Van,C021,1400,1000,true,true,true,false,,SAR
H5-61,2026-07-27,Synthetic Customer 6,Domestic,Riyadh,Dammam,Riyadh → Dammam,Dry Van,C022,1400,1000,true,true,true,false,,SAR
H5-62,2026-07-27,Synthetic Customer 7,Domestic,Riyadh,Dammam,Riyadh → Dammam,Dry Van,C023,1400,1000,true,true,true,false,,SAR
H5-63,2026-07-26,Synthetic Customer 1,Domestic,Riyadh,Dammam,Riyadh → Dammam,Dry Van,C024,1400,1000,true,true,true,false,,SAR
H5-64,2026-07-25,Synthetic Customer 2,Domestic,Riyadh,Dammam,Riyadh → Dammam,Dry Van,C021,1400,1000,true,true,true,false,,SAR
H5-65,2026-07-25,Synthetic Customer 3,Domestic,Riyadh,Dammam,Riyadh → Dammam,Dry Van,C022,1400,1000,true,true,true,false,,SAR
H5-66,2026-07-24,Synthetic Customer 4,Domestic,Riyadh,Dammam,Riyadh → Dammam,Dry Van,C023,1400,1000,true,true,true,false,,SAR
H5-67,2026-07-23,Synthetic Customer 5,Domestic,Riyadh,Dammam,Riyadh → Dammam,Dry Van,C024,1400,1000,true,true,true,false,,SAR
H5-68,2026-07-23,Synthetic Customer 6,Domestic,Riyadh,Dammam,Riyadh → Dammam,Dry Van,C021,1400,1000,true,true,true,false,,SAR
H5-69,2026-07-22,Synthetic Customer 7,Domestic,Riyadh,Dammam,Riyadh → Dammam,Dry Van,C022,1400,1000,true,true,true,false,,SAR
H5-70,2026-07-21,Synthetic Customer 1,Domestic,Riyadh,Dammam,Riyadh → Dammam,Dry Van,C023,1400,1000,true,true,true,false,,SAR
H5-71,2026-07-21,Synthetic Customer 2,Domestic,Riyadh,Dammam,Riyadh → Dammam,Dry Van,C024,1400,1000,true,true,true,false,,SAR
H5-72,2026-07-20,Synthetic Customer 3,Domestic,Riyadh,Dammam,Riyadh → Dammam,Dry Van,C021,1400,1000,true,true,true,false,,SAR
H5-73,2026-07-19,Synthetic Customer 4,Domestic,Riyadh,Dammam,Riyadh → Dammam,Dry Van,C022,1400,1000,true,true,true,false,,SAR
H5-74,2026-07-19,Synthetic Customer 5,Domestic,Riyadh,Dammam,Riyadh → Dammam,Dry Van,C023,1400,1000,true,true,true,false,,SAR
H5-75,2026-07-18,Synthetic Customer 6,Domestic,Riyadh,Dammam,Riyadh → Dammam,Dry Van,C024,1400,1000,true,true,true,false,,SAR
H5-76,2026-07-17,Synthetic Customer 7,Domestic,Riyadh,Dammam,Riyadh → Dammam,Dry Van,C021,1400,1000,true,true,true,false,,SAR
H5-77,2026-07-17,Synthetic Customer 1,Domestic,Riyadh,Dammam,Riyadh → Dammam,Dry Van,C022,1400,1000,true,true,true,false,,SAR
H5-78,2026-07-16,Synthetic Customer 2,Domestic,Riyadh,Dammam,Riyadh → Dammam,Dry Van,C023,1400,1000,true,true,true,false,,SAR
H5-79,2026-07-15,Synthetic Customer 3,Domestic,Riyadh,Dammam,Riyadh → Dammam,Dry Van,C024,1400,1000,true,true,true,false,,SAR
H5-80,2026-07-15,Synthetic Customer 4,Domestic,Riyadh,Dammam,Riyadh → Dammam,Dry Van,C021,1400,1000,true,true,true,false,,SAR
H5-81,2026-07-14,Synthetic Customer 5,Domestic,Riyadh,Dammam,Riyadh → Dammam,Dry Van,C022,1400,1000,true,true,true,false,,SAR
H5-82,2026-07-13,Synthetic Customer 6,Domestic,Riyadh,Dammam,Riyadh → Dammam,Dry Van,C023,1400,1000,true,true,true,false,,SAR
H5-83,2026-06-09,Synthetic Customer 7,Domestic,Riyadh,Dammam,Riyadh → Dammam,Dry Van,C024,1400,1000,true,true,true,false,,SAR
H6-0,2026-09-06,Synthetic Customer 1,Domestic,Jeddah,Dammam,Jeddah → Dammam,Reefer,C025,1400,1000,false,false,false,true,Cancelled,SAR
H6-1,2026-09-06,Synthetic Customer 2,Domestic,Jeddah,Dammam,Jeddah → Dammam,Reefer,C026,1400,1000,false,false,false,true,Cancelled,SAR
H6-2,2026-09-05,Synthetic Customer 3,Domestic,Jeddah,Dammam,Jeddah → Dammam,Reefer,C027,1400,1000,false,false,false,true,Cancelled,SAR
H6-3,2026-09-04,Synthetic Customer 4,Domestic,Jeddah,Dammam,Jeddah → Dammam,Reefer,C028,1400,1000,false,false,false,true,Cancelled,SAR
H6-4,2026-09-04,Synthetic Customer 5,Domestic,Jeddah,Dammam,Jeddah → Dammam,Reefer,C025,1400,1000,true,true,false,false,,SAR
H6-5,2026-09-03,Synthetic Customer 6,Domestic,Jeddah,Dammam,Jeddah → Dammam,Reefer,C026,1400,1000,true,true,false,false,,SAR
H6-6,2026-09-02,Synthetic Customer 7,Domestic,Jeddah,Dammam,Jeddah → Dammam,Reefer,C027,1400,1000,true,true,false,false,,SAR
H6-7,2026-09-02,Synthetic Customer 1,Domestic,Jeddah,Dammam,Jeddah → Dammam,Reefer,C028,1400,1000,true,true,false,false,,SAR
H6-8,2026-09-01,Synthetic Customer 2,Domestic,Jeddah,Dammam,Jeddah → Dammam,Reefer,C025,1400,1000,true,true,true,false,,SAR
H6-9,2026-08-31,Synthetic Customer 3,Domestic,Jeddah,Dammam,Jeddah → Dammam,Reefer,C026,1400,1000,true,true,true,false,,SAR
H6-10,2026-08-31,Synthetic Customer 4,Domestic,Jeddah,Dammam,Jeddah → Dammam,Reefer,C027,1400,1000,true,true,true,false,,SAR
H6-11,2026-08-30,Synthetic Customer 5,Domestic,Jeddah,Dammam,Jeddah → Dammam,Reefer,C028,1400,1000,true,true,true,false,,SAR
H6-12,2026-08-29,Synthetic Customer 6,Domestic,Jeddah,Dammam,Jeddah → Dammam,Reefer,C025,1400,1000,true,true,true,false,,SAR
H6-13,2026-08-29,Synthetic Customer 7,Domestic,Jeddah,Dammam,Jeddah → Dammam,Reefer,C026,1400,1000,true,true,true,false,,SAR
H6-14,2026-08-28,Synthetic Customer 1,Domestic,Jeddah,Dammam,Jeddah → Dammam,Reefer,C027,1400,1000,true,true,true,false,,SAR
H6-15,2026-08-27,Synthetic Customer 2,Domestic,Jeddah,Dammam,Jeddah → Dammam,Reefer,C028,1400,1000,true,true,true,false,,SAR
H6-16,2026-08-27,Synthetic Customer 3,Domestic,Jeddah,Dammam,Jeddah → Dammam,Reefer,C025,1400,1000,true,true,true,false,,SAR
H6-17,2026-08-26,Synthetic Customer 4,Domestic,Jeddah,Dammam,Jeddah → Dammam,Reefer,C026,1400,1000,true,true,true,false,,SAR
H6-18,2026-08-25,Synthetic Customer 5,Domestic,Jeddah,Dammam,Jeddah → Dammam,Reefer,C027,1400,1000,true,true,true,false,,SAR
H6-19,2026-08-25,Synthetic Customer 6,Domestic,Jeddah,Dammam,Jeddah → Dammam,Reefer,C028,1400,1000,true,true,true,false,,SAR
H6-20,2026-08-24,Synthetic Customer 7,Domestic,Jeddah,Dammam,Jeddah → Dammam,Reefer,C025,1400,1000,true,true,true,false,,SAR
H6-21,2026-08-23,Synthetic Customer 1,Domestic,Jeddah,Dammam,Jeddah → Dammam,Reefer,C026,1400,1000,true,true,true,false,,SAR
H6-22,2026-08-23,Synthetic Customer 2,Domestic,Jeddah,Dammam,Jeddah → Dammam,Reefer,C027,1400,1000,true,true,true,false,,SAR
H6-23,2026-08-22,Synthetic Customer 3,Domestic,Jeddah,Dammam,Jeddah → Dammam,Reefer,C028,1400,1000,true,true,true,false,,SAR
H6-24,2026-08-21,Synthetic Customer 4,Domestic,Jeddah,Dammam,Jeddah → Dammam,Reefer,C025,1400,1000,true,true,true,false,,SAR
H6-25,2026-08-21,Synthetic Customer 5,Domestic,Jeddah,Dammam,Jeddah → Dammam,Reefer,C026,1400,1000,true,true,true,false,,SAR
H6-26,2026-08-20,Synthetic Customer 6,Domestic,Jeddah,Dammam,Jeddah → Dammam,Reefer,C027,1400,1000,true,true,true,false,,SAR
H6-27,2026-08-19,Synthetic Customer 7,Domestic,Jeddah,Dammam,Jeddah → Dammam,Reefer,C028,1400,1000,true,true,true,false,,SAR
H6-28,2026-08-19,Synthetic Customer 1,Domestic,Jeddah,Dammam,Jeddah → Dammam,Reefer,C025,1400,1000,true,true,true,false,,SAR
H6-29,2026-08-18,Synthetic Customer 2,Domestic,Jeddah,Dammam,Jeddah → Dammam,Reefer,C026,1400,1000,true,true,true,false,,SAR
H6-30,2026-08-17,Synthetic Customer 3,Domestic,Jeddah,Dammam,Jeddah → Dammam,Reefer,C027,1400,1000,true,true,true,false,,SAR
H6-31,2026-08-17,Synthetic Customer 4,Domestic,Jeddah,Dammam,Jeddah → Dammam,Reefer,C028,1400,1000,true,true,true,false,,SAR
H6-32,2026-08-16,Synthetic Customer 5,Domestic,Jeddah,Dammam,Jeddah → Dammam,Reefer,C025,1400,1000,true,true,true,false,,SAR
H6-33,2026-08-15,Synthetic Customer 6,Domestic,Jeddah,Dammam,Jeddah → Dammam,Reefer,C026,1400,1000,true,true,true,false,,SAR
H6-34,2026-08-15,Synthetic Customer 7,Domestic,Jeddah,Dammam,Jeddah → Dammam,Reefer,C027,1400,1000,true,true,true,false,,SAR
H6-35,2026-08-14,Synthetic Customer 1,Domestic,Jeddah,Dammam,Jeddah → Dammam,Reefer,C028,1400,1000,true,true,true,false,,SAR
H6-36,2026-08-13,Synthetic Customer 2,Domestic,Jeddah,Dammam,Jeddah → Dammam,Reefer,C025,1400,1000,true,true,true,false,,SAR
H6-37,2026-08-13,Synthetic Customer 3,Domestic,Jeddah,Dammam,Jeddah → Dammam,Reefer,C026,1400,1000,true,true,true,false,,SAR
H6-38,2026-08-12,Synthetic Customer 4,Domestic,Jeddah,Dammam,Jeddah → Dammam,Reefer,C027,1400,1000,true,true,true,false,,SAR
H6-39,2026-08-11,Synthetic Customer 5,Domestic,Jeddah,Dammam,Jeddah → Dammam,Reefer,C028,1400,1000,true,true,true,false,,SAR
H6-40,2026-08-11,Synthetic Customer 6,Domestic,Jeddah,Dammam,Jeddah → Dammam,Reefer,C025,1400,1000,true,true,true,false,,SAR
H6-41,2026-08-10,Synthetic Customer 7,Domestic,Jeddah,Dammam,Jeddah → Dammam,Reefer,C026,1400,1000,true,true,true,false,,SAR
H6-42,2026-08-09,Synthetic Customer 1,Domestic,Jeddah,Dammam,Jeddah → Dammam,Reefer,C027,1400,1000,true,true,true,false,,SAR
H6-43,2026-08-08,Synthetic Customer 2,Domestic,Jeddah,Dammam,Jeddah → Dammam,Reefer,C028,1400,1000,true,true,true,false,,SAR
H6-44,2026-08-08,Synthetic Customer 3,Domestic,Jeddah,Dammam,Jeddah → Dammam,Reefer,C025,1400,1000,true,true,true,false,,SAR
H6-45,2026-08-07,Synthetic Customer 4,Domestic,Jeddah,Dammam,Jeddah → Dammam,Reefer,C026,1400,1000,true,true,true,false,,SAR
H6-46,2026-08-06,Synthetic Customer 5,Domestic,Jeddah,Dammam,Jeddah → Dammam,Reefer,C027,1400,1000,true,true,true,false,,SAR
H6-47,2026-08-06,Synthetic Customer 6,Domestic,Jeddah,Dammam,Jeddah → Dammam,Reefer,C028,1400,1000,true,true,true,false,,SAR
H6-48,2026-08-05,Synthetic Customer 7,Domestic,Jeddah,Dammam,Jeddah → Dammam,Reefer,C025,1400,1000,true,true,true,false,,SAR
H6-49,2026-08-04,Synthetic Customer 1,Domestic,Jeddah,Dammam,Jeddah → Dammam,Reefer,C026,1400,1000,true,true,true,false,,SAR
H6-50,2026-08-04,Synthetic Customer 2,Domestic,Jeddah,Dammam,Jeddah → Dammam,Reefer,C027,1400,1000,true,true,true,false,,SAR
H6-51,2026-08-03,Synthetic Customer 3,Domestic,Jeddah,Dammam,Jeddah → Dammam,Reefer,C028,1400,1000,true,true,true,false,,SAR
H6-52,2026-08-02,Synthetic Customer 4,Domestic,Jeddah,Dammam,Jeddah → Dammam,Reefer,C025,1400,1000,true,true,true,false,,SAR
H6-53,2026-08-02,Synthetic Customer 5,Domestic,Jeddah,Dammam,Jeddah → Dammam,Reefer,C026,1400,1000,true,true,true,false,,SAR
H6-54,2026-08-01,Synthetic Customer 6,Domestic,Jeddah,Dammam,Jeddah → Dammam,Reefer,C027,1400,1000,true,true,true,false,,SAR
H6-55,2026-07-31,Synthetic Customer 7,Domestic,Jeddah,Dammam,Jeddah → Dammam,Reefer,C028,1400,1000,true,true,true,false,,SAR
H6-56,2026-07-31,Synthetic Customer 1,Domestic,Jeddah,Dammam,Jeddah → Dammam,Reefer,C025,1400,1000,true,true,true,false,,SAR
H6-57,2026-07-30,Synthetic Customer 2,Domestic,Jeddah,Dammam,Jeddah → Dammam,Reefer,C026,1400,1000,true,true,true,false,,SAR
H6-58,2026-07-29,Synthetic Customer 3,Domestic,Jeddah,Dammam,Jeddah → Dammam,Reefer,C027,1400,1000,true,true,true,false,,SAR
H6-59,2026-07-29,Synthetic Customer 4,Domestic,Jeddah,Dammam,Jeddah → Dammam,Reefer,C028,1400,1000,true,true,true,false,,SAR
H6-60,2026-07-28,Synthetic Customer 5,Domestic,Jeddah,Dammam,Jeddah → Dammam,Reefer,C025,1400,1000,true,true,true,false,,SAR
H6-61,2026-07-27,Synthetic Customer 6,Domestic,Jeddah,Dammam,Jeddah → Dammam,Reefer,C026,1400,1000,true,true,true,false,,SAR
H6-62,2026-07-27,Synthetic Customer 7,Domestic,Jeddah,Dammam,Jeddah → Dammam,Reefer,C027,1400,1000,true,true,true,false,,SAR
H6-63,2026-07-26,Synthetic Customer 1,Domestic,Jeddah,Dammam,Jeddah → Dammam,Reefer,C028,1400,1000,true,true,true,false,,SAR
H6-64,2026-07-25,Synthetic Customer 2,Domestic,Jeddah,Dammam,Jeddah → Dammam,Reefer,C025,1400,1000,true,true,true,false,,SAR
H6-65,2026-07-25,Synthetic Customer 3,Domestic,Jeddah,Dammam,Jeddah → Dammam,Reefer,C026,1400,1000,true,true,true,false,,SAR
H6-66,2026-07-24,Synthetic Customer 4,Domestic,Jeddah,Dammam,Jeddah → Dammam,Reefer,C027,1400,1000,true,true,true,false,,SAR
H6-67,2026-07-23,Synthetic Customer 5,Domestic,Jeddah,Dammam,Jeddah → Dammam,Reefer,C028,1400,1000,true,true,true,false,,SAR
H6-68,2026-07-23,Synthetic Customer 6,Domestic,Jeddah,Dammam,Jeddah → Dammam,Reefer,C025,1400,1000,true,true,true,false,,SAR
H6-69,2026-07-22,Synthetic Customer 7,Domestic,Jeddah,Dammam,Jeddah → Dammam,Reefer,C026,1400,1000,true,true,true,false,,SAR
H6-70,2026-07-21,Synthetic Customer 1,Domestic,Jeddah,Dammam,Jeddah → Dammam,Reefer,C027,1400,1000,true,true,true,false,,SAR
H6-71,2026-07-21,Synthetic Customer 2,Domestic,Jeddah,Dammam,Jeddah → Dammam,Reefer,C028,1400,1000,true,true,true,false,,SAR
H6-72,2026-07-20,Synthetic Customer 3,Domestic,Jeddah,Dammam,Jeddah → Dammam,Reefer,C025,1400,1000,true,true,true,false,,SAR
H6-73,2026-07-19,Synthetic Customer 4,Domestic,Jeddah,Dammam,Jeddah → Dammam,Reefer,C026,1400,1000,true,true,true,false,,SAR
H6-74,2026-07-19,Synthetic Customer 5,Domestic,Jeddah,Dammam,Jeddah → Dammam,Reefer,C027,1400,1000,true,true,true,false,,SAR
H6-75,2026-07-18,Synthetic Customer 6,Domestic,Jeddah,Dammam,Jeddah → Dammam,Reefer,C028,1400,1000,true,true,true,false,,SAR
H6-76,2026-07-17,Synthetic Customer 7,Domestic,Jeddah,Dammam,Jeddah → Dammam,Reefer,C025,1400,1000,true,true,true,false,,SAR
H6-77,2026-07-17,Synthetic Customer 1,Domestic,Jeddah,Dammam,Jeddah → Dammam,Reefer,C026,1400,1000,true,true,true,false,,SAR
H6-78,2026-07-16,Synthetic Customer 2,Domestic,Jeddah,Dammam,Jeddah → Dammam,Reefer,C027,1400,1000,true,true,true,false,,SAR
H6-79,2026-07-15,Synthetic Customer 3,Domestic,Jeddah,Dammam,Jeddah → Dammam,Reefer,C028,1400,1000,true,true,true,false,,SAR
H6-80,2026-07-15,Synthetic Customer 4,Domestic,Jeddah,Dammam,Jeddah → Dammam,Reefer,C025,1400,1000,true,true,true,false,,SAR
H6-81,2026-07-14,Synthetic Customer 5,Domestic,Jeddah,Dammam,Jeddah → Dammam,Reefer,C026,1400,1000,true,true,true,false,,SAR
H6-82,2026-07-13,Synthetic Customer 6,Domestic,Jeddah,Dammam,Jeddah → Dammam,Reefer,C027,1400,1000,true,true,true,false,,SAR
H6-83,2026-06-09,Synthetic Customer 7,Domestic,Jeddah,Dammam,Jeddah → Dammam,Reefer,C028,1400,1000,true,true,true,false,,SAR
H7-0,2026-09-06,Synthetic Customer 1,Domestic,Dammam,Jubail,Dammam → Jubail,Tanker,C029,1400,1000,false,false,false,true,Cancelled,SAR
H7-1,2026-09-06,Synthetic Customer 2,Domestic,Dammam,Jubail,Dammam → Jubail,Tanker,C030,1400,1000,false,false,false,true,Cancelled,SAR
H7-2,2026-09-05,Synthetic Customer 3,Domestic,Dammam,Jubail,Dammam → Jubail,Tanker,C031,1400,1000,false,false,false,true,Cancelled,SAR
H7-3,2026-09-04,Synthetic Customer 4,Domestic,Dammam,Jubail,Dammam → Jubail,Tanker,C032,1400,1000,false,false,false,true,Cancelled,SAR
H7-4,2026-09-04,Synthetic Customer 5,Domestic,Dammam,Jubail,Dammam → Jubail,Tanker,C029,1400,1000,true,true,false,false,,SAR
H7-5,2026-09-03,Synthetic Customer 6,Domestic,Dammam,Jubail,Dammam → Jubail,Tanker,C030,1400,1000,true,true,false,false,,SAR
H7-6,2026-09-02,Synthetic Customer 7,Domestic,Dammam,Jubail,Dammam → Jubail,Tanker,C031,1400,1000,true,true,false,false,,SAR
H7-7,2026-09-02,Synthetic Customer 1,Domestic,Dammam,Jubail,Dammam → Jubail,Tanker,C032,1400,1000,true,true,false,false,,SAR
H7-8,2026-09-01,Synthetic Customer 2,Domestic,Dammam,Jubail,Dammam → Jubail,Tanker,C029,1400,1000,true,true,true,false,,SAR
H7-9,2026-08-31,Synthetic Customer 3,Domestic,Dammam,Jubail,Dammam → Jubail,Tanker,C030,1400,1000,true,true,true,false,,SAR
H7-10,2026-08-31,Synthetic Customer 4,Domestic,Dammam,Jubail,Dammam → Jubail,Tanker,C031,1400,1000,true,true,true,false,,SAR
H7-11,2026-08-30,Synthetic Customer 5,Domestic,Dammam,Jubail,Dammam → Jubail,Tanker,C032,1400,1000,true,true,true,false,,SAR
H7-12,2026-08-29,Synthetic Customer 6,Domestic,Dammam,Jubail,Dammam → Jubail,Tanker,C029,1400,1000,true,true,true,false,,SAR
H7-13,2026-08-29,Synthetic Customer 7,Domestic,Dammam,Jubail,Dammam → Jubail,Tanker,C030,1400,1000,true,true,true,false,,SAR
H7-14,2026-08-28,Synthetic Customer 1,Domestic,Dammam,Jubail,Dammam → Jubail,Tanker,C031,1400,1000,true,true,true,false,,SAR
H7-15,2026-08-27,Synthetic Customer 2,Domestic,Dammam,Jubail,Dammam → Jubail,Tanker,C032,1400,1000,true,true,true,false,,SAR
H7-16,2026-08-27,Synthetic Customer 3,Domestic,Dammam,Jubail,Dammam → Jubail,Tanker,C029,1400,1000,true,true,true,false,,SAR
H7-17,2026-08-26,Synthetic Customer 4,Domestic,Dammam,Jubail,Dammam → Jubail,Tanker,C030,1400,1000,true,true,true,false,,SAR
H7-18,2026-08-25,Synthetic Customer 5,Domestic,Dammam,Jubail,Dammam → Jubail,Tanker,C031,1400,1000,true,true,true,false,,SAR
H7-19,2026-08-25,Synthetic Customer 6,Domestic,Dammam,Jubail,Dammam → Jubail,Tanker,C032,1400,1000,true,true,true,false,,SAR
H7-20,2026-08-24,Synthetic Customer 7,Domestic,Dammam,Jubail,Dammam → Jubail,Tanker,C029,1400,1000,true,true,true,false,,SAR
H7-21,2026-08-23,Synthetic Customer 1,Domestic,Dammam,Jubail,Dammam → Jubail,Tanker,C030,1400,1000,true,true,true,false,,SAR
H7-22,2026-08-23,Synthetic Customer 2,Domestic,Dammam,Jubail,Dammam → Jubail,Tanker,C031,1400,1000,true,true,true,false,,SAR
H7-23,2026-08-22,Synthetic Customer 3,Domestic,Dammam,Jubail,Dammam → Jubail,Tanker,C032,1400,1000,true,true,true,false,,SAR
H7-24,2026-08-21,Synthetic Customer 4,Domestic,Dammam,Jubail,Dammam → Jubail,Tanker,C029,1400,1000,true,true,true,false,,SAR
H7-25,2026-08-21,Synthetic Customer 5,Domestic,Dammam,Jubail,Dammam → Jubail,Tanker,C030,1400,1000,true,true,true,false,,SAR
H7-26,2026-08-20,Synthetic Customer 6,Domestic,Dammam,Jubail,Dammam → Jubail,Tanker,C031,1400,1000,true,true,true,false,,SAR
H7-27,2026-08-19,Synthetic Customer 7,Domestic,Dammam,Jubail,Dammam → Jubail,Tanker,C032,1400,1000,true,true,true,false,,SAR
H7-28,2026-08-19,Synthetic Customer 1,Domestic,Dammam,Jubail,Dammam → Jubail,Tanker,C029,1400,1000,true,true,true,false,,SAR
H7-29,2026-08-18,Synthetic Customer 2,Domestic,Dammam,Jubail,Dammam → Jubail,Tanker,C030,1400,1000,true,true,true,false,,SAR
H7-30,2026-08-17,Synthetic Customer 3,Domestic,Dammam,Jubail,Dammam → Jubail,Tanker,C031,1400,1000,true,true,true,false,,SAR
H7-31,2026-08-17,Synthetic Customer 4,Domestic,Dammam,Jubail,Dammam → Jubail,Tanker,C032,1400,1000,true,true,true,false,,SAR
H7-32,2026-08-16,Synthetic Customer 5,Domestic,Dammam,Jubail,Dammam → Jubail,Tanker,C029,1400,1000,true,true,true,false,,SAR
H7-33,2026-08-15,Synthetic Customer 6,Domestic,Dammam,Jubail,Dammam → Jubail,Tanker,C030,1400,1000,true,true,true,false,,SAR
H7-34,2026-08-15,Synthetic Customer 7,Domestic,Dammam,Jubail,Dammam → Jubail,Tanker,C031,1400,1000,true,true,true,false,,SAR
H7-35,2026-08-14,Synthetic Customer 1,Domestic,Dammam,Jubail,Dammam → Jubail,Tanker,C032,1400,1000,true,true,true,false,,SAR
H7-36,2026-08-13,Synthetic Customer 2,Domestic,Dammam,Jubail,Dammam → Jubail,Tanker,C029,1400,1000,true,true,true,false,,SAR
H7-37,2026-08-13,Synthetic Customer 3,Domestic,Dammam,Jubail,Dammam → Jubail,Tanker,C030,1400,1000,true,true,true,false,,SAR
H7-38,2026-08-12,Synthetic Customer 4,Domestic,Dammam,Jubail,Dammam → Jubail,Tanker,C031,1400,1000,true,true,true,false,,SAR
H7-39,2026-08-11,Synthetic Customer 5,Domestic,Dammam,Jubail,Dammam → Jubail,Tanker,C032,1400,1000,true,true,true,false,,SAR
H7-40,2026-08-11,Synthetic Customer 6,Domestic,Dammam,Jubail,Dammam → Jubail,Tanker,C029,1400,1000,true,true,true,false,,SAR
H7-41,2026-08-10,Synthetic Customer 7,Domestic,Dammam,Jubail,Dammam → Jubail,Tanker,C030,1400,1000,true,true,true,false,,SAR
H7-42,2026-08-09,Synthetic Customer 1,Domestic,Dammam,Jubail,Dammam → Jubail,Tanker,C031,1400,1000,true,true,true,false,,SAR
H7-43,2026-08-08,Synthetic Customer 2,Domestic,Dammam,Jubail,Dammam → Jubail,Tanker,C032,1400,1000,true,true,true,false,,SAR
H7-44,2026-08-08,Synthetic Customer 3,Domestic,Dammam,Jubail,Dammam → Jubail,Tanker,C029,1400,1000,true,true,true,false,,SAR
H7-45,2026-08-07,Synthetic Customer 4,Domestic,Dammam,Jubail,Dammam → Jubail,Tanker,C030,1400,1000,true,true,true,false,,SAR
H7-46,2026-08-06,Synthetic Customer 5,Domestic,Dammam,Jubail,Dammam → Jubail,Tanker,C031,1400,1000,true,true,true,false,,SAR
H7-47,2026-08-06,Synthetic Customer 6,Domestic,Dammam,Jubail,Dammam → Jubail,Tanker,C032,1400,1000,true,true,true,false,,SAR
H7-48,2026-08-05,Synthetic Customer 7,Domestic,Dammam,Jubail,Dammam → Jubail,Tanker,C029,1400,1000,true,true,true,false,,SAR
H7-49,2026-08-04,Synthetic Customer 1,Domestic,Dammam,Jubail,Dammam → Jubail,Tanker,C030,1400,1000,true,true,true,false,,SAR
H7-50,2026-08-04,Synthetic Customer 2,Domestic,Dammam,Jubail,Dammam → Jubail,Tanker,C031,1400,1000,true,true,true,false,,SAR
H7-51,2026-08-03,Synthetic Customer 3,Domestic,Dammam,Jubail,Dammam → Jubail,Tanker,C032,1400,1000,true,true,true,false,,SAR
H7-52,2026-08-02,Synthetic Customer 4,Domestic,Dammam,Jubail,Dammam → Jubail,Tanker,C029,1400,1000,true,true,true,false,,SAR
H7-53,2026-08-02,Synthetic Customer 5,Domestic,Dammam,Jubail,Dammam → Jubail,Tanker,C030,1400,1000,true,true,true,false,,SAR
H7-54,2026-08-01,Synthetic Customer 6,Domestic,Dammam,Jubail,Dammam → Jubail,Tanker,C031,1400,1000,true,true,true,false,,SAR
H7-55,2026-07-31,Synthetic Customer 7,Domestic,Dammam,Jubail,Dammam → Jubail,Tanker,C032,1400,1000,true,true,true,false,,SAR
H7-56,2026-07-31,Synthetic Customer 1,Domestic,Dammam,Jubail,Dammam → Jubail,Tanker,C029,1400,1000,true,true,true,false,,SAR
H7-57,2026-07-30,Synthetic Customer 2,Domestic,Dammam,Jubail,Dammam → Jubail,Tanker,C030,1400,1000,true,true,true,false,,SAR
H7-58,2026-07-29,Synthetic Customer 3,Domestic,Dammam,Jubail,Dammam → Jubail,Tanker,C031,1400,1000,true,true,true,false,,SAR
H7-59,2026-07-29,Synthetic Customer 4,Domestic,Dammam,Jubail,Dammam → Jubail,Tanker,C032,1400,1000,true,true,true,false,,SAR
H7-60,2026-07-28,Synthetic Customer 5,Domestic,Dammam,Jubail,Dammam → Jubail,Tanker,C029,1400,1000,true,true,true,false,,SAR
H7-61,2026-07-27,Synthetic Customer 6,Domestic,Dammam,Jubail,Dammam → Jubail,Tanker,C030,1400,1000,true,true,true,false,,SAR
H7-62,2026-07-27,Synthetic Customer 7,Domestic,Dammam,Jubail,Dammam → Jubail,Tanker,C031,1400,1000,true,true,true,false,,SAR
H7-63,2026-07-26,Synthetic Customer 1,Domestic,Dammam,Jubail,Dammam → Jubail,Tanker,C032,1400,1000,true,true,true,false,,SAR
H7-64,2026-07-25,Synthetic Customer 2,Domestic,Dammam,Jubail,Dammam → Jubail,Tanker,C029,1400,1000,true,true,true,false,,SAR
H7-65,2026-07-25,Synthetic Customer 3,Domestic,Dammam,Jubail,Dammam → Jubail,Tanker,C030,1400,1000,true,true,true,false,,SAR
H7-66,2026-07-24,Synthetic Customer 4,Domestic,Dammam,Jubail,Dammam → Jubail,Tanker,C031,1400,1000,true,true,true,false,,SAR
H7-67,2026-07-23,Synthetic Customer 5,Domestic,Dammam,Jubail,Dammam → Jubail,Tanker,C032,1400,1000,true,true,true,false,,SAR
H7-68,2026-07-23,Synthetic Customer 6,Domestic,Dammam,Jubail,Dammam → Jubail,Tanker,C029,1400,1000,true,true,true,false,,SAR
H7-69,2026-07-22,Synthetic Customer 7,Domestic,Dammam,Jubail,Dammam → Jubail,Tanker,C030,1400,1000,true,true,true,false,,SAR
H7-70,2026-07-21,Synthetic Customer 1,Domestic,Dammam,Jubail,Dammam → Jubail,Tanker,C031,1400,1000,true,true,true,false,,SAR
H7-71,2026-07-21,Synthetic Customer 2,Domestic,Dammam,Jubail,Dammam → Jubail,Tanker,C032,1400,1000,true,true,true,false,,SAR
H7-72,2026-07-20,Synthetic Customer 3,Domestic,Dammam,Jubail,Dammam → Jubail,Tanker,C029,1400,1000,true,true,true,false,,SAR
H7-73,2026-07-19,Synthetic Customer 4,Domestic,Dammam,Jubail,Dammam → Jubail,Tanker,C030,1400,1000,true,true,true,false,,SAR
H7-74,2026-07-19,Synthetic Customer 5,Domestic,Dammam,Jubail,Dammam → Jubail,Tanker,C031,1400,1000,true,true,true,false,,SAR
H7-75,2026-07-18,Synthetic Customer 6,Domestic,Dammam,Jubail,Dammam → Jubail,Tanker,C032,1400,1000,true,true,true,false,,SAR
H7-76,2026-07-17,Synthetic Customer 7,Domestic,Dammam,Jubail,Dammam → Jubail,Tanker,C029,1400,1000,true,true,true,false,,SAR
H7-77,2026-07-17,Synthetic Customer 1,Domestic,Dammam,Jubail,Dammam → Jubail,Tanker,C030,1400,1000,true,true,true,false,,SAR
H7-78,2026-07-16,Synthetic Customer 2,Domestic,Dammam,Jubail,Dammam → Jubail,Tanker,C031,1400,1000,true,true,true,false,,SAR
H7-79,2026-07-15,Synthetic Customer 3,Domestic,Dammam,Jubail,Dammam → Jubail,Tanker,C032,1400,1000,true,true,true,false,,SAR
H7-80,2026-07-15,Synthetic Customer 4,Domestic,Dammam,Jubail,Dammam → Jubail,Tanker,C029,1400,1000,true,true,true,false,,SAR
H7-81,2026-07-14,Synthetic Customer 5,Domestic,Dammam,Jubail,Dammam → Jubail,Tanker,C030,1400,1000,true,true,true,false,,SAR
H7-82,2026-07-13,Synthetic Customer 6,Domestic,Dammam,Jubail,Dammam → Jubail,Tanker,C031,1400,1000,true,true,true,false,,SAR
H7-83,2026-06-09,Synthetic Customer 7,Domestic,Dammam,Jubail,Dammam → Jubail,Tanker,C032,1400,1000,true,true,true,false,,SAR
H8-0,2026-09-06,Synthetic Customer 1,Projects,Jubail,Riyadh,Jubail → Riyadh,Flatbed,C033,1400,1000,false,false,false,true,Cancelled,SAR
H8-1,2026-09-06,Synthetic Customer 2,Projects,Jubail,Riyadh,Jubail → Riyadh,Flatbed,C034,1400,1000,false,false,false,true,Cancelled,SAR
H8-2,2026-09-05,Synthetic Customer 3,Projects,Jubail,Riyadh,Jubail → Riyadh,Flatbed,C035,1400,1000,false,false,false,true,Cancelled,SAR
H8-3,2026-09-04,Synthetic Customer 4,Projects,Jubail,Riyadh,Jubail → Riyadh,Flatbed,C036,1400,1000,false,false,false,true,Cancelled,SAR
H8-4,2026-09-04,Synthetic Customer 5,Projects,Jubail,Riyadh,Jubail → Riyadh,Flatbed,C033,1400,1000,true,true,false,false,,SAR
H8-5,2026-09-03,Synthetic Customer 6,Projects,Jubail,Riyadh,Jubail → Riyadh,Flatbed,C034,1400,1000,true,true,false,false,,SAR
H8-6,2026-09-02,Synthetic Customer 7,Projects,Jubail,Riyadh,Jubail → Riyadh,Flatbed,C035,1400,1000,true,true,false,false,,SAR
H8-7,2026-09-02,Synthetic Customer 1,Projects,Jubail,Riyadh,Jubail → Riyadh,Flatbed,C036,1400,1000,true,true,false,false,,SAR
H8-8,2026-09-01,Synthetic Customer 2,Projects,Jubail,Riyadh,Jubail → Riyadh,Flatbed,C033,1400,1000,true,true,true,false,,SAR
H8-9,2026-08-31,Synthetic Customer 3,Projects,Jubail,Riyadh,Jubail → Riyadh,Flatbed,C034,1400,1000,true,true,true,false,,SAR
H8-10,2026-08-31,Synthetic Customer 4,Projects,Jubail,Riyadh,Jubail → Riyadh,Flatbed,C035,1400,1000,true,true,true,false,,SAR
H8-11,2026-08-30,Synthetic Customer 5,Projects,Jubail,Riyadh,Jubail → Riyadh,Flatbed,C036,1400,1000,true,true,true,false,,SAR
H8-12,2026-08-29,Synthetic Customer 6,Projects,Jubail,Riyadh,Jubail → Riyadh,Flatbed,C033,1400,1000,true,true,true,false,,SAR
H8-13,2026-08-29,Synthetic Customer 7,Projects,Jubail,Riyadh,Jubail → Riyadh,Flatbed,C034,1400,1000,true,true,true,false,,SAR
H8-14,2026-08-28,Synthetic Customer 1,Projects,Jubail,Riyadh,Jubail → Riyadh,Flatbed,C035,1400,1000,true,true,true,false,,SAR
H8-15,2026-08-27,Synthetic Customer 2,Projects,Jubail,Riyadh,Jubail → Riyadh,Flatbed,C036,1400,1000,true,true,true,false,,SAR
H8-16,2026-08-27,Synthetic Customer 3,Projects,Jubail,Riyadh,Jubail → Riyadh,Flatbed,C033,1400,1000,true,true,true,false,,SAR
H8-17,2026-08-26,Synthetic Customer 4,Projects,Jubail,Riyadh,Jubail → Riyadh,Flatbed,C034,1400,1000,true,true,true,false,,SAR
H8-18,2026-08-25,Synthetic Customer 5,Projects,Jubail,Riyadh,Jubail → Riyadh,Flatbed,C035,1400,1000,true,true,true,false,,SAR
H8-19,2026-08-25,Synthetic Customer 6,Projects,Jubail,Riyadh,Jubail → Riyadh,Flatbed,C036,1400,1000,true,true,true,false,,SAR
H8-20,2026-08-24,Synthetic Customer 7,Projects,Jubail,Riyadh,Jubail → Riyadh,Flatbed,C033,1400,1000,true,true,true,false,,SAR
H8-21,2026-08-23,Synthetic Customer 1,Projects,Jubail,Riyadh,Jubail → Riyadh,Flatbed,C034,1400,1000,true,true,true,false,,SAR
H8-22,2026-08-23,Synthetic Customer 2,Projects,Jubail,Riyadh,Jubail → Riyadh,Flatbed,C035,1400,1000,true,true,true,false,,SAR
H8-23,2026-08-22,Synthetic Customer 3,Projects,Jubail,Riyadh,Jubail → Riyadh,Flatbed,C036,1400,1000,true,true,true,false,,SAR
H8-24,2026-08-21,Synthetic Customer 4,Projects,Jubail,Riyadh,Jubail → Riyadh,Flatbed,C033,1400,1000,true,true,true,false,,SAR
H8-25,2026-08-21,Synthetic Customer 5,Projects,Jubail,Riyadh,Jubail → Riyadh,Flatbed,C034,1400,1000,true,true,true,false,,SAR
H8-26,2026-08-20,Synthetic Customer 6,Projects,Jubail,Riyadh,Jubail → Riyadh,Flatbed,C035,1400,1000,true,true,true,false,,SAR
H8-27,2026-08-19,Synthetic Customer 7,Projects,Jubail,Riyadh,Jubail → Riyadh,Flatbed,C036,1400,1000,true,true,true,false,,SAR
H8-28,2026-08-19,Synthetic Customer 1,Projects,Jubail,Riyadh,Jubail → Riyadh,Flatbed,C033,1400,1000,true,true,true,false,,SAR
H8-29,2026-08-18,Synthetic Customer 2,Projects,Jubail,Riyadh,Jubail → Riyadh,Flatbed,C034,1400,1000,true,true,true,false,,SAR
H8-30,2026-08-17,Synthetic Customer 3,Projects,Jubail,Riyadh,Jubail → Riyadh,Flatbed,C035,1400,1000,true,true,true,false,,SAR
H8-31,2026-08-17,Synthetic Customer 4,Projects,Jubail,Riyadh,Jubail → Riyadh,Flatbed,C036,1400,1000,true,true,true,false,,SAR
H8-32,2026-08-16,Synthetic Customer 5,Projects,Jubail,Riyadh,Jubail → Riyadh,Flatbed,C033,1400,1000,true,true,true,false,,SAR
H8-33,2026-08-15,Synthetic Customer 6,Projects,Jubail,Riyadh,Jubail → Riyadh,Flatbed,C034,1400,1000,true,true,true,false,,SAR
H8-34,2026-08-15,Synthetic Customer 7,Projects,Jubail,Riyadh,Jubail → Riyadh,Flatbed,C035,1400,1000,true,true,true,false,,SAR
H8-35,2026-08-14,Synthetic Customer 1,Projects,Jubail,Riyadh,Jubail → Riyadh,Flatbed,C036,1400,1000,true,true,true,false,,SAR
H8-36,2026-08-13,Synthetic Customer 2,Projects,Jubail,Riyadh,Jubail → Riyadh,Flatbed,C033,1400,1000,true,true,true,false,,SAR
H8-37,2026-08-13,Synthetic Customer 3,Projects,Jubail,Riyadh,Jubail → Riyadh,Flatbed,C034,1400,1000,true,true,true,false,,SAR
H8-38,2026-08-12,Synthetic Customer 4,Projects,Jubail,Riyadh,Jubail → Riyadh,Flatbed,C035,1400,1000,true,true,true,false,,SAR
H8-39,2026-08-11,Synthetic Customer 5,Projects,Jubail,Riyadh,Jubail → Riyadh,Flatbed,C036,1400,1000,true,true,true,false,,SAR
H8-40,2026-08-11,Synthetic Customer 6,Projects,Jubail,Riyadh,Jubail → Riyadh,Flatbed,C033,1400,1000,true,true,true,false,,SAR
H8-41,2026-08-10,Synthetic Customer 7,Projects,Jubail,Riyadh,Jubail → Riyadh,Flatbed,C034,1400,1000,true,true,true,false,,SAR
H8-42,2026-08-09,Synthetic Customer 1,Projects,Jubail,Riyadh,Jubail → Riyadh,Flatbed,C035,1400,1000,true,true,true,false,,SAR
H8-43,2026-08-08,Synthetic Customer 2,Projects,Jubail,Riyadh,Jubail → Riyadh,Flatbed,C036,1400,1000,true,true,true,false,,SAR
H8-44,2026-08-08,Synthetic Customer 3,Projects,Jubail,Riyadh,Jubail → Riyadh,Flatbed,C033,1400,1000,true,true,true,false,,SAR
H8-45,2026-08-07,Synthetic Customer 4,Projects,Jubail,Riyadh,Jubail → Riyadh,Flatbed,C034,1400,1000,true,true,true,false,,SAR
H8-46,2026-08-06,Synthetic Customer 5,Projects,Jubail,Riyadh,Jubail → Riyadh,Flatbed,C035,1400,1000,true,true,true,false,,SAR
H8-47,2026-08-06,Synthetic Customer 6,Projects,Jubail,Riyadh,Jubail → Riyadh,Flatbed,C036,1400,1000,true,true,true,false,,SAR
H8-48,2026-08-05,Synthetic Customer 7,Projects,Jubail,Riyadh,Jubail → Riyadh,Flatbed,C033,1400,1000,true,true,true,false,,SAR
H8-49,2026-08-04,Synthetic Customer 1,Projects,Jubail,Riyadh,Jubail → Riyadh,Flatbed,C034,1400,1000,true,true,true,false,,SAR
H8-50,2026-08-04,Synthetic Customer 2,Projects,Jubail,Riyadh,Jubail → Riyadh,Flatbed,C035,1400,1000,true,true,true,false,,SAR
H8-51,2026-08-03,Synthetic Customer 3,Projects,Jubail,Riyadh,Jubail → Riyadh,Flatbed,C036,1400,1000,true,true,true,false,,SAR
H8-52,2026-08-02,Synthetic Customer 4,Projects,Jubail,Riyadh,Jubail → Riyadh,Flatbed,C033,1400,1000,true,true,true,false,,SAR
H8-53,2026-08-02,Synthetic Customer 5,Projects,Jubail,Riyadh,Jubail → Riyadh,Flatbed,C034,1400,1000,true,true,true,false,,SAR
H8-54,2026-08-01,Synthetic Customer 6,Projects,Jubail,Riyadh,Jubail → Riyadh,Flatbed,C035,1400,1000,true,true,true,false,,SAR
H8-55,2026-07-31,Synthetic Customer 7,Projects,Jubail,Riyadh,Jubail → Riyadh,Flatbed,C036,1400,1000,true,true,true,false,,SAR
H8-56,2026-07-31,Synthetic Customer 1,Projects,Jubail,Riyadh,Jubail → Riyadh,Flatbed,C033,1400,1000,true,true,true,false,,SAR
H8-57,2026-07-30,Synthetic Customer 2,Projects,Jubail,Riyadh,Jubail → Riyadh,Flatbed,C034,1400,1000,true,true,true,false,,SAR
H8-58,2026-07-29,Synthetic Customer 3,Projects,Jubail,Riyadh,Jubail → Riyadh,Flatbed,C035,1400,1000,true,true,true,false,,SAR
H8-59,2026-07-29,Synthetic Customer 4,Projects,Jubail,Riyadh,Jubail → Riyadh,Flatbed,C036,1400,1000,true,true,true,false,,SAR
H8-60,2026-07-28,Synthetic Customer 5,Projects,Jubail,Riyadh,Jubail → Riyadh,Flatbed,C033,1400,1000,true,true,true,false,,SAR
H8-61,2026-07-27,Synthetic Customer 6,Projects,Jubail,Riyadh,Jubail → Riyadh,Flatbed,C034,1400,1000,true,true,true,false,,SAR
H8-62,2026-07-27,Synthetic Customer 7,Projects,Jubail,Riyadh,Jubail → Riyadh,Flatbed,C035,1400,1000,true,true,true,false,,SAR
H8-63,2026-07-26,Synthetic Customer 1,Projects,Jubail,Riyadh,Jubail → Riyadh,Flatbed,C036,1400,1000,true,true,true,false,,SAR
H8-64,2026-07-25,Synthetic Customer 2,Projects,Jubail,Riyadh,Jubail → Riyadh,Flatbed,C033,1400,1000,true,true,true,false,,SAR
H8-65,2026-07-25,Synthetic Customer 3,Projects,Jubail,Riyadh,Jubail → Riyadh,Flatbed,C034,1400,1000,true,true,true,false,,SAR
H8-66,2026-07-24,Synthetic Customer 4,Projects,Jubail,Riyadh,Jubail → Riyadh,Flatbed,C035,1400,1000,true,true,true,false,,SAR
H8-67,2026-07-23,Synthetic Customer 5,Projects,Jubail,Riyadh,Jubail → Riyadh,Flatbed,C036,1400,1000,true,true,true,false,,SAR
H8-68,2026-07-23,Synthetic Customer 6,Projects,Jubail,Riyadh,Jubail → Riyadh,Flatbed,C033,1400,1000,true,true,true,false,,SAR
H8-69,2026-07-22,Synthetic Customer 7,Projects,Jubail,Riyadh,Jubail → Riyadh,Flatbed,C034,1400,1000,true,true,true,false,,SAR
H8-70,2026-07-21,Synthetic Customer 1,Projects,Jubail,Riyadh,Jubail → Riyadh,Flatbed,C035,1400,1000,true,true,true,false,,SAR
H8-71,2026-07-21,Synthetic Customer 2,Projects,Jubail,Riyadh,Jubail → Riyadh,Flatbed,C036,1400,1000,true,true,true,false,,SAR
H8-72,2026-07-20,Synthetic Customer 3,Projects,Jubail,Riyadh,Jubail → Riyadh,Flatbed,C033,1400,1000,true,true,true,false,,SAR
H8-73,2026-07-19,Synthetic Customer 4,Projects,Jubail,Riyadh,Jubail → Riyadh,Flatbed,C034,1400,1000,true,true,true,false,,SAR
H8-74,2026-07-19,Synthetic Customer 5,Projects,Jubail,Riyadh,Jubail → Riyadh,Flatbed,C035,1400,1000,true,true,true,false,,SAR
H8-75,2026-07-18,Synthetic Customer 6,Projects,Jubail,Riyadh,Jubail → Riyadh,Flatbed,C036,1400,1000,true,true,true,false,,SAR
H8-76,2026-07-17,Synthetic Customer 7,Projects,Jubail,Riyadh,Jubail → Riyadh,Flatbed,C033,1400,1000,true,true,true,false,,SAR
H8-77,2026-07-17,Synthetic Customer 1,Projects,Jubail,Riyadh,Jubail → Riyadh,Flatbed,C034,1400,1000,true,true,true,false,,SAR
H8-78,2026-07-16,Synthetic Customer 2,Projects,Jubail,Riyadh,Jubail → Riyadh,Flatbed,C035,1400,1000,true,true,true,false,,SAR
H8-79,2026-07-15,Synthetic Customer 3,Projects,Jubail,Riyadh,Jubail → Riyadh,Flatbed,C036,1400,1000,true,true,true,false,,SAR
H8-80,2026-07-15,Synthetic Customer 4,Projects,Jubail,Riyadh,Jubail → Riyadh,Flatbed,C033,1400,1000,true,true,true,false,,SAR
H8-81,2026-07-14,Synthetic Customer 5,Projects,Jubail,Riyadh,Jubail → Riyadh,Flatbed,C034,1400,1000,true,true,true,false,,SAR
H8-82,2026-07-13,Synthetic Customer 6,Projects,Jubail,Riyadh,Jubail → Riyadh,Flatbed,C035,1400,1000,true,true,true,false,,SAR
H8-83,2026-06-09,Synthetic Customer 7,Projects,Jubail,Riyadh,Jubail → Riyadh,Flatbed,C036,1400,1000,true,true,true,false,,SAR
H9-0,2026-09-06,Synthetic Customer 1,Cross-Border,Riyadh,Generic Border Hub,Riyadh → Generic Border Hub,Dry Van,C037,1400,1000,false,false,false,true,Cancelled,SAR
H9-1,2026-09-06,Synthetic Customer 2,Cross-Border,Riyadh,Generic Border Hub,Riyadh → Generic Border Hub,Dry Van,C038,1400,1000,false,false,false,true,Cancelled,SAR
H9-2,2026-09-05,Synthetic Customer 3,Cross-Border,Riyadh,Generic Border Hub,Riyadh → Generic Border Hub,Dry Van,C039,1400,1000,false,false,false,true,Cancelled,SAR
H9-3,2026-09-04,Synthetic Customer 4,Cross-Border,Riyadh,Generic Border Hub,Riyadh → Generic Border Hub,Dry Van,C040,1400,1000,false,false,false,true,Cancelled,SAR
H9-4,2026-09-04,Synthetic Customer 5,Cross-Border,Riyadh,Generic Border Hub,Riyadh → Generic Border Hub,Dry Van,C037,1400,1000,true,true,false,false,,SAR
H9-5,2026-09-03,Synthetic Customer 6,Cross-Border,Riyadh,Generic Border Hub,Riyadh → Generic Border Hub,Dry Van,C038,1400,1000,true,true,false,false,,SAR
H9-6,2026-09-02,Synthetic Customer 7,Cross-Border,Riyadh,Generic Border Hub,Riyadh → Generic Border Hub,Dry Van,C039,1400,1000,true,true,false,false,,SAR
H9-7,2026-09-02,Synthetic Customer 1,Cross-Border,Riyadh,Generic Border Hub,Riyadh → Generic Border Hub,Dry Van,C040,1400,1000,true,true,false,false,,SAR
H9-8,2026-09-01,Synthetic Customer 2,Cross-Border,Riyadh,Generic Border Hub,Riyadh → Generic Border Hub,Dry Van,C037,1400,1000,true,true,true,false,,SAR
H9-9,2026-08-31,Synthetic Customer 3,Cross-Border,Riyadh,Generic Border Hub,Riyadh → Generic Border Hub,Dry Van,C038,1400,1000,true,true,true,false,,SAR
H9-10,2026-08-31,Synthetic Customer 4,Cross-Border,Riyadh,Generic Border Hub,Riyadh → Generic Border Hub,Dry Van,C039,1400,1000,true,true,true,false,,SAR
H9-11,2026-08-30,Synthetic Customer 5,Cross-Border,Riyadh,Generic Border Hub,Riyadh → Generic Border Hub,Dry Van,C040,1400,1000,true,true,true,false,,SAR
H9-12,2026-08-29,Synthetic Customer 6,Cross-Border,Riyadh,Generic Border Hub,Riyadh → Generic Border Hub,Dry Van,C037,1400,1000,true,true,true,false,,SAR
H9-13,2026-08-29,Synthetic Customer 7,Cross-Border,Riyadh,Generic Border Hub,Riyadh → Generic Border Hub,Dry Van,C038,1400,1000,true,true,true,false,,SAR
H9-14,2026-08-28,Synthetic Customer 1,Cross-Border,Riyadh,Generic Border Hub,Riyadh → Generic Border Hub,Dry Van,C039,1400,1000,true,true,true,false,,SAR
H9-15,2026-08-27,Synthetic Customer 2,Cross-Border,Riyadh,Generic Border Hub,Riyadh → Generic Border Hub,Dry Van,C040,1400,1000,true,true,true,false,,SAR
H9-16,2026-08-27,Synthetic Customer 3,Cross-Border,Riyadh,Generic Border Hub,Riyadh → Generic Border Hub,Dry Van,C037,1400,1000,true,true,true,false,,SAR
H9-17,2026-08-26,Synthetic Customer 4,Cross-Border,Riyadh,Generic Border Hub,Riyadh → Generic Border Hub,Dry Van,C038,1400,1000,true,true,true,false,,SAR
H9-18,2026-08-25,Synthetic Customer 5,Cross-Border,Riyadh,Generic Border Hub,Riyadh → Generic Border Hub,Dry Van,C039,1400,1000,true,true,true,false,,SAR
H9-19,2026-08-25,Synthetic Customer 6,Cross-Border,Riyadh,Generic Border Hub,Riyadh → Generic Border Hub,Dry Van,C040,1400,1000,true,true,true,false,,SAR
H9-20,2026-08-24,Synthetic Customer 7,Cross-Border,Riyadh,Generic Border Hub,Riyadh → Generic Border Hub,Dry Van,C037,1400,1000,true,true,true,false,,SAR
H9-21,2026-08-23,Synthetic Customer 1,Cross-Border,Riyadh,Generic Border Hub,Riyadh → Generic Border Hub,Dry Van,C038,1400,1000,true,true,true,false,,SAR
H9-22,2026-08-23,Synthetic Customer 2,Cross-Border,Riyadh,Generic Border Hub,Riyadh → Generic Border Hub,Dry Van,C039,1400,1000,true,true,true,false,,SAR
H9-23,2026-08-22,Synthetic Customer 3,Cross-Border,Riyadh,Generic Border Hub,Riyadh → Generic Border Hub,Dry Van,C040,1400,1000,true,true,true,false,,SAR
H9-24,2026-08-21,Synthetic Customer 4,Cross-Border,Riyadh,Generic Border Hub,Riyadh → Generic Border Hub,Dry Van,C037,1400,1000,true,true,true,false,,SAR
H9-25,2026-08-21,Synthetic Customer 5,Cross-Border,Riyadh,Generic Border Hub,Riyadh → Generic Border Hub,Dry Van,C038,1400,1000,true,true,true,false,,SAR
H9-26,2026-08-20,Synthetic Customer 6,Cross-Border,Riyadh,Generic Border Hub,Riyadh → Generic Border Hub,Dry Van,C039,1400,1000,true,true,true,false,,SAR
H9-27,2026-08-19,Synthetic Customer 7,Cross-Border,Riyadh,Generic Border Hub,Riyadh → Generic Border Hub,Dry Van,C040,1400,1000,true,true,true,false,,SAR
H9-28,2026-08-19,Synthetic Customer 1,Cross-Border,Riyadh,Generic Border Hub,Riyadh → Generic Border Hub,Dry Van,C037,1400,1000,true,true,true,false,,SAR
H9-29,2026-08-18,Synthetic Customer 2,Cross-Border,Riyadh,Generic Border Hub,Riyadh → Generic Border Hub,Dry Van,C038,1400,1000,true,true,true,false,,SAR
H9-30,2026-08-17,Synthetic Customer 3,Cross-Border,Riyadh,Generic Border Hub,Riyadh → Generic Border Hub,Dry Van,C039,1400,1000,true,true,true,false,,SAR
H9-31,2026-08-17,Synthetic Customer 4,Cross-Border,Riyadh,Generic Border Hub,Riyadh → Generic Border Hub,Dry Van,C040,1400,1000,true,true,true,false,,SAR
H9-32,2026-08-16,Synthetic Customer 5,Cross-Border,Riyadh,Generic Border Hub,Riyadh → Generic Border Hub,Dry Van,C037,1400,1000,true,true,true,false,,SAR
H9-33,2026-08-15,Synthetic Customer 6,Cross-Border,Riyadh,Generic Border Hub,Riyadh → Generic Border Hub,Dry Van,C038,1400,1000,true,true,true,false,,SAR
H9-34,2026-08-15,Synthetic Customer 7,Cross-Border,Riyadh,Generic Border Hub,Riyadh → Generic Border Hub,Dry Van,C039,1400,1000,true,true,true,false,,SAR
H9-35,2026-08-14,Synthetic Customer 1,Cross-Border,Riyadh,Generic Border Hub,Riyadh → Generic Border Hub,Dry Van,C040,1400,1000,true,true,true,false,,SAR
H9-36,2026-08-13,Synthetic Customer 2,Cross-Border,Riyadh,Generic Border Hub,Riyadh → Generic Border Hub,Dry Van,C037,1400,1000,true,true,true,false,,SAR
H9-37,2026-08-13,Synthetic Customer 3,Cross-Border,Riyadh,Generic Border Hub,Riyadh → Generic Border Hub,Dry Van,C038,1400,1000,true,true,true,false,,SAR
H9-38,2026-08-12,Synthetic Customer 4,Cross-Border,Riyadh,Generic Border Hub,Riyadh → Generic Border Hub,Dry Van,C039,1400,1000,true,true,true,false,,SAR
H9-39,2026-08-11,Synthetic Customer 5,Cross-Border,Riyadh,Generic Border Hub,Riyadh → Generic Border Hub,Dry Van,C040,1400,1000,true,true,true,false,,SAR
H9-40,2026-08-11,Synthetic Customer 6,Cross-Border,Riyadh,Generic Border Hub,Riyadh → Generic Border Hub,Dry Van,C037,1400,1000,true,true,true,false,,SAR
H9-41,2026-08-10,Synthetic Customer 7,Cross-Border,Riyadh,Generic Border Hub,Riyadh → Generic Border Hub,Dry Van,C038,1400,1000,true,true,true,false,,SAR
H9-42,2026-08-09,Synthetic Customer 1,Cross-Border,Riyadh,Generic Border Hub,Riyadh → Generic Border Hub,Dry Van,C039,1400,1000,true,true,true,false,,SAR
H9-43,2026-08-08,Synthetic Customer 2,Cross-Border,Riyadh,Generic Border Hub,Riyadh → Generic Border Hub,Dry Van,C040,1400,1000,true,true,true,false,,SAR
H9-44,2026-08-08,Synthetic Customer 3,Cross-Border,Riyadh,Generic Border Hub,Riyadh → Generic Border Hub,Dry Van,C037,1400,1000,true,true,true,false,,SAR
H9-45,2026-08-07,Synthetic Customer 4,Cross-Border,Riyadh,Generic Border Hub,Riyadh → Generic Border Hub,Dry Van,C038,1400,1000,true,true,true,false,,SAR
H9-46,2026-08-06,Synthetic Customer 5,Cross-Border,Riyadh,Generic Border Hub,Riyadh → Generic Border Hub,Dry Van,C039,1400,1000,true,true,true,false,,SAR
H9-47,2026-08-06,Synthetic Customer 6,Cross-Border,Riyadh,Generic Border Hub,Riyadh → Generic Border Hub,Dry Van,C040,1400,1000,true,true,true,false,,SAR
H9-48,2026-08-05,Synthetic Customer 7,Cross-Border,Riyadh,Generic Border Hub,Riyadh → Generic Border Hub,Dry Van,C037,1400,1000,true,true,true,false,,SAR
H9-49,2026-08-04,Synthetic Customer 1,Cross-Border,Riyadh,Generic Border Hub,Riyadh → Generic Border Hub,Dry Van,C038,1400,1000,true,true,true,false,,SAR
H9-50,2026-08-04,Synthetic Customer 2,Cross-Border,Riyadh,Generic Border Hub,Riyadh → Generic Border Hub,Dry Van,C039,1400,1000,true,true,true,false,,SAR
H9-51,2026-08-03,Synthetic Customer 3,Cross-Border,Riyadh,Generic Border Hub,Riyadh → Generic Border Hub,Dry Van,C040,1400,1000,true,true,true,false,,SAR
H9-52,2026-08-02,Synthetic Customer 4,Cross-Border,Riyadh,Generic Border Hub,Riyadh → Generic Border Hub,Dry Van,C037,1400,1000,true,true,true,false,,SAR
H9-53,2026-08-02,Synthetic Customer 5,Cross-Border,Riyadh,Generic Border Hub,Riyadh → Generic Border Hub,Dry Van,C038,1400,1000,true,true,true,false,,SAR
H9-54,2026-08-01,Synthetic Customer 6,Cross-Border,Riyadh,Generic Border Hub,Riyadh → Generic Border Hub,Dry Van,C039,1400,1000,true,true,true,false,,SAR
H9-55,2026-07-31,Synthetic Customer 7,Cross-Border,Riyadh,Generic Border Hub,Riyadh → Generic Border Hub,Dry Van,C040,1400,1000,true,true,true,false,,SAR
H9-56,2026-07-31,Synthetic Customer 1,Cross-Border,Riyadh,Generic Border Hub,Riyadh → Generic Border Hub,Dry Van,C037,1400,1000,true,true,true,false,,SAR
H9-57,2026-07-30,Synthetic Customer 2,Cross-Border,Riyadh,Generic Border Hub,Riyadh → Generic Border Hub,Dry Van,C038,1400,1000,true,true,true,false,,SAR
H9-58,2026-07-29,Synthetic Customer 3,Cross-Border,Riyadh,Generic Border Hub,Riyadh → Generic Border Hub,Dry Van,C039,1400,1000,true,true,true,false,,SAR
H9-59,2026-07-29,Synthetic Customer 4,Cross-Border,Riyadh,Generic Border Hub,Riyadh → Generic Border Hub,Dry Van,C040,1400,1000,true,true,true,false,,SAR
H9-60,2026-07-28,Synthetic Customer 5,Cross-Border,Riyadh,Generic Border Hub,Riyadh → Generic Border Hub,Dry Van,C037,1400,1000,true,true,true,false,,SAR
H9-61,2026-07-27,Synthetic Customer 6,Cross-Border,Riyadh,Generic Border Hub,Riyadh → Generic Border Hub,Dry Van,C038,1400,1000,true,true,true,false,,SAR
H9-62,2026-07-27,Synthetic Customer 7,Cross-Border,Riyadh,Generic Border Hub,Riyadh → Generic Border Hub,Dry Van,C039,1400,1000,true,true,true,false,,SAR
H9-63,2026-07-26,Synthetic Customer 1,Cross-Border,Riyadh,Generic Border Hub,Riyadh → Generic Border Hub,Dry Van,C040,1400,1000,true,true,true,false,,SAR
H9-64,2026-07-25,Synthetic Customer 2,Cross-Border,Riyadh,Generic Border Hub,Riyadh → Generic Border Hub,Dry Van,C037,1400,1000,true,true,true,false,,SAR
H9-65,2026-07-25,Synthetic Customer 3,Cross-Border,Riyadh,Generic Border Hub,Riyadh → Generic Border Hub,Dry Van,C038,1400,1000,true,true,true,false,,SAR
H9-66,2026-07-24,Synthetic Customer 4,Cross-Border,Riyadh,Generic Border Hub,Riyadh → Generic Border Hub,Dry Van,C039,1400,1000,true,true,true,false,,SAR
H9-67,2026-07-23,Synthetic Customer 5,Cross-Border,Riyadh,Generic Border Hub,Riyadh → Generic Border Hub,Dry Van,C040,1400,1000,true,true,true,false,,SAR
H9-68,2026-07-23,Synthetic Customer 6,Cross-Border,Riyadh,Generic Border Hub,Riyadh → Generic Border Hub,Dry Van,C037,1400,1000,true,true,true,false,,SAR
H9-69,2026-07-22,Synthetic Customer 7,Cross-Border,Riyadh,Generic Border Hub,Riyadh → Generic Border Hub,Dry Van,C038,1400,1000,true,true,true,false,,SAR
H9-70,2026-07-21,Synthetic Customer 1,Cross-Border,Riyadh,Generic Border Hub,Riyadh → Generic Border Hub,Dry Van,C039,1400,1000,true,true,true,false,,SAR
H9-71,2026-07-21,Synthetic Customer 2,Cross-Border,Riyadh,Generic Border Hub,Riyadh → Generic Border Hub,Dry Van,C040,1400,1000,true,true,true,false,,SAR
H9-72,2026-07-20,Synthetic Customer 3,Cross-Border,Riyadh,Generic Border Hub,Riyadh → Generic Border Hub,Dry Van,C037,1400,1000,true,true,true,false,,SAR
H9-73,2026-07-19,Synthetic Customer 4,Cross-Border,Riyadh,Generic Border Hub,Riyadh → Generic Border Hub,Dry Van,C038,1400,1000,true,true,true,false,,SAR
H9-74,2026-07-19,Synthetic Customer 5,Cross-Border,Riyadh,Generic Border Hub,Riyadh → Generic Border Hub,Dry Van,C039,1400,1000,true,true,true,false,,SAR
H9-75,2026-07-18,Synthetic Customer 6,Cross-Border,Riyadh,Generic Border Hub,Riyadh → Generic Border Hub,Dry Van,C040,1400,1000,true,true,true,false,,SAR
H9-76,2026-07-17,Synthetic Customer 7,Cross-Border,Riyadh,Generic Border Hub,Riyadh → Generic Border Hub,Dry Van,C037,1400,1000,true,true,true,false,,SAR
H9-77,2026-07-17,Synthetic Customer 1,Cross-Border,Riyadh,Generic Border Hub,Riyadh → Generic Border Hub,Dry Van,C038,1400,1000,true,true,true,false,,SAR
H9-78,2026-07-16,Synthetic Customer 2,Cross-Border,Riyadh,Generic Border Hub,Riyadh → Generic Border Hub,Dry Van,C039,1400,1000,true,true,true,false,,SAR
H9-79,2026-07-15,Synthetic Customer 3,Cross-Border,Riyadh,Generic Border Hub,Riyadh → Generic Border Hub,Dry Van,C040,1400,1000,true,true,true,false,,SAR
H9-80,2026-07-15,Synthetic Customer 4,Cross-Border,Riyadh,Generic Border Hub,Riyadh → Generic Border Hub,Dry Van,C037,1400,1000,true,true,true,false,,SAR
H9-81,2026-07-14,Synthetic Customer 5,Cross-Border,Riyadh,Generic Border Hub,Riyadh → Generic Border Hub,Dry Van,C038,1400,1000,true,true,true,false,,SAR
H9-82,2026-07-13,Synthetic Customer 6,Cross-Border,Riyadh,Generic Border Hub,Riyadh → Generic Border Hub,Dry Van,C039,1400,1000,true,true,true,false,,SAR
H9-83,2026-06-09,Synthetic Customer 7,Cross-Border,Riyadh,Generic Border Hub,Riyadh → Generic Border Hub,Dry Van,C040,1400,1000,true,true,true,false,,SAR
H10-0,2026-09-06,Synthetic Customer 1,Ports,Jeddah Islamic Port,Jubail,Jeddah Islamic Port → Jubail,Flatbed,C041,1400,1000,false,false,false,true,Cancelled,SAR
H10-1,2026-09-06,Synthetic Customer 2,Ports,Jeddah Islamic Port,Jubail,Jeddah Islamic Port → Jubail,Flatbed,C042,1400,1000,false,false,false,true,Cancelled,SAR
H10-2,2026-09-05,Synthetic Customer 3,Ports,Jeddah Islamic Port,Jubail,Jeddah Islamic Port → Jubail,Flatbed,C043,1400,1000,false,false,false,true,Cancelled,SAR
H10-3,2026-09-04,Synthetic Customer 4,Ports,Jeddah Islamic Port,Jubail,Jeddah Islamic Port → Jubail,Flatbed,C044,1400,1000,false,false,false,true,Cancelled,SAR
H10-4,2026-09-04,Synthetic Customer 5,Ports,Jeddah Islamic Port,Jubail,Jeddah Islamic Port → Jubail,Flatbed,C041,1400,1000,true,true,false,false,,SAR
H10-5,2026-09-03,Synthetic Customer 6,Ports,Jeddah Islamic Port,Jubail,Jeddah Islamic Port → Jubail,Flatbed,C042,1400,1000,true,true,false,false,,SAR
H10-6,2026-09-02,Synthetic Customer 7,Ports,Jeddah Islamic Port,Jubail,Jeddah Islamic Port → Jubail,Flatbed,C043,1400,1000,true,true,false,false,,SAR
H10-7,2026-09-02,Synthetic Customer 1,Ports,Jeddah Islamic Port,Jubail,Jeddah Islamic Port → Jubail,Flatbed,C044,1400,1000,true,true,false,false,,SAR
H10-8,2026-09-01,Synthetic Customer 2,Ports,Jeddah Islamic Port,Jubail,Jeddah Islamic Port → Jubail,Flatbed,C041,1400,1000,true,true,true,false,,SAR
H10-9,2026-08-31,Synthetic Customer 3,Ports,Jeddah Islamic Port,Jubail,Jeddah Islamic Port → Jubail,Flatbed,C042,1400,1000,true,true,true,false,,SAR
H10-10,2026-08-31,Synthetic Customer 4,Ports,Jeddah Islamic Port,Jubail,Jeddah Islamic Port → Jubail,Flatbed,C043,1400,1000,true,true,true,false,,SAR
H10-11,2026-08-30,Synthetic Customer 5,Ports,Jeddah Islamic Port,Jubail,Jeddah Islamic Port → Jubail,Flatbed,C044,1400,1000,true,true,true,false,,SAR
H10-12,2026-08-29,Synthetic Customer 6,Ports,Jeddah Islamic Port,Jubail,Jeddah Islamic Port → Jubail,Flatbed,C041,1400,1000,true,true,true,false,,SAR
H10-13,2026-08-29,Synthetic Customer 7,Ports,Jeddah Islamic Port,Jubail,Jeddah Islamic Port → Jubail,Flatbed,C042,1400,1000,true,true,true,false,,SAR
H10-14,2026-08-28,Synthetic Customer 1,Ports,Jeddah Islamic Port,Jubail,Jeddah Islamic Port → Jubail,Flatbed,C043,1400,1000,true,true,true,false,,SAR
H10-15,2026-08-27,Synthetic Customer 2,Ports,Jeddah Islamic Port,Jubail,Jeddah Islamic Port → Jubail,Flatbed,C044,1400,1000,true,true,true,false,,SAR
H10-16,2026-08-27,Synthetic Customer 3,Ports,Jeddah Islamic Port,Jubail,Jeddah Islamic Port → Jubail,Flatbed,C041,1400,1000,true,true,true,false,,SAR
H10-17,2026-08-26,Synthetic Customer 4,Ports,Jeddah Islamic Port,Jubail,Jeddah Islamic Port → Jubail,Flatbed,C042,1400,1000,true,true,true,false,,SAR
H10-18,2026-08-25,Synthetic Customer 5,Ports,Jeddah Islamic Port,Jubail,Jeddah Islamic Port → Jubail,Flatbed,C043,1400,1000,true,true,true,false,,SAR
H10-19,2026-08-25,Synthetic Customer 6,Ports,Jeddah Islamic Port,Jubail,Jeddah Islamic Port → Jubail,Flatbed,C044,1400,1000,true,true,true,false,,SAR
H10-20,2026-08-24,Synthetic Customer 7,Ports,Jeddah Islamic Port,Jubail,Jeddah Islamic Port → Jubail,Flatbed,C041,1400,1000,true,true,true,false,,SAR
H10-21,2026-08-23,Synthetic Customer 1,Ports,Jeddah Islamic Port,Jubail,Jeddah Islamic Port → Jubail,Flatbed,C042,1400,1000,true,true,true,false,,SAR
H10-22,2026-08-23,Synthetic Customer 2,Ports,Jeddah Islamic Port,Jubail,Jeddah Islamic Port → Jubail,Flatbed,C043,1400,1000,true,true,true,false,,SAR
H10-23,2026-08-22,Synthetic Customer 3,Ports,Jeddah Islamic Port,Jubail,Jeddah Islamic Port → Jubail,Flatbed,C044,1400,1000,true,true,true,false,,SAR
H10-24,2026-08-21,Synthetic Customer 4,Ports,Jeddah Islamic Port,Jubail,Jeddah Islamic Port → Jubail,Flatbed,C041,1400,1000,true,true,true,false,,SAR
H10-25,2026-08-21,Synthetic Customer 5,Ports,Jeddah Islamic Port,Jubail,Jeddah Islamic Port → Jubail,Flatbed,C042,1400,1000,true,true,true,false,,SAR
H10-26,2026-08-20,Synthetic Customer 6,Ports,Jeddah Islamic Port,Jubail,Jeddah Islamic Port → Jubail,Flatbed,C043,1400,1000,true,true,true,false,,SAR
H10-27,2026-08-19,Synthetic Customer 7,Ports,Jeddah Islamic Port,Jubail,Jeddah Islamic Port → Jubail,Flatbed,C044,1400,1000,true,true,true,false,,SAR
H10-28,2026-08-19,Synthetic Customer 1,Ports,Jeddah Islamic Port,Jubail,Jeddah Islamic Port → Jubail,Flatbed,C041,1400,1000,true,true,true,false,,SAR
H10-29,2026-08-18,Synthetic Customer 2,Ports,Jeddah Islamic Port,Jubail,Jeddah Islamic Port → Jubail,Flatbed,C042,1400,1000,true,true,true,false,,SAR
H10-30,2026-08-17,Synthetic Customer 3,Ports,Jeddah Islamic Port,Jubail,Jeddah Islamic Port → Jubail,Flatbed,C043,1400,1000,true,true,true,false,,SAR
H10-31,2026-08-17,Synthetic Customer 4,Ports,Jeddah Islamic Port,Jubail,Jeddah Islamic Port → Jubail,Flatbed,C044,1400,1000,true,true,true,false,,SAR
H10-32,2026-08-16,Synthetic Customer 5,Ports,Jeddah Islamic Port,Jubail,Jeddah Islamic Port → Jubail,Flatbed,C041,1400,1000,true,true,true,false,,SAR
H10-33,2026-08-15,Synthetic Customer 6,Ports,Jeddah Islamic Port,Jubail,Jeddah Islamic Port → Jubail,Flatbed,C042,1400,1000,true,true,true,false,,SAR
H10-34,2026-08-15,Synthetic Customer 7,Ports,Jeddah Islamic Port,Jubail,Jeddah Islamic Port → Jubail,Flatbed,C043,1400,1000,true,true,true,false,,SAR
H10-35,2026-08-14,Synthetic Customer 1,Ports,Jeddah Islamic Port,Jubail,Jeddah Islamic Port → Jubail,Flatbed,C044,1400,1000,true,true,true,false,,SAR
H10-36,2026-08-13,Synthetic Customer 2,Ports,Jeddah Islamic Port,Jubail,Jeddah Islamic Port → Jubail,Flatbed,C041,1400,1000,true,true,true,false,,SAR
H10-37,2026-08-13,Synthetic Customer 3,Ports,Jeddah Islamic Port,Jubail,Jeddah Islamic Port → Jubail,Flatbed,C042,1400,1000,true,true,true,false,,SAR
H10-38,2026-08-12,Synthetic Customer 4,Ports,Jeddah Islamic Port,Jubail,Jeddah Islamic Port → Jubail,Flatbed,C043,1400,1000,true,true,true,false,,SAR
H10-39,2026-08-11,Synthetic Customer 5,Ports,Jeddah Islamic Port,Jubail,Jeddah Islamic Port → Jubail,Flatbed,C044,1400,1000,true,true,true,false,,SAR
H10-40,2026-08-11,Synthetic Customer 6,Ports,Jeddah Islamic Port,Jubail,Jeddah Islamic Port → Jubail,Flatbed,C041,1400,1000,true,true,true,false,,SAR
H10-41,2026-08-10,Synthetic Customer 7,Ports,Jeddah Islamic Port,Jubail,Jeddah Islamic Port → Jubail,Flatbed,C042,1400,1000,true,true,true,false,,SAR
H10-42,2026-08-09,Synthetic Customer 1,Ports,Jeddah Islamic Port,Jubail,Jeddah Islamic Port → Jubail,Flatbed,C043,1400,1000,true,true,true,false,,SAR
H10-43,2026-08-08,Synthetic Customer 2,Ports,Jeddah Islamic Port,Jubail,Jeddah Islamic Port → Jubail,Flatbed,C044,1400,1000,true,true,true,false,,SAR
H10-44,2026-08-08,Synthetic Customer 3,Ports,Jeddah Islamic Port,Jubail,Jeddah Islamic Port → Jubail,Flatbed,C041,1400,1000,true,true,true,false,,SAR
H10-45,2026-08-07,Synthetic Customer 4,Ports,Jeddah Islamic Port,Jubail,Jeddah Islamic Port → Jubail,Flatbed,C042,1400,1000,true,true,true,false,,SAR
H10-46,2026-08-06,Synthetic Customer 5,Ports,Jeddah Islamic Port,Jubail,Jeddah Islamic Port → Jubail,Flatbed,C043,1400,1000,true,true,true,false,,SAR
H10-47,2026-08-06,Synthetic Customer 6,Ports,Jeddah Islamic Port,Jubail,Jeddah Islamic Port → Jubail,Flatbed,C044,1400,1000,true,true,true,false,,SAR
H10-48,2026-08-05,Synthetic Customer 7,Ports,Jeddah Islamic Port,Jubail,Jeddah Islamic Port → Jubail,Flatbed,C041,1400,1000,true,true,true,false,,SAR
H10-49,2026-08-04,Synthetic Customer 1,Ports,Jeddah Islamic Port,Jubail,Jeddah Islamic Port → Jubail,Flatbed,C042,1400,1000,true,true,true,false,,SAR
H10-50,2026-08-04,Synthetic Customer 2,Ports,Jeddah Islamic Port,Jubail,Jeddah Islamic Port → Jubail,Flatbed,C043,1400,1000,true,true,true,false,,SAR
H10-51,2026-08-03,Synthetic Customer 3,Ports,Jeddah Islamic Port,Jubail,Jeddah Islamic Port → Jubail,Flatbed,C044,1400,1000,true,true,true,false,,SAR
H10-52,2026-08-02,Synthetic Customer 4,Ports,Jeddah Islamic Port,Jubail,Jeddah Islamic Port → Jubail,Flatbed,C041,1400,1000,true,true,true,false,,SAR
H10-53,2026-08-02,Synthetic Customer 5,Ports,Jeddah Islamic Port,Jubail,Jeddah Islamic Port → Jubail,Flatbed,C042,1400,1000,true,true,true,false,,SAR
H10-54,2026-08-01,Synthetic Customer 6,Ports,Jeddah Islamic Port,Jubail,Jeddah Islamic Port → Jubail,Flatbed,C043,1400,1000,true,true,true,false,,SAR
H10-55,2026-07-31,Synthetic Customer 7,Ports,Jeddah Islamic Port,Jubail,Jeddah Islamic Port → Jubail,Flatbed,C044,1400,1000,true,true,true,false,,SAR
H10-56,2026-07-31,Synthetic Customer 1,Ports,Jeddah Islamic Port,Jubail,Jeddah Islamic Port → Jubail,Flatbed,C041,1400,1000,true,true,true,false,,SAR
H10-57,2026-07-30,Synthetic Customer 2,Ports,Jeddah Islamic Port,Jubail,Jeddah Islamic Port → Jubail,Flatbed,C042,1400,1000,true,true,true,false,,SAR
H10-58,2026-07-29,Synthetic Customer 3,Ports,Jeddah Islamic Port,Jubail,Jeddah Islamic Port → Jubail,Flatbed,C043,1400,1000,true,true,true,false,,SAR
H10-59,2026-07-29,Synthetic Customer 4,Ports,Jeddah Islamic Port,Jubail,Jeddah Islamic Port → Jubail,Flatbed,C044,1400,1000,true,true,true,false,,SAR
H10-60,2026-07-28,Synthetic Customer 5,Ports,Jeddah Islamic Port,Jubail,Jeddah Islamic Port → Jubail,Flatbed,C041,1400,1000,true,true,true,false,,SAR
H10-61,2026-07-27,Synthetic Customer 6,Ports,Jeddah Islamic Port,Jubail,Jeddah Islamic Port → Jubail,Flatbed,C042,1400,1000,true,true,true,false,,SAR
H10-62,2026-07-27,Synthetic Customer 7,Ports,Jeddah Islamic Port,Jubail,Jeddah Islamic Port → Jubail,Flatbed,C043,1400,1000,true,true,true,false,,SAR
H10-63,2026-07-26,Synthetic Customer 1,Ports,Jeddah Islamic Port,Jubail,Jeddah Islamic Port → Jubail,Flatbed,C044,1400,1000,true,true,true,false,,SAR
H10-64,2026-07-25,Synthetic Customer 2,Ports,Jeddah Islamic Port,Jubail,Jeddah Islamic Port → Jubail,Flatbed,C041,1400,1000,true,true,true,false,,SAR
H10-65,2026-07-25,Synthetic Customer 3,Ports,Jeddah Islamic Port,Jubail,Jeddah Islamic Port → Jubail,Flatbed,C042,1400,1000,true,true,true,false,,SAR
H10-66,2026-07-24,Synthetic Customer 4,Ports,Jeddah Islamic Port,Jubail,Jeddah Islamic Port → Jubail,Flatbed,C043,1400,1000,true,true,true,false,,SAR
H10-67,2026-07-23,Synthetic Customer 5,Ports,Jeddah Islamic Port,Jubail,Jeddah Islamic Port → Jubail,Flatbed,C044,1400,1000,true,true,true,false,,SAR
H10-68,2026-07-23,Synthetic Customer 6,Ports,Jeddah Islamic Port,Jubail,Jeddah Islamic Port → Jubail,Flatbed,C041,1400,1000,true,true,true,false,,SAR
H10-69,2026-07-22,Synthetic Customer 7,Ports,Jeddah Islamic Port,Jubail,Jeddah Islamic Port → Jubail,Flatbed,C042,1400,1000,true,true,true,false,,SAR
H10-70,2026-07-21,Synthetic Customer 1,Ports,Jeddah Islamic Port,Jubail,Jeddah Islamic Port → Jubail,Flatbed,C043,1400,1000,true,true,true,false,,SAR
H10-71,2026-07-21,Synthetic Customer 2,Ports,Jeddah Islamic Port,Jubail,Jeddah Islamic Port → Jubail,Flatbed,C044,1400,1000,true,true,true,false,,SAR
H10-72,2026-07-20,Synthetic Customer 3,Ports,Jeddah Islamic Port,Jubail,Jeddah Islamic Port → Jubail,Flatbed,C041,1400,1000,true,true,true,false,,SAR
H10-73,2026-07-19,Synthetic Customer 4,Ports,Jeddah Islamic Port,Jubail,Jeddah Islamic Port → Jubail,Flatbed,C042,1400,1000,true,true,true,false,,SAR
H10-74,2026-07-19,Synthetic Customer 5,Ports,Jeddah Islamic Port,Jubail,Jeddah Islamic Port → Jubail,Flatbed,C043,1400,1000,true,true,true,false,,SAR
H10-75,2026-07-18,Synthetic Customer 6,Ports,Jeddah Islamic Port,Jubail,Jeddah Islamic Port → Jubail,Flatbed,C044,1400,1000,true,true,true,false,,SAR
H10-76,2026-07-17,Synthetic Customer 7,Ports,Jeddah Islamic Port,Jubail,Jeddah Islamic Port → Jubail,Flatbed,C041,1400,1000,true,true,true,false,,SAR
H10-77,2026-07-17,Synthetic Customer 1,Ports,Jeddah Islamic Port,Jubail,Jeddah Islamic Port → Jubail,Flatbed,C042,1400,1000,true,true,true,false,,SAR
H10-78,2026-07-16,Synthetic Customer 2,Ports,Jeddah Islamic Port,Jubail,Jeddah Islamic Port → Jubail,Flatbed,C043,1400,1000,true,true,true,false,,SAR
H10-79,2026-07-15,Synthetic Customer 3,Ports,Jeddah Islamic Port,Jubail,Jeddah Islamic Port → Jubail,Flatbed,C044,1400,1000,true,true,true,false,,SAR
H10-80,2026-07-15,Synthetic Customer 4,Ports,Jeddah Islamic Port,Jubail,Jeddah Islamic Port → Jubail,Flatbed,C041,1400,1000,true,true,true,false,,SAR
H10-81,2026-07-14,Synthetic Customer 5,Ports,Jeddah Islamic Port,Jubail,Jeddah Islamic Port → Jubail,Flatbed,C042,1400,1000,true,true,true,false,,SAR
H10-82,2026-07-13,Synthetic Customer 6,Ports,Jeddah Islamic Port,Jubail,Jeddah Islamic Port → Jubail,Flatbed,C043,1400,1000,true,true,true,false,,SAR
H10-83,2026-06-09,Synthetic Customer 7,Ports,Jeddah Islamic Port,Jubail,Jeddah Islamic Port → Jubail,Flatbed,C044,1400,1000,true,true,true,false,,SAR
H11-0,2026-09-06,Synthetic Customer 1,Projects,Tabuk,NEOM Region,Tabuk → NEOM Region,Lowbed,C045,1400,1000,false,false,false,true,Cancelled,SAR
H11-1,2026-09-06,Synthetic Customer 2,Projects,Tabuk,NEOM Region,Tabuk → NEOM Region,Lowbed,C046,1400,1000,false,false,false,true,Cancelled,SAR
H11-2,2026-09-05,Synthetic Customer 3,Projects,Tabuk,NEOM Region,Tabuk → NEOM Region,Lowbed,C047,1400,1000,false,false,false,true,Cancelled,SAR
H11-3,2026-09-04,Synthetic Customer 4,Projects,Tabuk,NEOM Region,Tabuk → NEOM Region,Lowbed,C048,1400,1000,false,false,false,true,Cancelled,SAR
H11-4,2026-09-04,Synthetic Customer 5,Projects,Tabuk,NEOM Region,Tabuk → NEOM Region,Lowbed,C045,1400,1000,true,true,false,false,,SAR
H11-5,2026-09-03,Synthetic Customer 6,Projects,Tabuk,NEOM Region,Tabuk → NEOM Region,Lowbed,C046,1400,1000,true,true,false,false,,SAR
H11-6,2026-09-02,Synthetic Customer 7,Projects,Tabuk,NEOM Region,Tabuk → NEOM Region,Lowbed,C047,1400,1000,true,true,false,false,,SAR
H11-7,2026-09-02,Synthetic Customer 1,Projects,Tabuk,NEOM Region,Tabuk → NEOM Region,Lowbed,C048,1400,1000,true,true,false,false,,SAR
H11-8,2026-09-01,Synthetic Customer 2,Projects,Tabuk,NEOM Region,Tabuk → NEOM Region,Lowbed,C045,1400,1000,true,true,true,false,,SAR
H11-9,2026-08-31,Synthetic Customer 3,Projects,Tabuk,NEOM Region,Tabuk → NEOM Region,Lowbed,C046,1400,1000,true,true,true,false,,SAR
H11-10,2026-08-31,Synthetic Customer 4,Projects,Tabuk,NEOM Region,Tabuk → NEOM Region,Lowbed,C047,1400,1000,true,true,true,false,,SAR
H11-11,2026-08-30,Synthetic Customer 5,Projects,Tabuk,NEOM Region,Tabuk → NEOM Region,Lowbed,C048,1400,1000,true,true,true,false,,SAR
H11-12,2026-08-29,Synthetic Customer 6,Projects,Tabuk,NEOM Region,Tabuk → NEOM Region,Lowbed,C045,1400,1000,true,true,true,false,,SAR
H11-13,2026-08-29,Synthetic Customer 7,Projects,Tabuk,NEOM Region,Tabuk → NEOM Region,Lowbed,C046,1400,1000,true,true,true,false,,SAR
H11-14,2026-08-28,Synthetic Customer 1,Projects,Tabuk,NEOM Region,Tabuk → NEOM Region,Lowbed,C047,1400,1000,true,true,true,false,,SAR
H11-15,2026-08-27,Synthetic Customer 2,Projects,Tabuk,NEOM Region,Tabuk → NEOM Region,Lowbed,C048,1400,1000,true,true,true,false,,SAR
H11-16,2026-08-27,Synthetic Customer 3,Projects,Tabuk,NEOM Region,Tabuk → NEOM Region,Lowbed,C045,1400,1000,true,true,true,false,,SAR
H11-17,2026-08-26,Synthetic Customer 4,Projects,Tabuk,NEOM Region,Tabuk → NEOM Region,Lowbed,C046,1400,1000,true,true,true,false,,SAR
H11-18,2026-08-25,Synthetic Customer 5,Projects,Tabuk,NEOM Region,Tabuk → NEOM Region,Lowbed,C047,1400,1000,true,true,true,false,,SAR
H11-19,2026-08-25,Synthetic Customer 6,Projects,Tabuk,NEOM Region,Tabuk → NEOM Region,Lowbed,C048,1400,1000,true,true,true,false,,SAR
H11-20,2026-08-24,Synthetic Customer 7,Projects,Tabuk,NEOM Region,Tabuk → NEOM Region,Lowbed,C045,1400,1000,true,true,true,false,,SAR
H11-21,2026-08-23,Synthetic Customer 1,Projects,Tabuk,NEOM Region,Tabuk → NEOM Region,Lowbed,C046,1400,1000,true,true,true,false,,SAR
H11-22,2026-08-23,Synthetic Customer 2,Projects,Tabuk,NEOM Region,Tabuk → NEOM Region,Lowbed,C047,1400,1000,true,true,true,false,,SAR
H11-23,2026-08-22,Synthetic Customer 3,Projects,Tabuk,NEOM Region,Tabuk → NEOM Region,Lowbed,C048,1400,1000,true,true,true,false,,SAR
H11-24,2026-08-21,Synthetic Customer 4,Projects,Tabuk,NEOM Region,Tabuk → NEOM Region,Lowbed,C045,1400,1000,true,true,true,false,,SAR
H11-25,2026-08-21,Synthetic Customer 5,Projects,Tabuk,NEOM Region,Tabuk → NEOM Region,Lowbed,C046,1400,1000,true,true,true,false,,SAR
H11-26,2026-08-20,Synthetic Customer 6,Projects,Tabuk,NEOM Region,Tabuk → NEOM Region,Lowbed,C047,1400,1000,true,true,true,false,,SAR
H11-27,2026-08-19,Synthetic Customer 7,Projects,Tabuk,NEOM Region,Tabuk → NEOM Region,Lowbed,C048,1400,1000,true,true,true,false,,SAR
H11-28,2026-08-19,Synthetic Customer 1,Projects,Tabuk,NEOM Region,Tabuk → NEOM Region,Lowbed,C045,1400,1000,true,true,true,false,,SAR
H11-29,2026-08-18,Synthetic Customer 2,Projects,Tabuk,NEOM Region,Tabuk → NEOM Region,Lowbed,C046,1400,1000,true,true,true,false,,SAR
H11-30,2026-08-17,Synthetic Customer 3,Projects,Tabuk,NEOM Region,Tabuk → NEOM Region,Lowbed,C047,1400,1000,true,true,true,false,,SAR
H11-31,2026-08-17,Synthetic Customer 4,Projects,Tabuk,NEOM Region,Tabuk → NEOM Region,Lowbed,C048,1400,1000,true,true,true,false,,SAR
H11-32,2026-08-16,Synthetic Customer 5,Projects,Tabuk,NEOM Region,Tabuk → NEOM Region,Lowbed,C045,1400,1000,true,true,true,false,,SAR
H11-33,2026-08-15,Synthetic Customer 6,Projects,Tabuk,NEOM Region,Tabuk → NEOM Region,Lowbed,C046,1400,1000,true,true,true,false,,SAR
H11-34,2026-08-15,Synthetic Customer 7,Projects,Tabuk,NEOM Region,Tabuk → NEOM Region,Lowbed,C047,1400,1000,true,true,true,false,,SAR
H11-35,2026-08-14,Synthetic Customer 1,Projects,Tabuk,NEOM Region,Tabuk → NEOM Region,Lowbed,C048,1400,1000,true,true,true,false,,SAR
H11-36,2026-08-13,Synthetic Customer 2,Projects,Tabuk,NEOM Region,Tabuk → NEOM Region,Lowbed,C045,1400,1000,true,true,true,false,,SAR
H11-37,2026-08-13,Synthetic Customer 3,Projects,Tabuk,NEOM Region,Tabuk → NEOM Region,Lowbed,C046,1400,1000,true,true,true,false,,SAR
H11-38,2026-08-12,Synthetic Customer 4,Projects,Tabuk,NEOM Region,Tabuk → NEOM Region,Lowbed,C047,1400,1000,true,true,true,false,,SAR
H11-39,2026-08-11,Synthetic Customer 5,Projects,Tabuk,NEOM Region,Tabuk → NEOM Region,Lowbed,C048,1400,1000,true,true,true,false,,SAR
H11-40,2026-08-11,Synthetic Customer 6,Projects,Tabuk,NEOM Region,Tabuk → NEOM Region,Lowbed,C045,1400,1000,true,true,true,false,,SAR
H11-41,2026-08-10,Synthetic Customer 7,Projects,Tabuk,NEOM Region,Tabuk → NEOM Region,Lowbed,C046,1400,1000,true,true,true,false,,SAR
H11-42,2026-08-09,Synthetic Customer 1,Projects,Tabuk,NEOM Region,Tabuk → NEOM Region,Lowbed,C047,1400,1000,true,true,true,false,,SAR
H11-43,2026-08-08,Synthetic Customer 2,Projects,Tabuk,NEOM Region,Tabuk → NEOM Region,Lowbed,C048,1400,1000,true,true,true,false,,SAR
H11-44,2026-08-08,Synthetic Customer 3,Projects,Tabuk,NEOM Region,Tabuk → NEOM Region,Lowbed,C045,1400,1000,true,true,true,false,,SAR
H11-45,2026-08-07,Synthetic Customer 4,Projects,Tabuk,NEOM Region,Tabuk → NEOM Region,Lowbed,C046,1400,1000,true,true,true,false,,SAR
H11-46,2026-08-06,Synthetic Customer 5,Projects,Tabuk,NEOM Region,Tabuk → NEOM Region,Lowbed,C047,1400,1000,true,true,true,false,,SAR
H11-47,2026-08-06,Synthetic Customer 6,Projects,Tabuk,NEOM Region,Tabuk → NEOM Region,Lowbed,C048,1400,1000,true,true,true,false,,SAR
H11-48,2026-08-05,Synthetic Customer 7,Projects,Tabuk,NEOM Region,Tabuk → NEOM Region,Lowbed,C045,1400,1000,true,true,true,false,,SAR
H11-49,2026-08-04,Synthetic Customer 1,Projects,Tabuk,NEOM Region,Tabuk → NEOM Region,Lowbed,C046,1400,1000,true,true,true,false,,SAR
H11-50,2026-08-04,Synthetic Customer 2,Projects,Tabuk,NEOM Region,Tabuk → NEOM Region,Lowbed,C047,1400,1000,true,true,true,false,,SAR
H11-51,2026-08-03,Synthetic Customer 3,Projects,Tabuk,NEOM Region,Tabuk → NEOM Region,Lowbed,C048,1400,1000,true,true,true,false,,SAR
H11-52,2026-08-02,Synthetic Customer 4,Projects,Tabuk,NEOM Region,Tabuk → NEOM Region,Lowbed,C045,1400,1000,true,true,true,false,,SAR
H11-53,2026-08-02,Synthetic Customer 5,Projects,Tabuk,NEOM Region,Tabuk → NEOM Region,Lowbed,C046,1400,1000,true,true,true,false,,SAR
H11-54,2026-08-01,Synthetic Customer 6,Projects,Tabuk,NEOM Region,Tabuk → NEOM Region,Lowbed,C047,1400,1000,true,true,true,false,,SAR
H11-55,2026-07-31,Synthetic Customer 7,Projects,Tabuk,NEOM Region,Tabuk → NEOM Region,Lowbed,C048,1400,1000,true,true,true,false,,SAR
H11-56,2026-07-31,Synthetic Customer 1,Projects,Tabuk,NEOM Region,Tabuk → NEOM Region,Lowbed,C045,1400,1000,true,true,true,false,,SAR
H11-57,2026-07-30,Synthetic Customer 2,Projects,Tabuk,NEOM Region,Tabuk → NEOM Region,Lowbed,C046,1400,1000,true,true,true,false,,SAR
H11-58,2026-07-29,Synthetic Customer 3,Projects,Tabuk,NEOM Region,Tabuk → NEOM Region,Lowbed,C047,1400,1000,true,true,true,false,,SAR
H11-59,2026-07-29,Synthetic Customer 4,Projects,Tabuk,NEOM Region,Tabuk → NEOM Region,Lowbed,C048,1400,1000,true,true,true,false,,SAR
H11-60,2026-07-28,Synthetic Customer 5,Projects,Tabuk,NEOM Region,Tabuk → NEOM Region,Lowbed,C045,1400,1000,true,true,true,false,,SAR
H11-61,2026-07-27,Synthetic Customer 6,Projects,Tabuk,NEOM Region,Tabuk → NEOM Region,Lowbed,C046,1400,1000,true,true,true,false,,SAR
H11-62,2026-07-27,Synthetic Customer 7,Projects,Tabuk,NEOM Region,Tabuk → NEOM Region,Lowbed,C047,1400,1000,true,true,true,false,,SAR
H11-63,2026-07-26,Synthetic Customer 1,Projects,Tabuk,NEOM Region,Tabuk → NEOM Region,Lowbed,C048,1400,1000,true,true,true,false,,SAR
H11-64,2026-07-25,Synthetic Customer 2,Projects,Tabuk,NEOM Region,Tabuk → NEOM Region,Lowbed,C045,1400,1000,true,true,true,false,,SAR
H11-65,2026-07-25,Synthetic Customer 3,Projects,Tabuk,NEOM Region,Tabuk → NEOM Region,Lowbed,C046,1400,1000,true,true,true,false,,SAR
H11-66,2026-07-24,Synthetic Customer 4,Projects,Tabuk,NEOM Region,Tabuk → NEOM Region,Lowbed,C047,1400,1000,true,true,true,false,,SAR
H11-67,2026-07-23,Synthetic Customer 5,Projects,Tabuk,NEOM Region,Tabuk → NEOM Region,Lowbed,C048,1400,1000,true,true,true,false,,SAR
H11-68,2026-07-23,Synthetic Customer 6,Projects,Tabuk,NEOM Region,Tabuk → NEOM Region,Lowbed,C045,1400,1000,true,true,true,false,,SAR
H11-69,2026-07-22,Synthetic Customer 7,Projects,Tabuk,NEOM Region,Tabuk → NEOM Region,Lowbed,C046,1400,1000,true,true,true,false,,SAR
H11-70,2026-07-21,Synthetic Customer 1,Projects,Tabuk,NEOM Region,Tabuk → NEOM Region,Lowbed,C047,1400,1000,true,true,true,false,,SAR
H11-71,2026-07-21,Synthetic Customer 2,Projects,Tabuk,NEOM Region,Tabuk → NEOM Region,Lowbed,C048,1400,1000,true,true,true,false,,SAR
H11-72,2026-07-20,Synthetic Customer 3,Projects,Tabuk,NEOM Region,Tabuk → NEOM Region,Lowbed,C045,1400,1000,true,true,true,false,,SAR
H11-73,2026-07-19,Synthetic Customer 4,Projects,Tabuk,NEOM Region,Tabuk → NEOM Region,Lowbed,C046,1400,1000,true,true,true,false,,SAR
H11-74,2026-07-19,Synthetic Customer 5,Projects,Tabuk,NEOM Region,Tabuk → NEOM Region,Lowbed,C047,1400,1000,true,true,true,false,,SAR
H11-75,2026-07-18,Synthetic Customer 6,Projects,Tabuk,NEOM Region,Tabuk → NEOM Region,Lowbed,C048,1400,1000,true,true,true,false,,SAR
H11-76,2026-07-17,Synthetic Customer 7,Projects,Tabuk,NEOM Region,Tabuk → NEOM Region,Lowbed,C045,1400,1000,true,true,true,false,,SAR
H11-77,2026-07-17,Synthetic Customer 1,Projects,Tabuk,NEOM Region,Tabuk → NEOM Region,Lowbed,C046,1400,1000,true,true,true,false,,SAR
H11-78,2026-07-16,Synthetic Customer 2,Projects,Tabuk,NEOM Region,Tabuk → NEOM Region,Lowbed,C047,1400,1000,true,true,true,false,,SAR
H11-79,2026-07-15,Synthetic Customer 3,Projects,Tabuk,NEOM Region,Tabuk → NEOM Region,Lowbed,C048,1400,1000,true,true,true,false,,SAR
H11-80,2026-07-15,Synthetic Customer 4,Projects,Tabuk,NEOM Region,Tabuk → NEOM Region,Lowbed,C045,1400,1000,true,true,true,false,,SAR
H11-81,2026-07-14,Synthetic Customer 5,Projects,Tabuk,NEOM Region,Tabuk → NEOM Region,Lowbed,C046,1400,1000,true,true,true,false,,SAR
H11-82,2026-07-13,Synthetic Customer 6,Projects,Tabuk,NEOM Region,Tabuk → NEOM Region,Lowbed,C047,1400,1000,true,true,true,false,,SAR
H11-83,2026-06-09,Synthetic Customer 7,Projects,Tabuk,NEOM Region,Tabuk → NEOM Region,Lowbed,C048,1400,1000,true,true,true,false,,SAR
